2026-01-24 01:33:08 - hirelens - INFO - routes.py:39 - Uploading resume: Sharon_Ponsily_C_Resume.pdf
2026-01-24 01:33:08 - hirelens - INFO - routes.py:55 - File saved to C:\Users\sharo\HireLens\uploads\Sharon_Ponsily_C_Resume.pdf
2026-01-24 01:33:08 - hirelens - INFO - resume_parser.py:348 - Parsing resume: C:\Users\sharo\HireLens\uploads\Sharon_Ponsily_C_Resume.pdf
2026-01-24 01:33:11 - hirelens - INFO - resume_parser.py:379 - Resume parsed successfully. Found 14 skills, 0 education entries, 1 experience entries
2026-01-24 01:33:11 - hirelens - INFO - resume_parser.py:401 - Resume saved to C:\Users\sharo\HireLens\data\parsed_resumes.json
2026-01-24 01:33:35 - hirelens - INFO - routes.py:39 - Uploading resume: Sharon_Ponsily_C_Resume.pdf
2026-01-24 01:33:35 - hirelens - INFO - routes.py:55 - File saved to C:\Users\sharo\HireLens\uploads\Sharon_Ponsily_C_Resume.pdf
2026-01-24 01:33:35 - hirelens - INFO - resume_parser.py:348 - Parsing resume: C:\Users\sharo\HireLens\uploads\Sharon_Ponsily_C_Resume.pdf
2026-01-24 01:33:35 - hirelens - INFO - resume_parser.py:379 - Resume parsed successfully. Found 14 skills, 0 education entries, 1 experience entries
2026-01-24 01:33:35 - hirelens - INFO - resume_parser.py:401 - Resume saved to C:\Users\sharo\HireLens\data\parsed_resumes.json
2026-01-24 01:36:20 - hirelens - INFO - routes.py:39 - Uploading resume: Sharon_Ponsily_C_Resume.pdf
2026-01-24 01:36:20 - hirelens - INFO - routes.py:55 - File saved to C:\Users\sharo\HireLens\uploads\Sharon_Ponsily_C_Resume.pdf
2026-01-24 01:36:20 - hirelens - INFO - resume_parser.py:348 - Parsing resume: C:\Users\sharo\HireLens\uploads\Sharon_Ponsily_C_Resume.pdf
2026-01-24 01:36:21 - hirelens - INFO - resume_parser.py:379 - Resume parsed successfully. Found 14 skills, 0 education entries, 1 experience entries
2026-01-24 01:36:21 - hirelens - INFO - resume_parser.py:401 - Resume saved to C:\Users\sharo\HireLens\data\parsed_resumes.json
2026-01-24 01:37:38 - hirelens - INFO - routes.py:39 - Uploading resume: Sharon_Ponsily_C_Resume.pdf
2026-01-24 01:37:38 - hirelens - INFO - routes.py:55 - File saved to C:\Users\sharo\HireLens\uploads\Sharon_Ponsily_C_Resume.pdf
2026-01-24 01:37:38 - hirelens - INFO - resume_parser.py:348 - Parsing resume: C:\Users\sharo\HireLens\uploads\Sharon_Ponsily_C_Resume.pdf
2026-01-24 01:37:38 - hirelens - INFO - resume_parser.py:379 - Resume parsed successfully. Found 14 skills, 0 education entries, 1 experience entries
2026-01-24 01:37:38 - hirelens - INFO - resume_parser.py:401 - Resume saved to C:\Users\sharo\HireLens\data\parsed_resumes.json
2026-01-24 01:41:07 - hirelens - INFO - routes.py:39 - Uploading resume: Sharon_Ponsily_C_Resume.pdf
2026-01-24 01:41:07 - hirelens - INFO - routes.py:55 - File saved to C:\Users\sharo\HireLens\uploads\Sharon_Ponsily_C_Resume.pdf
2026-01-24 01:41:07 - hirelens - INFO - resume_parser.py:348 - Parsing resume: C:\Users\sharo\HireLens\uploads\Sharon_Ponsily_C_Resume.pdf
2026-01-24 01:41:07 - hirelens - INFO - resume_parser.py:379 - Resume parsed successfully. Found 14 skills, 0 education entries, 1 experience entries
2026-01-24 01:41:07 - hirelens - INFO - resume_parser.py:401 - Resume saved to C:\Users\sharo\HireLens\data\parsed_resumes.json
2026-01-24 01:41:32 - hirelens - INFO - routes.py:39 - Uploading resume: Sharon_Ponsily_C_Resume.pdf
2026-01-24 01:41:32 - hirelens - INFO - routes.py:55 - File saved to C:\Users\sharo\HireLens\uploads\Sharon_Ponsily_C_Resume.pdf
2026-01-24 01:41:32 - hirelens - INFO - resume_parser.py:348 - Parsing resume: C:\Users\sharo\HireLens\uploads\Sharon_Ponsily_C_Resume.pdf
2026-01-24 01:41:33 - hirelens - INFO - resume_parser.py:379 - Resume parsed successfully. Found 14 skills, 0 education entries, 1 experience entries
2026-01-24 01:41:33 - hirelens - INFO - resume_parser.py:401 - Resume saved to C:\Users\sharo\HireLens\data\parsed_resumes.json
2026-01-24 01:41:46 - hirelens - INFO - routes.py:39 - Uploading resume: Sharon_Ponsily_C_Resume.pdf
2026-01-24 01:41:46 - hirelens - INFO - routes.py:55 - File saved to C:\Users\sharo\HireLens\uploads\Sharon_Ponsily_C_Resume.pdf
2026-01-24 01:41:46 - hirelens - INFO - resume_parser.py:348 - Parsing resume: C:\Users\sharo\HireLens\uploads\Sharon_Ponsily_C_Resume.pdf
2026-01-24 01:41:46 - hirelens - INFO - resume_parser.py:379 - Resume parsed successfully. Found 14 skills, 0 education entries, 1 experience entries
2026-01-24 01:41:46 - hirelens - INFO - resume_parser.py:401 - Resume saved to C:\Users\sharo\HireLens\data\parsed_resumes.json
2026-01-24 01:43:37 - hirelens - INFO - routes.py:39 - Uploading resume: Sharon_Ponsily_C_Resume.pdf
2026-01-24 01:43:37 - hirelens - INFO - routes.py:55 - File saved to C:\Users\sharo\HireLens\uploads\Sharon_Ponsily_C_Resume.pdf
2026-01-24 01:43:37 - hirelens - INFO - resume_parser.py:348 - Parsing resume: C:\Users\sharo\HireLens\uploads\Sharon_Ponsily_C_Resume.pdf
2026-01-24 01:43:37 - hirelens - INFO - resume_parser.py:379 - Resume parsed successfully. Found 14 skills, 0 education entries, 1 experience entries
2026-01-24 01:43:37 - hirelens - INFO - resume_parser.py:401 - Resume saved to C:\Users\sharo\HireLens\data\parsed_resumes.json
2026-01-24 01:45:03 - hirelens - INFO - routes.py:39 - Uploading resume: Sharon_Ponsily_C_Resume.pdf
2026-01-24 01:45:03 - hirelens - INFO - routes.py:55 - File saved to C:\Users\sharo\HireLens\uploads\Sharon_Ponsily_C_Resume.pdf
2026-01-24 01:45:03 - hirelens - INFO - resume_parser.py:348 - Parsing resume: C:\Users\sharo\HireLens\uploads\Sharon_Ponsily_C_Resume.pdf
2026-01-24 01:45:04 - hirelens - INFO - resume_parser.py:379 - Resume parsed successfully. Found 14 skills, 0 education entries, 1 experience entries
2026-01-24 01:45:04 - hirelens - INFO - resume_parser.py:401 - Resume saved to C:\Users\sharo\HireLens\data\parsed_resumes.json
2026-01-24 01:45:12 - hirelens - INFO - routes.py:39 - Uploading resume: Sharon_Ponsily_C_Resume.pdf
2026-01-24 01:45:12 - hirelens - INFO - routes.py:55 - File saved to C:\Users\sharo\HireLens\uploads\Sharon_Ponsily_C_Resume.pdf
2026-01-24 01:45:12 - hirelens - INFO - resume_parser.py:348 - Parsing resume: C:\Users\sharo\HireLens\uploads\Sharon_Ponsily_C_Resume.pdf
2026-01-24 01:45:12 - hirelens - INFO - resume_parser.py:379 - Resume parsed successfully. Found 14 skills, 0 education entries, 1 experience entries
2026-01-24 01:45:12 - hirelens - INFO - resume_parser.py:401 - Resume saved to C:\Users\sharo\HireLens\data\parsed_resumes.json
2026-01-24 01:45:38 - hirelens - INFO - routes.py:39 - Uploading resume: Sharon_Ponsily_C_Resume.pdf
2026-01-24 01:45:38 - hirelens - INFO - routes.py:55 - File saved to C:\Users\sharo\HireLens\uploads\Sharon_Ponsily_C_Resume.pdf
2026-01-24 01:45:38 - hirelens - INFO - resume_parser.py:348 - Parsing resume: C:\Users\sharo\HireLens\uploads\Sharon_Ponsily_C_Resume.pdf
2026-01-24 01:45:39 - hirelens - INFO - resume_parser.py:379 - Resume parsed successfully. Found 14 skills, 0 education entries, 1 experience entries
2026-01-24 01:45:39 - hirelens - INFO - resume_parser.py:401 - Resume saved to C:\Users\sharo\HireLens\data\parsed_resumes.json
2026-01-24 01:48:25 - hirelens - INFO - routes.py:39 - Uploading resume: Sharon_Ponsily_C_Resume.pdf
2026-01-24 01:48:25 - hirelens - INFO - routes.py:55 - File saved to C:\Users\sharo\HireLens\uploads\Sharon_Ponsily_C_Resume.pdf
2026-01-24 01:48:25 - hirelens - INFO - resume_parser.py:348 - Parsing resume: C:\Users\sharo\HireLens\uploads\Sharon_Ponsily_C_Resume.pdf
2026-01-24 01:48:26 - hirelens - INFO - resume_parser.py:379 - Resume parsed successfully. Found 14 skills, 0 education entries, 1 experience entries
2026-01-24 01:48:26 - hirelens - INFO - resume_parser.py:401 - Resume saved to C:\Users\sharo\HireLens\data\parsed_resumes.json
2026-01-24 01:49:21 - hirelens - INFO - routes.py:39 - Uploading resume: Sharon_Ponsily_C_Resume.pdf
2026-01-24 01:49:21 - hirelens - INFO - routes.py:55 - File saved to C:\Users\sharo\HireLens\uploads\Sharon_Ponsily_C_Resume.pdf
2026-01-24 01:49:21 - hirelens - INFO - resume_parser.py:348 - Parsing resume: C:\Users\sharo\HireLens\uploads\Sharon_Ponsily_C_Resume.pdf
2026-01-24 01:49:21 - hirelens - INFO - resume_parser.py:379 - Resume parsed successfully. Found 14 skills, 0 education entries, 1 experience entries
2026-01-24 01:49:21 - hirelens - INFO - resume_parser.py:401 - Resume saved to C:\Users\sharo\HireLens\data\parsed_resumes.json
2026-01-24 01:49:54 - hirelens - INFO - routes.py:39 - Uploading resume: Sharon_Ponsily_C_Resume.pdf
2026-01-24 01:49:54 - hirelens - INFO - routes.py:55 - File saved to C:\Users\sharo\HireLens\uploads\Sharon_Ponsily_C_Resume.pdf
2026-01-24 01:49:54 - hirelens - INFO - resume_parser.py:348 - Parsing resume: C:\Users\sharo\HireLens\uploads\Sharon_Ponsily_C_Resume.pdf
2026-01-24 01:49:55 - hirelens - INFO - resume_parser.py:379 - Resume parsed successfully. Found 14 skills, 0 education entries, 1 experience entries
2026-01-24 01:49:55 - hirelens - INFO - resume_parser.py:401 - Resume saved to C:\Users\sharo\HireLens\data\parsed_resumes.json
2026-01-24 01:50:17 - hirelens - INFO - routes.py:39 - Uploading resume: Sharon_Ponsily_C_Resume.pdf
2026-01-24 01:50:17 - hirelens - INFO - routes.py:55 - File saved to C:\Users\sharo\HireLens\uploads\Sharon_Ponsily_C_Resume.pdf
2026-01-24 01:50:17 - hirelens - INFO - resume_parser.py:348 - Parsing resume: C:\Users\sharo\HireLens\uploads\Sharon_Ponsily_C_Resume.pdf
2026-01-24 01:50:17 - hirelens - INFO - resume_parser.py:379 - Resume parsed successfully. Found 14 skills, 0 education entries, 1 experience entries
2026-01-24 01:50:17 - hirelens - INFO - resume_parser.py:401 - Resume saved to C:\Users\sharo\HireLens\data\parsed_resumes.json
2026-01-24 01:53:51 - hirelens - INFO - routes.py:39 - Uploading resume: Sharon_Ponsily_C_Resume.pdf
2026-01-24 01:53:51 - hirelens - INFO - routes.py:55 - File saved to C:\Users\sharo\HireLens\uploads\Sharon_Ponsily_C_Resume.pdf
2026-01-24 01:53:51 - hirelens - INFO - resume_parser.py:348 - Parsing resume: C:\Users\sharo\HireLens\uploads\Sharon_Ponsily_C_Resume.pdf
2026-01-24 01:53:51 - hirelens - INFO - resume_parser.py:379 - Resume parsed successfully. Found 14 skills, 0 education entries, 1 experience entries
2026-01-24 01:53:51 - hirelens - INFO - resume_parser.py:401 - Resume saved to C:\Users\sharo\HireLens\data\parsed_resumes.json
2026-01-24 01:53:51 - hirelens - INFO - routes.py:87 - Starting evaluation pipeline
2026-01-24 01:53:51 - hirelens - INFO - routes.py:92 - Parsing resume from file
2026-01-24 01:53:51 - hirelens - INFO - resume_parser.py:348 - Parsing resume: uploads/Sharon_Ponsily_C_Resume.pdf
2026-01-24 01:53:51 - hirelens - INFO - resume_parser.py:379 - Resume parsed successfully. Found 14 skills, 0 education entries, 1 experience entries
2026-01-24 01:53:52 - hirelens - INFO - resume_parser.py:401 - Resume saved to C:\Users\sharo\HireLens\data\parsed_resumes.json
2026-01-24 01:53:52 - hirelens - INFO - routes.py:116 - Analyzing job description
2026-01-24 01:53:52 - hirelens - INFO - job_analyzer.py:246 - Analyzing job description...
2026-01-24 01:53:52 - hirelens - INFO - job_analyzer.py:270 - Job description analyzed. Found 0 required skills, 0 preferred skills
2026-01-24 01:53:52 - hirelens - INFO - job_analyzer.py:291 - Job description saved to C:\Users\sharo\HireLens\data\job_descriptions.json
2026-01-24 01:53:52 - hirelens - INFO - routes.py:121 - Performing hybrid evaluation
2026-01-24 01:53:52 - hirelens - INFO - evaluation_engine.py:257 - Evaluating resume 10da7932-441b-4047-939f-79a7f36ed413 against job f048bda5-391d-4d83-a910-9d190fbe93d0
2026-01-24 01:53:52 - hirelens - INFO - evaluation_engine.py:267 - Calculating TF-IDF similarity...
2026-01-24 01:53:52 - hirelens - INFO - evaluation_engine.py:269 - TF-IDF score: 0.192
2026-01-24 01:53:52 - hirelens - INFO - evaluation_engine.py:271 - Calculating fuzzy skill match...
2026-01-24 01:53:52 - hirelens - INFO - evaluation_engine.py:273 - Fuzzy match score: 0.000
2026-01-24 01:53:52 - hirelens - INFO - evaluation_engine.py:275 - Calculating embedding similarity...
2026-01-24 01:53:58 - hirelens - INFO - evaluation_engine.py:277 - Embedding score: 0.577
2026-01-24 01:53:58 - hirelens - INFO - evaluation_engine.py:281 - Hybrid score: 28.82
2026-01-24 01:53:58 - hirelens - INFO - evaluation_engine.py:285 - Classification: Low
2026-01-24 01:53:58 - hirelens - INFO - evaluation_engine.py:304 - Evaluation complete. Matched: 0, Missing: 0
2026-01-24 01:53:58 - hirelens - INFO - evaluation_engine.py:324 - Evaluation saved to C:\Users\sharo\HireLens\data\evaluations.json
2026-01-24 01:53:58 - hirelens - INFO - routes.py:126 - Analyzing skill gaps
2026-01-24 01:53:58 - hirelens - INFO - skill_gap_analyzer.py:172 - Analyzing skill gaps for resume 10da7932-441b-4047-939f-79a7f36ed413
2026-01-24 01:53:58 - hirelens - INFO - skill_gap_analyzer.py:205 - Skill gap analysis complete. Critical gaps: 0, Moderate gaps: 0, Weak areas: 0
2026-01-24 01:53:58 - hirelens - INFO - skill_gap_analyzer.py:228 - Skill gaps saved to C:\Users\sharo\HireLens\data\skill_gaps.json
2026-01-24 01:53:58 - hirelens - INFO - routes.py:131 - Generating course recommendations
2026-01-24 01:53:58 - hirelens - INFO - course_recommender.py:34 - Loaded courses for 31 skills
2026-01-24 01:53:58 - hirelens - INFO - course_recommender.py:110 - Generating course recommendations for gap f91ed5ec-016e-48f0-b0a3-dc07dad0709b
2026-01-24 01:53:58 - hirelens - INFO - course_recommender.py:149 - Generated recommendations for 0 skills
2026-01-24 01:53:58 - hirelens - INFO - course_recommender.py:172 - Recommendations saved to C:\Users\sharo\HireLens\data\recommendations.json
2026-01-24 01:53:58 - hirelens - INFO - routes.py:143 - Generating feedback
2026-01-24 01:53:58 - hirelens - INFO - feedback_generator.py:286 - Generating feedback for evaluation eaad6473-a16d-482e-9e5c-68343a783cc7
2026-01-24 01:53:58 - hirelens - INFO - feedback_generator.py:305 - Feedback generated successfully
2026-01-24 01:53:58 - hirelens - INFO - feedback_generator.py:325 - Feedback saved to C:\Users\sharo\HireLens\data\feedback.json
2026-01-24 01:53:58 - hirelens - INFO - routes.py:157 - Evaluation complete: eaad6473-a16d-482e-9e5c-68343a783cc7
2026-01-24 01:59:24 - hirelens - INFO - routes.py:39 - Uploading resume: Sharon_Ponsily_C_Resume.pdf
2026-01-24 01:59:24 - hirelens - INFO - routes.py:55 - File saved to C:\Users\sharo\HireLens\uploads\Sharon_Ponsily_C_Resume.pdf
2026-01-24 01:59:24 - hirelens - INFO - resume_parser.py:348 - Parsing resume: C:\Users\sharo\HireLens\uploads\Sharon_Ponsily_C_Resume.pdf
2026-01-24 01:59:24 - hirelens - INFO - resume_parser.py:379 - Resume parsed successfully. Found 14 skills, 0 education entries, 1 experience entries
2026-01-24 01:59:24 - hirelens - INFO - resume_parser.py:401 - Resume saved to C:\Users\sharo\HireLens\data\parsed_resumes.json
2026-01-24 01:59:51 - hirelens - INFO - routes.py:87 - Starting evaluation pipeline
2026-01-24 01:59:51 - hirelens - INFO - routes.py:92 - Parsing resume from file
2026-01-24 01:59:51 - hirelens - INFO - resume_parser.py:348 - Parsing resume: uploads/Sharon_Ponsily_C_Resume.pdf
2026-01-24 01:59:52 - hirelens - INFO - resume_parser.py:379 - Resume parsed successfully. Found 14 skills, 0 education entries, 1 experience entries
2026-01-24 01:59:52 - hirelens - INFO - resume_parser.py:401 - Resume saved to C:\Users\sharo\HireLens\data\parsed_resumes.json
2026-01-24 01:59:52 - hirelens - INFO - routes.py:116 - Analyzing job description
2026-01-24 01:59:52 - hirelens - INFO - job_analyzer.py:246 - Analyzing job description...
2026-01-24 01:59:52 - hirelens - INFO - job_analyzer.py:270 - Job description analyzed. Found 0 required skills, 0 preferred skills
2026-01-24 01:59:52 - hirelens - INFO - job_analyzer.py:291 - Job description saved to C:\Users\sharo\HireLens\data\job_descriptions.json
2026-01-24 01:59:52 - hirelens - INFO - routes.py:121 - Performing hybrid evaluation
2026-01-24 01:59:52 - hirelens - INFO - evaluation_engine.py:257 - Evaluating resume 83fa7c3f-8acd-4692-9296-eab223168150 against job 1a2c28ad-077d-4eb8-b07f-9bbed9266af5
2026-01-24 01:59:52 - hirelens - INFO - evaluation_engine.py:267 - Calculating TF-IDF similarity...
2026-01-24 01:59:52 - hirelens - INFO - evaluation_engine.py:269 - TF-IDF score: 0.188
2026-01-24 01:59:52 - hirelens - INFO - evaluation_engine.py:271 - Calculating fuzzy skill match...
2026-01-24 01:59:52 - hirelens - INFO - evaluation_engine.py:273 - Fuzzy match score: 0.000
2026-01-24 01:59:52 - hirelens - INFO - evaluation_engine.py:275 - Calculating embedding similarity...
2026-01-24 01:59:58 - hirelens - INFO - evaluation_engine.py:277 - Embedding score: 0.561
2026-01-24 01:59:58 - hirelens - INFO - evaluation_engine.py:281 - Hybrid score: 28.07
2026-01-24 01:59:58 - hirelens - INFO - evaluation_engine.py:285 - Classification: Low
2026-01-24 01:59:58 - hirelens - INFO - evaluation_engine.py:304 - Evaluation complete. Matched: 0, Missing: 0
2026-01-24 01:59:58 - hirelens - INFO - evaluation_engine.py:324 - Evaluation saved to C:\Users\sharo\HireLens\data\evaluations.json
2026-01-24 01:59:58 - hirelens - INFO - routes.py:126 - Analyzing skill gaps
2026-01-24 01:59:58 - hirelens - INFO - skill_gap_analyzer.py:172 - Analyzing skill gaps for resume 83fa7c3f-8acd-4692-9296-eab223168150
2026-01-24 01:59:58 - hirelens - INFO - skill_gap_analyzer.py:205 - Skill gap analysis complete. Critical gaps: 0, Moderate gaps: 0, Weak areas: 0
2026-01-24 01:59:58 - hirelens - INFO - skill_gap_analyzer.py:228 - Skill gaps saved to C:\Users\sharo\HireLens\data\skill_gaps.json
2026-01-24 01:59:58 - hirelens - INFO - routes.py:131 - Generating course recommendations
2026-01-24 01:59:58 - hirelens - INFO - course_recommender.py:34 - Loaded courses for 31 skills
2026-01-24 01:59:58 - hirelens - INFO - course_recommender.py:110 - Generating course recommendations for gap fbe7c515-b550-4564-b7b8-0af88472dd7f
2026-01-24 01:59:58 - hirelens - INFO - course_recommender.py:149 - Generated recommendations for 0 skills
2026-01-24 01:59:58 - hirelens - INFO - course_recommender.py:172 - Recommendations saved to C:\Users\sharo\HireLens\data\recommendations.json
2026-01-24 01:59:58 - hirelens - INFO - routes.py:143 - Generating feedback
2026-01-24 01:59:58 - hirelens - INFO - feedback_generator.py:286 - Generating feedback for evaluation 322e0ed7-ba73-48a3-a949-082466993285
2026-01-24 01:59:58 - hirelens - INFO - feedback_generator.py:305 - Feedback generated successfully
2026-01-24 01:59:58 - hirelens - INFO - feedback_generator.py:325 - Feedback saved to C:\Users\sharo\HireLens\data\feedback.json
2026-01-24 01:59:58 - hirelens - INFO - routes.py:158 - Evaluation complete: 322e0ed7-ba73-48a3-a949-082466993285
2026-01-24 13:38:36 - hirelens - INFO - routes.py:39 - Uploading resume: Sharon_Ponsily_C_Resume.pdf
2026-01-24 13:38:36 - hirelens - INFO - routes.py:55 - File saved to C:\Users\sharo\HireLens\uploads\Sharon_Ponsily_C_Resume.pdf
2026-01-24 13:38:36 - hirelens - INFO - resume_parser.py:348 - Parsing resume: C:\Users\sharo\HireLens\uploads\Sharon_Ponsily_C_Resume.pdf
2026-01-24 13:38:38 - hirelens - INFO - resume_parser.py:379 - Resume parsed successfully. Found 14 skills, 0 education entries, 1 experience entries
2026-01-24 13:38:38 - hirelens - INFO - resume_parser.py:401 - Resume saved to C:\Users\sharo\HireLens\data\parsed_resumes.json
2026-01-24 13:40:44 - hirelens - INFO - routes.py:39 - Uploading resume: Sharon_Ponsily_C_Resume.pdf
2026-01-24 13:40:44 - hirelens - INFO - routes.py:55 - File saved to C:\Users\sharo\HireLens\uploads\Sharon_Ponsily_C_Resume.pdf
2026-01-24 13:40:44 - hirelens - INFO - resume_parser.py:348 - Parsing resume: C:\Users\sharo\HireLens\uploads\Sharon_Ponsily_C_Resume.pdf
2026-01-24 13:40:44 - hirelens - INFO - resume_parser.py:379 - Resume parsed successfully. Found 14 skills, 0 education entries, 1 experience entries
2026-01-24 13:40:44 - hirelens - INFO - resume_parser.py:401 - Resume saved to C:\Users\sharo\HireLens\data\parsed_resumes.json
2026-01-24 13:40:44 - hirelens - INFO - routes.py:87 - Starting evaluation pipeline
2026-01-24 13:40:44 - hirelens - INFO - routes.py:92 - Parsing resume from file
2026-01-24 13:40:44 - hirelens - INFO - resume_parser.py:348 - Parsing resume: uploads/Sharon_Ponsily_C_Resume.pdf
2026-01-24 13:40:44 - hirelens - INFO - resume_parser.py:379 - Resume parsed successfully. Found 14 skills, 0 education entries, 1 experience entries
2026-01-24 13:40:44 - hirelens - INFO - resume_parser.py:401 - Resume saved to C:\Users\sharo\HireLens\data\parsed_resumes.json
2026-01-24 13:40:44 - hirelens - INFO - routes.py:116 - Analyzing job description
2026-01-24 13:40:44 - hirelens - INFO - job_analyzer.py:246 - Analyzing job description...
2026-01-24 13:40:44 - hirelens - INFO - job_analyzer.py:270 - Job description analyzed. Found 0 required skills, 0 preferred skills
2026-01-24 13:40:44 - hirelens - INFO - job_analyzer.py:291 - Job description saved to C:\Users\sharo\HireLens\data\job_descriptions.json
2026-01-24 13:40:44 - hirelens - INFO - routes.py:121 - Performing hybrid evaluation
2026-01-24 13:40:44 - hirelens - INFO - evaluation_engine.py:257 - Evaluating resume a688c8f1-7291-4fac-821e-4b697f2b5402 against job f0e8c1cb-3ae8-49df-850f-3dd0ebd60346
2026-01-24 13:40:44 - hirelens - INFO - evaluation_engine.py:267 - Calculating TF-IDF similarity...
2026-01-24 13:40:44 - hirelens - INFO - evaluation_engine.py:269 - TF-IDF score: 0.169
2026-01-24 13:40:44 - hirelens - INFO - evaluation_engine.py:271 - Calculating fuzzy skill match...
2026-01-24 13:40:44 - hirelens - INFO - evaluation_engine.py:273 - Fuzzy match score: 0.000
2026-01-24 13:40:44 - hirelens - INFO - evaluation_engine.py:275 - Calculating embedding similarity...
2026-01-24 13:40:50 - hirelens - INFO - evaluation_engine.py:277 - Embedding score: 0.588
2026-01-24 13:40:50 - hirelens - INFO - evaluation_engine.py:281 - Hybrid score: 28.59
2026-01-24 13:40:50 - hirelens - INFO - evaluation_engine.py:285 - Classification: Low
2026-01-24 13:40:50 - hirelens - INFO - evaluation_engine.py:304 - Evaluation complete. Matched: 0, Missing: 0
2026-01-24 13:40:50 - hirelens - INFO - evaluation_engine.py:324 - Evaluation saved to C:\Users\sharo\HireLens\data\evaluations.json
2026-01-24 13:40:50 - hirelens - INFO - routes.py:126 - Analyzing skill gaps
2026-01-24 13:40:50 - hirelens - INFO - skill_gap_analyzer.py:172 - Analyzing skill gaps for resume a688c8f1-7291-4fac-821e-4b697f2b5402
2026-01-24 13:40:50 - hirelens - INFO - skill_gap_analyzer.py:205 - Skill gap analysis complete. Critical gaps: 0, Moderate gaps: 0, Weak areas: 0
2026-01-24 13:40:50 - hirelens - INFO - skill_gap_analyzer.py:228 - Skill gaps saved to C:\Users\sharo\HireLens\data\skill_gaps.json
2026-01-24 13:40:50 - hirelens - INFO - routes.py:131 - Generating course recommendations
2026-01-24 13:40:50 - hirelens - INFO - course_recommender.py:34 - Loaded courses for 31 skills
2026-01-24 13:40:50 - hirelens - INFO - course_recommender.py:110 - Generating course recommendations for gap 91639d62-4e5c-4df2-b50b-d6e9f8a6a0b7
2026-01-24 13:40:50 - hirelens - INFO - course_recommender.py:149 - Generated recommendations for 0 skills
2026-01-24 13:40:50 - hirelens - INFO - course_recommender.py:172 - Recommendations saved to C:\Users\sharo\HireLens\data\recommendations.json
2026-01-24 13:40:50 - hirelens - INFO - routes.py:143 - Generating feedback
2026-01-24 13:40:50 - hirelens - INFO - feedback_generator.py:286 - Generating feedback for evaluation 5ab280fc-7072-465b-a583-7880acfdddcf
2026-01-24 13:40:50 - hirelens - INFO - feedback_generator.py:305 - Feedback generated successfully
2026-01-24 13:40:50 - hirelens - INFO - feedback_generator.py:325 - Feedback saved to C:\Users\sharo\HireLens\data\feedback.json
2026-01-24 13:40:50 - hirelens - INFO - routes.py:158 - Evaluation complete: 5ab280fc-7072-465b-a583-7880acfdddcf
2026-01-24 13:50:39 - hirelens - INFO - routes.py:39 - Uploading resume: Sharon_Ponsily_C_Resume.pdf
2026-01-24 13:50:39 - hirelens - INFO - routes.py:55 - File saved to C:\Users\sharo\HireLens\uploads\Sharon_Ponsily_C_Resume.pdf
2026-01-24 13:50:39 - hirelens - INFO - resume_parser.py:348 - Parsing resume: C:\Users\sharo\HireLens\uploads\Sharon_Ponsily_C_Resume.pdf
2026-01-24 13:50:39 - hirelens - INFO - resume_parser.py:379 - Resume parsed successfully. Found 14 skills, 0 education entries, 1 experience entries
2026-01-24 13:50:39 - hirelens - INFO - resume_parser.py:401 - Resume saved to C:\Users\sharo\HireLens\data\parsed_resumes.json
2026-01-24 13:51:16 - hirelens - INFO - routes.py:39 - Uploading resume: Sharon_Ponsily_C_Resume.pdf
2026-01-24 13:51:16 - hirelens - INFO - routes.py:55 - File saved to C:\Users\sharo\HireLens\uploads\Sharon_Ponsily_C_Resume.pdf
2026-01-24 13:51:16 - hirelens - INFO - resume_parser.py:348 - Parsing resume: C:\Users\sharo\HireLens\uploads\Sharon_Ponsily_C_Resume.pdf
2026-01-24 13:51:16 - hirelens - INFO - resume_parser.py:379 - Resume parsed successfully. Found 14 skills, 0 education entries, 1 experience entries
2026-01-24 13:51:16 - hirelens - INFO - resume_parser.py:401 - Resume saved to C:\Users\sharo\HireLens\data\parsed_resumes.json
2026-01-24 13:54:16 - hirelens - INFO - routes.py:39 - Uploading resume: Sharon_Ponsily_C_Resume.pdf
2026-01-24 13:54:16 - hirelens - INFO - routes.py:55 - File saved to C:\Users\sharo\HireLens\uploads\Sharon_Ponsily_C_Resume.pdf
2026-01-24 13:54:16 - hirelens - INFO - resume_parser.py:348 - Parsing resume: C:\Users\sharo\HireLens\uploads\Sharon_Ponsily_C_Resume.pdf
2026-01-24 13:54:16 - hirelens - INFO - resume_parser.py:379 - Resume parsed successfully. Found 14 skills, 0 education entries, 1 experience entries
2026-01-24 13:54:16 - hirelens - INFO - resume_parser.py:401 - Resume saved to C:\Users\sharo\HireLens\data\parsed_resumes.json
2026-01-24 13:54:32 - hirelens - INFO - routes.py:39 - Uploading resume: Sharon_Ponsily_C_Resume.pdf
2026-01-24 13:54:32 - hirelens - INFO - routes.py:55 - File saved to C:\Users\sharo\HireLens\uploads\Sharon_Ponsily_C_Resume.pdf
2026-01-24 13:54:32 - hirelens - INFO - resume_parser.py:348 - Parsing resume: C:\Users\sharo\HireLens\uploads\Sharon_Ponsily_C_Resume.pdf
2026-01-24 13:54:32 - hirelens - INFO - resume_parser.py:379 - Resume parsed successfully. Found 14 skills, 0 education entries, 1 experience entries
2026-01-24 13:54:32 - hirelens - INFO - resume_parser.py:401 - Resume saved to C:\Users\sharo\HireLens\data\parsed_resumes.json
2026-01-24 13:56:29 - hirelens - INFO - routes.py:39 - Uploading resume: Sharon_Ponsily_C_Resume.pdf
2026-01-24 13:56:29 - hirelens - INFO - routes.py:55 - File saved to C:\Users\sharo\HireLens\uploads\Sharon_Ponsily_C_Resume.pdf
2026-01-24 13:56:29 - hirelens - INFO - resume_parser.py:348 - Parsing resume: C:\Users\sharo\HireLens\uploads\Sharon_Ponsily_C_Resume.pdf
2026-01-24 13:56:29 - hirelens - INFO - resume_parser.py:379 - Resume parsed successfully. Found 14 skills, 0 education entries, 1 experience entries
2026-01-24 13:56:30 - hirelens - INFO - resume_parser.py:401 - Resume saved to C:\Users\sharo\HireLens\data\parsed_resumes.json
2026-01-24 13:57:37 - hirelens - INFO - routes.py:39 - Uploading resume: Sharon_Ponsily_C_Resume.pdf
2026-01-24 13:57:37 - hirelens - INFO - routes.py:55 - File saved to C:\Users\sharo\HireLens\uploads\Sharon_Ponsily_C_Resume.pdf
2026-01-24 13:57:37 - hirelens - INFO - resume_parser.py:348 - Parsing resume: C:\Users\sharo\HireLens\uploads\Sharon_Ponsily_C_Resume.pdf
2026-01-24 13:57:37 - hirelens - INFO - resume_parser.py:379 - Resume parsed successfully. Found 14 skills, 0 education entries, 1 experience entries
2026-01-24 13:57:37 - hirelens - INFO - resume_parser.py:401 - Resume saved to C:\Users\sharo\HireLens\data\parsed_resumes.json
2026-01-24 13:59:17 - hirelens - INFO - routes.py:39 - Uploading resume: Sharon_Ponsily_C_Resume.pdf
2026-01-24 13:59:17 - hirelens - INFO - routes.py:55 - File saved to C:\Users\sharo\HireLens\uploads\Sharon_Ponsily_C_Resume.pdf
2026-01-24 13:59:17 - hirelens - INFO - resume_parser.py:348 - Parsing resume: C:\Users\sharo\HireLens\uploads\Sharon_Ponsily_C_Resume.pdf
2026-01-24 13:59:17 - hirelens - INFO - resume_parser.py:379 - Resume parsed successfully. Found 14 skills, 0 education entries, 1 experience entries
2026-01-24 13:59:17 - hirelens - INFO - resume_parser.py:401 - Resume saved to C:\Users\sharo\HireLens\data\parsed_resumes.json
2026-01-24 13:59:17 - hirelens - INFO - routes.py:87 - Starting evaluation pipeline
2026-01-24 13:59:17 - hirelens - INFO - routes.py:92 - Parsing resume from file
2026-01-24 13:59:17 - hirelens - INFO - resume_parser.py:348 - Parsing resume: uploads/Sharon_Ponsily_C_Resume.pdf
2026-01-24 13:59:17 - hirelens - INFO - resume_parser.py:379 - Resume parsed successfully. Found 14 skills, 0 education entries, 1 experience entries
2026-01-24 13:59:17 - hirelens - INFO - resume_parser.py:401 - Resume saved to C:\Users\sharo\HireLens\data\parsed_resumes.json
2026-01-24 13:59:17 - hirelens - INFO - routes.py:116 - Analyzing job description
2026-01-24 13:59:17 - hirelens - INFO - job_analyzer.py:246 - Analyzing job description...
2026-01-24 13:59:17 - hirelens - INFO - job_analyzer.py:270 - Job description analyzed. Found 0 required skills, 0 preferred skills
2026-01-24 13:59:17 - hirelens - INFO - job_analyzer.py:291 - Job description saved to C:\Users\sharo\HireLens\data\job_descriptions.json
2026-01-24 13:59:17 - hirelens - INFO - routes.py:121 - Performing hybrid evaluation
2026-01-24 13:59:17 - hirelens - INFO - evaluation_engine.py:257 - Evaluating resume fa9eff22-e4e9-4510-83f2-9d81c9053b9d against job 9044d538-e808-424f-a6a9-254dc90e790c
2026-01-24 13:59:17 - hirelens - INFO - evaluation_engine.py:267 - Calculating TF-IDF similarity...
2026-01-24 13:59:17 - hirelens - INFO - evaluation_engine.py:269 - TF-IDF score: 0.206
2026-01-24 13:59:17 - hirelens - INFO - evaluation_engine.py:271 - Calculating fuzzy skill match...
2026-01-24 13:59:17 - hirelens - INFO - evaluation_engine.py:273 - Fuzzy match score: 0.000
2026-01-24 13:59:17 - hirelens - INFO - evaluation_engine.py:275 - Calculating embedding similarity...
2026-01-24 13:59:18 - hirelens - INFO - evaluation_engine.py:277 - Embedding score: 0.568
2026-01-24 13:59:18 - hirelens - INFO - evaluation_engine.py:281 - Hybrid score: 28.90
2026-01-24 13:59:18 - hirelens - INFO - evaluation_engine.py:285 - Classification: Low
2026-01-24 13:59:18 - hirelens - INFO - evaluation_engine.py:304 - Evaluation complete. Matched: 0, Missing: 0
2026-01-24 13:59:18 - hirelens - INFO - evaluation_engine.py:324 - Evaluation saved to C:\Users\sharo\HireLens\data\evaluations.json
2026-01-24 13:59:18 - hirelens - INFO - routes.py:126 - Analyzing skill gaps
2026-01-24 13:59:18 - hirelens - INFO - skill_gap_analyzer.py:172 - Analyzing skill gaps for resume fa9eff22-e4e9-4510-83f2-9d81c9053b9d
2026-01-24 13:59:18 - hirelens - INFO - skill_gap_analyzer.py:205 - Skill gap analysis complete. Critical gaps: 0, Moderate gaps: 0, Weak areas: 0
2026-01-24 13:59:18 - hirelens - INFO - skill_gap_analyzer.py:228 - Skill gaps saved to C:\Users\sharo\HireLens\data\skill_gaps.json
2026-01-24 13:59:18 - hirelens - INFO - routes.py:131 - Generating course recommendations
2026-01-24 13:59:18 - hirelens - INFO - course_recommender.py:34 - Loaded courses for 31 skills
2026-01-24 13:59:18 - hirelens - INFO - course_recommender.py:110 - Generating course recommendations for gap 34874325-beaa-4a01-9546-ef1ec58fa9c5
2026-01-24 13:59:18 - hirelens - INFO - course_recommender.py:149 - Generated recommendations for 0 skills
2026-01-24 13:59:18 - hirelens - INFO - course_recommender.py:172 - Recommendations saved to C:\Users\sharo\HireLens\data\recommendations.json
2026-01-24 13:59:18 - hirelens - INFO - routes.py:143 - Generating feedback
2026-01-24 13:59:18 - hirelens - INFO - feedback_generator.py:286 - Generating feedback for evaluation 8c3a7e70-260d-4eb0-a6f3-90dffa342d54
2026-01-24 13:59:18 - hirelens - INFO - feedback_generator.py:305 - Feedback generated successfully
2026-01-24 13:59:18 - hirelens - INFO - feedback_generator.py:325 - Feedback saved to C:\Users\sharo\HireLens\data\feedback.json
2026-01-24 13:59:18 - hirelens - INFO - routes.py:158 - Evaluation complete: 8c3a7e70-260d-4eb0-a6f3-90dffa342d54
2026-01-24 14:07:32 - hirelens - INFO - routes.py:39 - Uploading resume: Sharon_Ponsily_C_Resume.pdf
2026-01-24 14:07:32 - hirelens - INFO - routes.py:55 - File saved to C:\Users\sharo\HireLens\uploads\Sharon_Ponsily_C_Resume.pdf
2026-01-24 14:07:32 - hirelens - INFO - resume_parser.py:348 - Parsing resume: C:\Users\sharo\HireLens\uploads\Sharon_Ponsily_C_Resume.pdf
2026-01-24 14:07:34 - hirelens - INFO - resume_parser.py:379 - Resume parsed successfully. Found 26 skills, 0 education entries, 1 experience entries
2026-01-24 14:07:34 - hirelens - INFO - resume_parser.py:401 - Resume saved to C:\Users\sharo\HireLens\data\parsed_resumes.json
2026-01-24 14:07:34 - hirelens - INFO - routes.py:87 - Starting evaluation pipeline
2026-01-24 14:07:34 - hirelens - INFO - routes.py:92 - Parsing resume from file
2026-01-24 14:07:34 - hirelens - INFO - resume_parser.py:348 - Parsing resume: uploads/Sharon_Ponsily_C_Resume.pdf
2026-01-24 14:07:34 - hirelens - INFO - resume_parser.py:379 - Resume parsed successfully. Found 26 skills, 0 education entries, 1 experience entries
2026-01-24 14:07:34 - hirelens - INFO - resume_parser.py:401 - Resume saved to C:\Users\sharo\HireLens\data\parsed_resumes.json
2026-01-24 14:07:34 - hirelens - INFO - routes.py:116 - Analyzing job description
2026-01-24 14:07:34 - hirelens - INFO - job_analyzer.py:246 - Analyzing job description...
2026-01-24 14:07:35 - hirelens - INFO - job_analyzer.py:270 - Job description analyzed. Found 0 required skills, 0 preferred skills
2026-01-24 14:07:35 - hirelens - INFO - job_analyzer.py:291 - Job description saved to C:\Users\sharo\HireLens\data\job_descriptions.json
2026-01-24 14:07:35 - hirelens - INFO - routes.py:121 - Performing hybrid evaluation
2026-01-24 14:07:35 - hirelens - INFO - evaluation_engine.py:257 - Evaluating resume 9701b36b-5b3f-45dd-b274-91586a65d53b against job d9b51dff-4959-4ba4-8989-a31c7dce44e7
2026-01-24 14:07:35 - hirelens - INFO - evaluation_engine.py:267 - Calculating TF-IDF similarity...
2026-01-24 14:07:35 - hirelens - INFO - evaluation_engine.py:269 - TF-IDF score: 0.169
2026-01-24 14:07:35 - hirelens - INFO - evaluation_engine.py:271 - Calculating fuzzy skill match...
2026-01-24 14:07:35 - hirelens - INFO - evaluation_engine.py:273 - Fuzzy match score: 0.000
2026-01-24 14:07:35 - hirelens - INFO - evaluation_engine.py:275 - Calculating embedding similarity...
2026-01-24 14:07:40 - hirelens - INFO - evaluation_engine.py:277 - Embedding score: 0.588
2026-01-24 14:07:40 - hirelens - INFO - evaluation_engine.py:281 - Hybrid score: 28.59
2026-01-24 14:07:40 - hirelens - INFO - evaluation_engine.py:285 - Classification: Low
2026-01-24 14:07:40 - hirelens - INFO - evaluation_engine.py:304 - Evaluation complete. Matched: 0, Missing: 0
2026-01-24 14:07:40 - hirelens - INFO - evaluation_engine.py:324 - Evaluation saved to C:\Users\sharo\HireLens\data\evaluations.json
2026-01-24 14:07:40 - hirelens - INFO - routes.py:126 - Analyzing skill gaps
2026-01-24 14:07:40 - hirelens - INFO - skill_gap_analyzer.py:172 - Analyzing skill gaps for resume 9701b36b-5b3f-45dd-b274-91586a65d53b
2026-01-24 14:07:40 - hirelens - INFO - skill_gap_analyzer.py:205 - Skill gap analysis complete. Critical gaps: 0, Moderate gaps: 0, Weak areas: 0
2026-01-24 14:07:40 - hirelens - INFO - skill_gap_analyzer.py:228 - Skill gaps saved to C:\Users\sharo\HireLens\data\skill_gaps.json
2026-01-24 14:07:40 - hirelens - INFO - routes.py:131 - Generating course recommendations
2026-01-24 14:07:40 - hirelens - INFO - course_recommender.py:34 - Loaded courses for 31 skills
2026-01-24 14:07:40 - hirelens - INFO - course_recommender.py:110 - Generating course recommendations for gap fc17c733-f947-4426-b48f-9b8dd9487461
2026-01-24 14:07:40 - hirelens - INFO - course_recommender.py:149 - Generated recommendations for 0 skills
2026-01-24 14:07:40 - hirelens - INFO - course_recommender.py:172 - Recommendations saved to C:\Users\sharo\HireLens\data\recommendations.json
2026-01-24 14:07:40 - hirelens - INFO - routes.py:143 - Generating feedback
2026-01-24 14:07:40 - hirelens - INFO - feedback_generator.py:286 - Generating feedback for evaluation 97123e1f-4772-46a1-92df-3f72956dd1ea
2026-01-24 14:07:40 - hirelens - INFO - feedback_generator.py:305 - Feedback generated successfully
2026-01-24 14:07:40 - hirelens - INFO - feedback_generator.py:325 - Feedback saved to C:\Users\sharo\HireLens\data\feedback.json
2026-01-24 14:07:40 - hirelens - INFO - routes.py:158 - Evaluation complete: 97123e1f-4772-46a1-92df-3f72956dd1ea
2026-01-24 14:12:07 - hirelens - INFO - routes.py:39 - Uploading resume: Sharon_Ponsily_C_Resume.pdf
2026-01-24 14:12:07 - hirelens - INFO - routes.py:55 - File saved to C:\Users\sharo\HireLens\uploads\Sharon_Ponsily_C_Resume.pdf
2026-01-24 14:12:07 - hirelens - INFO - resume_parser.py:348 - Parsing resume: C:\Users\sharo\HireLens\uploads\Sharon_Ponsily_C_Resume.pdf
2026-01-24 14:12:09 - hirelens - INFO - resume_parser.py:379 - Resume parsed successfully. Found 26 skills, 0 education entries, 1 experience entries
2026-01-24 14:12:09 - hirelens - INFO - resume_parser.py:401 - Resume saved to C:\Users\sharo\HireLens\data\parsed_resumes.json
2026-01-24 14:12:09 - hirelens - INFO - routes.py:87 - Starting evaluation pipeline
2026-01-24 14:12:09 - hirelens - INFO - routes.py:92 - Parsing resume from file
2026-01-24 14:12:09 - hirelens - INFO - resume_parser.py:348 - Parsing resume: uploads/Sharon_Ponsily_C_Resume.pdf
2026-01-24 14:12:09 - hirelens - INFO - resume_parser.py:379 - Resume parsed successfully. Found 26 skills, 0 education entries, 1 experience entries
2026-01-24 14:12:09 - hirelens - INFO - resume_parser.py:401 - Resume saved to C:\Users\sharo\HireLens\data\parsed_resumes.json
2026-01-24 14:12:09 - hirelens - INFO - routes.py:116 - Analyzing job description
2026-01-24 14:12:09 - hirelens - INFO - job_analyzer.py:255 - Analyzing job description...
2026-01-24 14:12:09 - hirelens - WARNING - job_analyzer.py:60 - No required skills found via patterns, scanning entire job description
2026-01-24 14:12:09 - hirelens - INFO - job_analyzer.py:65 - Extracted 20 required skills from job description
2026-01-24 14:12:09 - hirelens - INFO - job_analyzer.py:102 - Extracted 0 preferred skills from job description
2026-01-24 14:12:09 - hirelens - INFO - job_analyzer.py:279 - Job description analyzed. Found 20 required skills, 0 preferred skills
2026-01-24 14:12:09 - hirelens - INFO - job_analyzer.py:300 - Job description saved to C:\Users\sharo\HireLens\data\job_descriptions.json
2026-01-24 14:12:09 - hirelens - INFO - routes.py:121 - Performing hybrid evaluation
2026-01-24 14:12:09 - hirelens - INFO - evaluation_engine.py:257 - Evaluating resume be4676e4-e5d5-435e-b460-35008aa423a5 against job 3499db8d-701b-4833-bb6e-9d2f8c5e7425
2026-01-24 14:12:09 - hirelens - INFO - evaluation_engine.py:267 - Calculating TF-IDF similarity...
2026-01-24 14:12:09 - hirelens - INFO - evaluation_engine.py:269 - TF-IDF score: 0.202
2026-01-24 14:12:09 - hirelens - INFO - evaluation_engine.py:271 - Calculating fuzzy skill match...
2026-01-24 14:12:09 - hirelens - INFO - evaluation_engine.py:273 - Fuzzy match score: 0.816
2026-01-24 14:12:09 - hirelens - INFO - evaluation_engine.py:275 - Calculating embedding similarity...
2026-01-24 14:12:15 - hirelens - INFO - evaluation_engine.py:277 - Embedding score: 0.570
2026-01-24 14:12:15 - hirelens - INFO - evaluation_engine.py:281 - Hybrid score: 53.34
2026-01-24 14:12:15 - hirelens - INFO - evaluation_engine.py:285 - Classification: Medium
2026-01-24 14:12:15 - hirelens - INFO - evaluation_engine.py:304 - Evaluation complete. Matched: 13, Missing: 7
2026-01-24 14:12:15 - hirelens - INFO - evaluation_engine.py:324 - Evaluation saved to C:\Users\sharo\HireLens\data\evaluations.json
2026-01-24 14:12:15 - hirelens - INFO - routes.py:126 - Analyzing skill gaps
2026-01-24 14:12:15 - hirelens - INFO - skill_gap_analyzer.py:172 - Analyzing skill gaps for resume be4676e4-e5d5-435e-b460-35008aa423a5
2026-01-24 14:12:15 - hirelens - INFO - skill_gap_analyzer.py:205 - Skill gap analysis complete. Critical gaps: 7, Moderate gaps: 0, Weak areas: 0
2026-01-24 14:12:16 - hirelens - INFO - skill_gap_analyzer.py:228 - Skill gaps saved to C:\Users\sharo\HireLens\data\skill_gaps.json
2026-01-24 14:12:16 - hirelens - INFO - routes.py:131 - Generating course recommendations
2026-01-24 14:12:16 - hirelens - INFO - course_recommender.py:34 - Loaded courses for 31 skills
2026-01-24 14:12:16 - hirelens - INFO - course_recommender.py:110 - Generating course recommendations for gap 9963efcd-5307-4d75-aa2a-c34363949916
2026-01-24 14:12:16 - hirelens - INFO - course_recommender.py:147 - Found 2 courses for Angular
2026-01-24 14:12:16 - hirelens - WARNING - course_recommender.py:90 - No courses found for skill: Documentation
2026-01-24 14:12:16 - hirelens - WARNING - course_recommender.py:90 - No courses found for skill: Firebase
2026-01-24 14:12:16 - hirelens - WARNING - course_recommender.py:90 - No courses found for skill: Json
2026-01-24 14:12:16 - hirelens - INFO - course_recommender.py:147 - Found 2 courses for Mongodb
2026-01-24 14:12:16 - hirelens - INFO - course_recommender.py:147 - Found 3 courses for Python
2026-01-24 14:12:16 - hirelens - WARNING - course_recommender.py:90 - No courses found for skill: Vue
2026-01-24 14:12:16 - hirelens - INFO - course_recommender.py:149 - Generated recommendations for 3 skills
2026-01-24 14:12:16 - hirelens - INFO - course_recommender.py:172 - Recommendations saved to C:\Users\sharo\HireLens\data\recommendations.json
2026-01-24 14:12:16 - hirelens - INFO - routes.py:143 - Generating feedback
2026-01-24 14:12:16 - hirelens - INFO - feedback_generator.py:286 - Generating feedback for evaluation 0f1d2237-ed33-471d-90a6-01c43dfed698
2026-01-24 14:12:16 - hirelens - INFO - feedback_generator.py:305 - Feedback generated successfully
2026-01-24 14:12:16 - hirelens - INFO - feedback_generator.py:325 - Feedback saved to C:\Users\sharo\HireLens\data\feedback.json
2026-01-24 14:12:16 - hirelens - INFO - routes.py:158 - Evaluation complete: 0f1d2237-ed33-471d-90a6-01c43dfed698
2026-01-24 14:17:11 - hirelens - INFO - routes.py:39 - Uploading resume: Sharon_Ponsily_C_Resume.pdf
2026-01-24 14:17:11 - hirelens - INFO - routes.py:55 - File saved to C:\Users\sharo\HireLens\uploads\Sharon_Ponsily_C_Resume.pdf
2026-01-24 14:17:11 - hirelens - INFO - resume_parser.py:348 - Parsing resume: C:\Users\sharo\HireLens\uploads\Sharon_Ponsily_C_Resume.pdf
2026-01-24 14:17:11 - hirelens - INFO - resume_parser.py:379 - Resume parsed successfully. Found 26 skills, 0 education entries, 1 experience entries
2026-01-24 14:17:11 - hirelens - INFO - resume_parser.py:401 - Resume saved to C:\Users\sharo\HireLens\data\parsed_resumes.json
2026-01-24 14:17:11 - hirelens - INFO - routes.py:87 - Starting evaluation pipeline
2026-01-24 14:17:11 - hirelens - INFO - routes.py:92 - Parsing resume from file
2026-01-24 14:17:11 - hirelens - INFO - resume_parser.py:348 - Parsing resume: uploads/Sharon_Ponsily_C_Resume.pdf
2026-01-24 14:17:11 - hirelens - INFO - resume_parser.py:379 - Resume parsed successfully. Found 26 skills, 0 education entries, 1 experience entries
2026-01-24 14:17:11 - hirelens - INFO - resume_parser.py:401 - Resume saved to C:\Users\sharo\HireLens\data\parsed_resumes.json
2026-01-24 14:17:11 - hirelens - INFO - routes.py:116 - Analyzing job description
2026-01-24 14:17:11 - hirelens - INFO - job_analyzer.py:255 - Analyzing job description...
2026-01-24 14:17:12 - hirelens - WARNING - job_analyzer.py:60 - No required skills found via patterns, scanning entire job description
2026-01-24 14:17:12 - hirelens - INFO - job_analyzer.py:65 - Extracted 20 required skills from job description
2026-01-24 14:17:12 - hirelens - INFO - job_analyzer.py:102 - Extracted 0 preferred skills from job description
2026-01-24 14:17:12 - hirelens - INFO - job_analyzer.py:279 - Job description analyzed. Found 20 required skills, 0 preferred skills
2026-01-24 14:17:12 - hirelens - INFO - job_analyzer.py:300 - Job description saved to C:\Users\sharo\HireLens\data\job_descriptions.json
2026-01-24 14:17:12 - hirelens - INFO - routes.py:121 - Performing hybrid evaluation
2026-01-24 14:17:12 - hirelens - INFO - evaluation_engine.py:257 - Evaluating resume 0f3bd5bc-915f-44a0-aa1b-3a5c91a20c79 against job 902961f2-6ebd-4291-9135-f0675a0420a1
2026-01-24 14:17:12 - hirelens - INFO - evaluation_engine.py:267 - Calculating TF-IDF similarity...
2026-01-24 14:17:12 - hirelens - INFO - evaluation_engine.py:269 - TF-IDF score: 0.202
2026-01-24 14:17:12 - hirelens - INFO - evaluation_engine.py:271 - Calculating fuzzy skill match...
2026-01-24 14:17:12 - hirelens - INFO - evaluation_engine.py:273 - Fuzzy match score: 0.816
2026-01-24 14:17:12 - hirelens - INFO - evaluation_engine.py:275 - Calculating embedding similarity...
2026-01-24 14:17:12 - hirelens - INFO - evaluation_engine.py:277 - Embedding score: 0.570
2026-01-24 14:17:12 - hirelens - INFO - evaluation_engine.py:281 - Hybrid score: 53.34
2026-01-24 14:17:12 - hirelens - INFO - evaluation_engine.py:285 - Classification: Medium
2026-01-24 14:17:12 - hirelens - INFO - evaluation_engine.py:304 - Evaluation complete. Matched: 13, Missing: 7
2026-01-24 14:17:12 - hirelens - INFO - evaluation_engine.py:324 - Evaluation saved to C:\Users\sharo\HireLens\data\evaluations.json
2026-01-24 14:17:12 - hirelens - INFO - routes.py:126 - Analyzing skill gaps
2026-01-24 14:17:12 - hirelens - INFO - skill_gap_analyzer.py:172 - Analyzing skill gaps for resume 0f3bd5bc-915f-44a0-aa1b-3a5c91a20c79
2026-01-24 14:17:12 - hirelens - INFO - skill_gap_analyzer.py:205 - Skill gap analysis complete. Critical gaps: 7, Moderate gaps: 0, Weak areas: 0
2026-01-24 14:17:12 - hirelens - INFO - skill_gap_analyzer.py:228 - Skill gaps saved to C:\Users\sharo\HireLens\data\skill_gaps.json
2026-01-24 14:17:12 - hirelens - INFO - routes.py:131 - Generating course recommendations
2026-01-24 14:17:12 - hirelens - INFO - course_recommender.py:34 - Loaded courses for 31 skills
2026-01-24 14:17:12 - hirelens - INFO - course_recommender.py:110 - Generating course recommendations for gap e252d14c-eb7a-454b-a19c-b9eb1e5e07a9
2026-01-24 14:17:12 - hirelens - INFO - course_recommender.py:147 - Found 2 courses for Angular
2026-01-24 14:17:12 - hirelens - WARNING - course_recommender.py:90 - No courses found for skill: Documentation
2026-01-24 14:17:12 - hirelens - WARNING - course_recommender.py:90 - No courses found for skill: Firebase
2026-01-24 14:17:12 - hirelens - WARNING - course_recommender.py:90 - No courses found for skill: Json
2026-01-24 14:17:12 - hirelens - INFO - course_recommender.py:147 - Found 2 courses for Mongodb
2026-01-24 14:17:12 - hirelens - INFO - course_recommender.py:147 - Found 3 courses for Python
2026-01-24 14:17:12 - hirelens - WARNING - course_recommender.py:90 - No courses found for skill: Vue
2026-01-24 14:17:12 - hirelens - INFO - course_recommender.py:149 - Generated recommendations for 3 skills
2026-01-24 14:17:12 - hirelens - INFO - course_recommender.py:172 - Recommendations saved to C:\Users\sharo\HireLens\data\recommendations.json
2026-01-24 14:17:12 - hirelens - INFO - routes.py:143 - Generating feedback
2026-01-24 14:17:12 - hirelens - INFO - feedback_generator.py:286 - Generating feedback for evaluation 3ce7dd5d-c487-41b8-a150-2379a7a9ab48
2026-01-24 14:17:12 - hirelens - INFO - feedback_generator.py:305 - Feedback generated successfully
2026-01-24 14:17:12 - hirelens - INFO - feedback_generator.py:325 - Feedback saved to C:\Users\sharo\HireLens\data\feedback.json
2026-01-24 14:17:12 - hirelens - INFO - routes.py:158 - Evaluation complete: 3ce7dd5d-c487-41b8-a150-2379a7a9ab48
2026-01-24 14:21:21 - hirelens - INFO - routes.py:39 - Uploading resume: Sharon_Ponsily_C_Resume.pdf
2026-01-24 14:21:21 - hirelens - INFO - routes.py:55 - File saved to C:\Users\sharo\HireLens\uploads\Sharon_Ponsily_C_Resume.pdf
2026-01-24 14:21:21 - hirelens - INFO - resume_parser.py:348 - Parsing resume: C:\Users\sharo\HireLens\uploads\Sharon_Ponsily_C_Resume.pdf
2026-01-24 14:21:21 - hirelens - INFO - resume_parser.py:379 - Resume parsed successfully. Found 26 skills, 0 education entries, 1 experience entries
2026-01-24 14:21:21 - hirelens - INFO - resume_parser.py:401 - Resume saved to C:\Users\sharo\HireLens\data\parsed_resumes.json
2026-01-24 14:21:21 - hirelens - INFO - routes.py:87 - Starting evaluation pipeline
2026-01-24 14:21:21 - hirelens - INFO - routes.py:92 - Parsing resume from file
2026-01-24 14:21:21 - hirelens - INFO - resume_parser.py:348 - Parsing resume: uploads/Sharon_Ponsily_C_Resume.pdf
2026-01-24 14:21:22 - hirelens - INFO - resume_parser.py:379 - Resume parsed successfully. Found 26 skills, 0 education entries, 1 experience entries
2026-01-24 14:21:22 - hirelens - INFO - resume_parser.py:401 - Resume saved to C:\Users\sharo\HireLens\data\parsed_resumes.json
2026-01-24 14:21:22 - hirelens - INFO - routes.py:116 - Analyzing job description
2026-01-24 14:21:22 - hirelens - INFO - job_analyzer.py:255 - Analyzing job description...
2026-01-24 14:21:22 - hirelens - WARNING - job_analyzer.py:60 - No required skills found via patterns, scanning entire job description
2026-01-24 14:21:22 - hirelens - INFO - job_analyzer.py:65 - Extracted 20 required skills from job description
2026-01-24 14:21:22 - hirelens - INFO - job_analyzer.py:102 - Extracted 0 preferred skills from job description
2026-01-24 14:21:22 - hirelens - INFO - job_analyzer.py:279 - Job description analyzed. Found 20 required skills, 0 preferred skills
2026-01-24 14:21:22 - hirelens - INFO - job_analyzer.py:300 - Job description saved to C:\Users\sharo\HireLens\data\job_descriptions.json
2026-01-24 14:21:22 - hirelens - INFO - routes.py:121 - Performing hybrid evaluation
2026-01-24 14:21:22 - hirelens - INFO - evaluation_engine.py:257 - Evaluating resume 39c04081-0825-440b-9d3a-0ec6c1f5084b against job 80842089-fa8a-4050-8d0a-ab82abf9642c
2026-01-24 14:21:22 - hirelens - INFO - evaluation_engine.py:267 - Calculating TF-IDF similarity...
2026-01-24 14:21:22 - hirelens - INFO - evaluation_engine.py:269 - TF-IDF score: 0.202
2026-01-24 14:21:22 - hirelens - INFO - evaluation_engine.py:271 - Calculating fuzzy skill match...
2026-01-24 14:21:22 - hirelens - INFO - evaluation_engine.py:273 - Fuzzy match score: 0.816
2026-01-24 14:21:22 - hirelens - INFO - evaluation_engine.py:275 - Calculating embedding similarity...
2026-01-24 14:21:22 - hirelens - INFO - evaluation_engine.py:277 - Embedding score: 0.570
2026-01-24 14:21:22 - hirelens - INFO - evaluation_engine.py:281 - Hybrid score: 53.34
2026-01-24 14:21:22 - hirelens - INFO - evaluation_engine.py:285 - Classification: Medium
2026-01-24 14:21:22 - hirelens - INFO - evaluation_engine.py:304 - Evaluation complete. Matched: 13, Missing: 7
2026-01-24 14:21:22 - hirelens - INFO - evaluation_engine.py:324 - Evaluation saved to C:\Users\sharo\HireLens\data\evaluations.json
2026-01-24 14:21:22 - hirelens - INFO - routes.py:126 - Analyzing skill gaps
2026-01-24 14:21:22 - hirelens - INFO - skill_gap_analyzer.py:172 - Analyzing skill gaps for resume 39c04081-0825-440b-9d3a-0ec6c1f5084b
2026-01-24 14:21:22 - hirelens - INFO - skill_gap_analyzer.py:205 - Skill gap analysis complete. Critical gaps: 7, Moderate gaps: 0, Weak areas: 0
2026-01-24 14:21:22 - hirelens - INFO - skill_gap_analyzer.py:228 - Skill gaps saved to C:\Users\sharo\HireLens\data\skill_gaps.json
2026-01-24 14:21:22 - hirelens - INFO - routes.py:131 - Generating course recommendations
2026-01-24 14:21:22 - hirelens - INFO - course_recommender.py:34 - Loaded courses for 31 skills
2026-01-24 14:21:22 - hirelens - INFO - course_recommender.py:110 - Generating course recommendations for gap 0f8f7671-992e-460c-9a13-3977b5e0bba3
2026-01-24 14:21:22 - hirelens - INFO - course_recommender.py:147 - Found 2 courses for Angular
2026-01-24 14:21:22 - hirelens - WARNING - course_recommender.py:90 - No courses found for skill: Documentation
2026-01-24 14:21:22 - hirelens - WARNING - course_recommender.py:90 - No courses found for skill: Firebase
2026-01-24 14:21:22 - hirelens - WARNING - course_recommender.py:90 - No courses found for skill: Json
2026-01-24 14:21:22 - hirelens - INFO - course_recommender.py:147 - Found 2 courses for Mongodb
2026-01-24 14:21:22 - hirelens - INFO - course_recommender.py:147 - Found 3 courses for Python
2026-01-24 14:21:22 - hirelens - WARNING - course_recommender.py:90 - No courses found for skill: Vue
2026-01-24 14:21:22 - hirelens - INFO - course_recommender.py:149 - Generated recommendations for 3 skills
2026-01-24 14:21:22 - hirelens - INFO - course_recommender.py:172 - Recommendations saved to C:\Users\sharo\HireLens\data\recommendations.json
2026-01-24 14:21:22 - hirelens - INFO - routes.py:143 - Generating feedback
2026-01-24 14:21:22 - hirelens - INFO - feedback_generator.py:286 - Generating feedback for evaluation f9ffa7c3-7e39-4430-94dd-666e41130527
2026-01-24 14:21:22 - hirelens - INFO - feedback_generator.py:305 - Feedback generated successfully
2026-01-24 14:21:22 - hirelens - INFO - feedback_generator.py:325 - Feedback saved to C:\Users\sharo\HireLens\data\feedback.json
2026-01-24 14:21:22 - hirelens - INFO - routes.py:158 - Evaluation complete: f9ffa7c3-7e39-4430-94dd-666e41130527
2026-01-24 14:21:50 - hirelens - INFO - routes.py:39 - Uploading resume: Sharon_Ponsily_C_Resume.pdf
2026-01-24 14:21:50 - hirelens - INFO - routes.py:55 - File saved to C:\Users\sharo\HireLens\uploads\Sharon_Ponsily_C_Resume.pdf
2026-01-24 14:21:50 - hirelens - INFO - resume_parser.py:348 - Parsing resume: C:\Users\sharo\HireLens\uploads\Sharon_Ponsily_C_Resume.pdf
2026-01-24 14:21:50 - hirelens - INFO - resume_parser.py:379 - Resume parsed successfully. Found 26 skills, 0 education entries, 1 experience entries
2026-01-24 14:21:50 - hirelens - INFO - resume_parser.py:401 - Resume saved to C:\Users\sharo\HireLens\data\parsed_resumes.json
2026-01-24 14:21:50 - hirelens - INFO - routes.py:87 - Starting evaluation pipeline
2026-01-24 14:21:50 - hirelens - INFO - routes.py:92 - Parsing resume from file
2026-01-24 14:21:50 - hirelens - INFO - resume_parser.py:348 - Parsing resume: uploads/Sharon_Ponsily_C_Resume.pdf
2026-01-24 14:21:50 - hirelens - INFO - resume_parser.py:379 - Resume parsed successfully. Found 26 skills, 0 education entries, 1 experience entries
2026-01-24 14:21:50 - hirelens - INFO - resume_parser.py:401 - Resume saved to C:\Users\sharo\HireLens\data\parsed_resumes.json
2026-01-24 14:21:50 - hirelens - INFO - routes.py:116 - Analyzing job description
2026-01-24 14:21:50 - hirelens - INFO - job_analyzer.py:255 - Analyzing job description...
2026-01-24 14:21:51 - hirelens - WARNING - job_analyzer.py:60 - No required skills found via patterns, scanning entire job description
2026-01-24 14:21:51 - hirelens - INFO - job_analyzer.py:65 - Extracted 20 required skills from job description
2026-01-24 14:21:51 - hirelens - INFO - job_analyzer.py:102 - Extracted 0 preferred skills from job description
2026-01-24 14:21:51 - hirelens - INFO - job_analyzer.py:279 - Job description analyzed. Found 20 required skills, 0 preferred skills
2026-01-24 14:21:51 - hirelens - INFO - job_analyzer.py:300 - Job description saved to C:\Users\sharo\HireLens\data\job_descriptions.json
2026-01-24 14:21:51 - hirelens - INFO - routes.py:121 - Performing hybrid evaluation
2026-01-24 14:21:51 - hirelens - INFO - evaluation_engine.py:257 - Evaluating resume 31c8397c-4488-48c9-85b4-ab0dc0496001 against job cd5aa70f-7c2e-4f0e-bee8-a150e1536a6c
2026-01-24 14:21:51 - hirelens - INFO - evaluation_engine.py:267 - Calculating TF-IDF similarity...
2026-01-24 14:21:51 - hirelens - INFO - evaluation_engine.py:269 - TF-IDF score: 0.202
2026-01-24 14:21:51 - hirelens - INFO - evaluation_engine.py:271 - Calculating fuzzy skill match...
2026-01-24 14:21:51 - hirelens - INFO - evaluation_engine.py:273 - Fuzzy match score: 0.816
2026-01-24 14:21:51 - hirelens - INFO - evaluation_engine.py:275 - Calculating embedding similarity...
2026-01-24 14:21:51 - hirelens - INFO - evaluation_engine.py:277 - Embedding score: 0.570
2026-01-24 14:21:51 - hirelens - INFO - evaluation_engine.py:281 - Hybrid score: 53.34
2026-01-24 14:21:51 - hirelens - INFO - evaluation_engine.py:285 - Classification: Medium
2026-01-24 14:21:51 - hirelens - INFO - evaluation_engine.py:304 - Evaluation complete. Matched: 13, Missing: 7
2026-01-24 14:21:51 - hirelens - INFO - evaluation_engine.py:324 - Evaluation saved to C:\Users\sharo\HireLens\data\evaluations.json
2026-01-24 14:21:51 - hirelens - INFO - routes.py:126 - Analyzing skill gaps
2026-01-24 14:21:51 - hirelens - INFO - skill_gap_analyzer.py:172 - Analyzing skill gaps for resume 31c8397c-4488-48c9-85b4-ab0dc0496001
2026-01-24 14:21:51 - hirelens - INFO - skill_gap_analyzer.py:205 - Skill gap analysis complete. Critical gaps: 7, Moderate gaps: 0, Weak areas: 0
2026-01-24 14:21:51 - hirelens - INFO - skill_gap_analyzer.py:228 - Skill gaps saved to C:\Users\sharo\HireLens\data\skill_gaps.json
2026-01-24 14:21:51 - hirelens - INFO - routes.py:131 - Generating course recommendations
2026-01-24 14:21:51 - hirelens - INFO - course_recommender.py:34 - Loaded courses for 31 skills
2026-01-24 14:21:51 - hirelens - INFO - course_recommender.py:110 - Generating course recommendations for gap 537bb1d6-73ae-4f56-8eb2-4eb64ff6f284
2026-01-24 14:21:51 - hirelens - INFO - course_recommender.py:147 - Found 2 courses for Angular
2026-01-24 14:21:51 - hirelens - WARNING - course_recommender.py:90 - No courses found for skill: Documentation
2026-01-24 14:21:51 - hirelens - WARNING - course_recommender.py:90 - No courses found for skill: Firebase
2026-01-24 14:21:51 - hirelens - WARNING - course_recommender.py:90 - No courses found for skill: Json
2026-01-24 14:21:51 - hirelens - INFO - course_recommender.py:147 - Found 2 courses for Mongodb
2026-01-24 14:21:51 - hirelens - INFO - course_recommender.py:147 - Found 3 courses for Python
2026-01-24 14:21:51 - hirelens - WARNING - course_recommender.py:90 - No courses found for skill: Vue
2026-01-24 14:21:51 - hirelens - INFO - course_recommender.py:149 - Generated recommendations for 3 skills
2026-01-24 14:21:51 - hirelens - INFO - course_recommender.py:172 - Recommendations saved to C:\Users\sharo\HireLens\data\recommendations.json
2026-01-24 14:21:51 - hirelens - INFO - routes.py:143 - Generating feedback
2026-01-24 14:21:51 - hirelens - INFO - feedback_generator.py:286 - Generating feedback for evaluation 02a5df05-8177-4d07-ab67-f497847483e3
2026-01-24 14:21:51 - hirelens - INFO - feedback_generator.py:305 - Feedback generated successfully
2026-01-24 14:21:51 - hirelens - INFO - feedback_generator.py:325 - Feedback saved to C:\Users\sharo\HireLens\data\feedback.json
2026-01-24 14:21:51 - hirelens - INFO - routes.py:158 - Evaluation complete: 02a5df05-8177-4d07-ab67-f497847483e3
2026-01-24 14:45:04 - hirelens - INFO - routes.py:39 - Uploading resume: Mock_Resume_10_Python_Developer.pdf
2026-01-24 14:45:04 - hirelens - INFO - routes.py:55 - File saved to C:\Users\sharo\HireLens\uploads\Mock_Resume_10_Python_Developer.pdf
2026-01-24 14:45:04 - hirelens - INFO - resume_parser.py:348 - Parsing resume: C:\Users\sharo\HireLens\uploads\Mock_Resume_10_Python_Developer.pdf
2026-01-24 14:45:04 - hirelens - ERROR - routes.py:73 - Error uploading resume: 2 validation errors for Education
degree
  Field required [type=missing, input_value={'year': '2026'}, input_type=dict]
    For further information visit https://errors.pydantic.dev/2.12/v/missing
institution
  Field required [type=missing, input_value={'year': '2026'}, input_type=dict]
    For further information visit https://errors.pydantic.dev/2.12/v/missing
2026-01-24 14:45:04 - hirelens - INFO - routes.py:39 - Uploading resume: Mock_Resume_9_UI_UX_Designer.pdf
2026-01-24 14:45:04 - hirelens - INFO - routes.py:55 - File saved to C:\Users\sharo\HireLens\uploads\Mock_Resume_9_UI_UX_Designer.pdf
2026-01-24 14:45:04 - hirelens - INFO - resume_parser.py:348 - Parsing resume: C:\Users\sharo\HireLens\uploads\Mock_Resume_9_UI_UX_Designer.pdf
2026-01-24 14:45:04 - hirelens - ERROR - routes.py:73 - Error uploading resume: 2 validation errors for Education
degree
  Field required [type=missing, input_value={'year': '2025'}, input_type=dict]
    For further information visit https://errors.pydantic.dev/2.12/v/missing
institution
  Field required [type=missing, input_value={'year': '2025'}, input_type=dict]
    For further information visit https://errors.pydantic.dev/2.12/v/missing
2026-01-24 14:45:04 - hirelens - INFO - routes.py:39 - Uploading resume: Mock_Resume_8_Digital_Marketer.pdf
2026-01-24 14:45:04 - hirelens - INFO - routes.py:55 - File saved to C:\Users\sharo\HireLens\uploads\Mock_Resume_8_Digital_Marketer.pdf
2026-01-24 14:45:04 - hirelens - INFO - resume_parser.py:348 - Parsing resume: C:\Users\sharo\HireLens\uploads\Mock_Resume_8_Digital_Marketer.pdf
2026-01-24 14:45:04 - hirelens - ERROR - routes.py:73 - Error uploading resume: 2 validation errors for Education
degree
  Field required [type=missing, input_value={'year': '2024'}, input_type=dict]
    For further information visit https://errors.pydantic.dev/2.12/v/missing
institution
  Field required [type=missing, input_value={'year': '2024'}, input_type=dict]
    For further information visit https://errors.pydantic.dev/2.12/v/missing
2026-01-24 14:45:04 - hirelens - INFO - routes.py:39 - Uploading resume: Mock_Resume_7_React_Developer.pdf
2026-01-24 14:45:04 - hirelens - INFO - routes.py:55 - File saved to C:\Users\sharo\HireLens\uploads\Mock_Resume_7_React_Developer.pdf
2026-01-24 14:45:04 - hirelens - INFO - resume_parser.py:348 - Parsing resume: C:\Users\sharo\HireLens\uploads\Mock_Resume_7_React_Developer.pdf
2026-01-24 14:45:04 - hirelens - ERROR - routes.py:73 - Error uploading resume: 1 validation error for Education
institution
  Field required [type=missing, input_value={'degree': 'B.Tech CSE, 2025', 'year': '2025'}, input_type=dict]
    For further information visit https://errors.pydantic.dev/2.12/v/missing
2026-01-24 14:45:04 - hirelens - INFO - routes.py:39 - Uploading resume: Mock_Resume_6_Java_Developer.pdf
2026-01-24 14:45:04 - hirelens - INFO - routes.py:55 - File saved to C:\Users\sharo\HireLens\uploads\Mock_Resume_6_Java_Developer.pdf
2026-01-24 14:45:04 - hirelens - INFO - resume_parser.py:348 - Parsing resume: C:\Users\sharo\HireLens\uploads\Mock_Resume_6_Java_Developer.pdf
2026-01-24 14:45:05 - hirelens - ERROR - routes.py:73 - Error uploading resume: 2 validation errors for Education
degree
  Field required [type=missing, input_value={'year': '2026'}, input_type=dict]
    For further information visit https://errors.pydantic.dev/2.12/v/missing
institution
  Field required [type=missing, input_value={'year': '2026'}, input_type=dict]
    For further information visit https://errors.pydantic.dev/2.12/v/missing
2026-01-24 14:45:05 - hirelens - INFO - routes.py:39 - Uploading resume: Mock_Resume_5_Data_Analyst.pdf
2026-01-24 14:45:05 - hirelens - INFO - routes.py:55 - File saved to C:\Users\sharo\HireLens\uploads\Mock_Resume_5_Data_Analyst.pdf
2026-01-24 14:45:05 - hirelens - INFO - resume_parser.py:348 - Parsing resume: C:\Users\sharo\HireLens\uploads\Mock_Resume_5_Data_Analyst.pdf
2026-01-24 14:45:05 - hirelens - ERROR - routes.py:73 - Error uploading resume: 2 validation errors for Education
degree
  Field required [type=missing, input_value={'year': '2025'}, input_type=dict]
    For further information visit https://errors.pydantic.dev/2.12/v/missing
institution
  Field required [type=missing, input_value={'year': '2025'}, input_type=dict]
    For further information visit https://errors.pydantic.dev/2.12/v/missing
2026-01-24 14:45:05 - hirelens - INFO - routes.py:39 - Uploading resume: Mock_Resume_4_AI_Intern.pdf
2026-01-24 14:45:05 - hirelens - INFO - routes.py:55 - File saved to C:\Users\sharo\HireLens\uploads\Mock_Resume_4_AI_Intern.pdf
2026-01-24 14:45:05 - hirelens - INFO - resume_parser.py:348 - Parsing resume: C:\Users\sharo\HireLens\uploads\Mock_Resume_4_AI_Intern.pdf
2026-01-24 14:45:05 - hirelens - ERROR - routes.py:73 - Error uploading resume: 2 validation errors for Education
degree
  Field required [type=missing, input_value={'year': '2026'}, input_type=dict]
    For further information visit https://errors.pydantic.dev/2.12/v/missing
institution
  Field required [type=missing, input_value={'year': '2026'}, input_type=dict]
    For further information visit https://errors.pydantic.dev/2.12/v/missing
2026-01-24 14:45:05 - hirelens - INFO - routes.py:39 - Uploading resume: Mock_Resume_3_Backend_Developer.pdf
2026-01-24 14:45:05 - hirelens - INFO - routes.py:55 - File saved to C:\Users\sharo\HireLens\uploads\Mock_Resume_3_Backend_Developer.pdf
2026-01-24 14:45:05 - hirelens - INFO - resume_parser.py:348 - Parsing resume: C:\Users\sharo\HireLens\uploads\Mock_Resume_3_Backend_Developer.pdf
2026-01-24 14:45:05 - hirelens - ERROR - routes.py:73 - Error uploading resume: 1 validation error for Education
institution
  Field required [type=missing, input_value={'degree': 'B.Tech IT, 2026', 'year': '2026'}, input_type=dict]
    For further information visit https://errors.pydantic.dev/2.12/v/missing
2026-01-24 14:45:05 - hirelens - INFO - routes.py:39 - Uploading resume: Mock_Resume_2_Frontend_Developer.pdf
2026-01-24 14:45:05 - hirelens - INFO - routes.py:55 - File saved to C:\Users\sharo\HireLens\uploads\Mock_Resume_2_Frontend_Developer.pdf
2026-01-24 14:45:05 - hirelens - INFO - resume_parser.py:348 - Parsing resume: C:\Users\sharo\HireLens\uploads\Mock_Resume_2_Frontend_Developer.pdf
2026-01-24 14:45:05 - hirelens - ERROR - routes.py:73 - Error uploading resume: 2 validation errors for Education
degree
  Field required [type=missing, input_value={'year': '2025'}, input_type=dict]
    For further information visit https://errors.pydantic.dev/2.12/v/missing
institution
  Field required [type=missing, input_value={'year': '2025'}, input_type=dict]
    For further information visit https://errors.pydantic.dev/2.12/v/missing
2026-01-24 14:45:05 - hirelens - INFO - routes.py:39 - Uploading resume: Mock_Resume_1_Full_Stack_Developer.pdf
2026-01-24 14:45:05 - hirelens - INFO - routes.py:55 - File saved to C:\Users\sharo\HireLens\uploads\Mock_Resume_1_Full_Stack_Developer.pdf
2026-01-24 14:45:05 - hirelens - INFO - resume_parser.py:348 - Parsing resume: C:\Users\sharo\HireLens\uploads\Mock_Resume_1_Full_Stack_Developer.pdf
2026-01-24 14:45:05 - hirelens - ERROR - routes.py:73 - Error uploading resume: 2 validation errors for Education
degree
  Field required [type=missing, input_value={'year': '2026'}, input_type=dict]
    For further information visit https://errors.pydantic.dev/2.12/v/missing
institution
  Field required [type=missing, input_value={'year': '2026'}, input_type=dict]
    For further information visit https://errors.pydantic.dev/2.12/v/missing
2026-01-24 14:45:05 - hirelens - INFO - routes.py:181 - Starting batch evaluation of 0 resumes
2026-01-24 14:45:05 - hirelens - INFO - job_analyzer.py:255 - Analyzing job description...
2026-01-24 14:45:05 - hirelens - WARNING - job_analyzer.py:60 - No required skills found via patterns, scanning entire job description
2026-01-24 14:45:06 - hirelens - INFO - job_analyzer.py:65 - Extracted 20 required skills from job description
2026-01-24 14:45:06 - hirelens - INFO - job_analyzer.py:102 - Extracted 0 preferred skills from job description
2026-01-24 14:45:06 - hirelens - INFO - job_analyzer.py:279 - Job description analyzed. Found 20 required skills, 0 preferred skills
2026-01-24 14:45:06 - hirelens - INFO - job_analyzer.py:300 - Job description saved to C:\Users\sharo\HireLens\data\job_descriptions.json
2026-01-24 14:45:06 - hirelens - INFO - course_recommender.py:34 - Loaded courses for 31 skills
2026-01-24 14:45:06 - hirelens - INFO - routes.py:242 - Batch evaluation complete. Evaluated 0 resumes, avg score: 0.00
2026-01-24 14:45:12 - hirelens - INFO - routes.py:39 - Uploading resume: Mock_Resume_10_Python_Developer.pdf
2026-01-24 14:45:12 - hirelens - INFO - routes.py:55 - File saved to C:\Users\sharo\HireLens\uploads\Mock_Resume_10_Python_Developer.pdf
2026-01-24 14:45:12 - hirelens - INFO - resume_parser.py:348 - Parsing resume: C:\Users\sharo\HireLens\uploads\Mock_Resume_10_Python_Developer.pdf
2026-01-24 14:45:13 - hirelens - ERROR - routes.py:73 - Error uploading resume: 2 validation errors for Education
degree
  Field required [type=missing, input_value={'year': '2026'}, input_type=dict]
    For further information visit https://errors.pydantic.dev/2.12/v/missing
institution
  Field required [type=missing, input_value={'year': '2026'}, input_type=dict]
    For further information visit https://errors.pydantic.dev/2.12/v/missing
2026-01-24 14:45:13 - hirelens - INFO - routes.py:39 - Uploading resume: Mock_Resume_9_UI_UX_Designer.pdf
2026-01-24 14:45:13 - hirelens - INFO - routes.py:55 - File saved to C:\Users\sharo\HireLens\uploads\Mock_Resume_9_UI_UX_Designer.pdf
2026-01-24 14:45:13 - hirelens - INFO - resume_parser.py:348 - Parsing resume: C:\Users\sharo\HireLens\uploads\Mock_Resume_9_UI_UX_Designer.pdf
2026-01-24 14:45:13 - hirelens - ERROR - routes.py:73 - Error uploading resume: 2 validation errors for Education
degree
  Field required [type=missing, input_value={'year': '2025'}, input_type=dict]
    For further information visit https://errors.pydantic.dev/2.12/v/missing
institution
  Field required [type=missing, input_value={'year': '2025'}, input_type=dict]
    For further information visit https://errors.pydantic.dev/2.12/v/missing
2026-01-24 14:45:13 - hirelens - INFO - routes.py:39 - Uploading resume: Mock_Resume_8_Digital_Marketer.pdf
2026-01-24 14:45:13 - hirelens - INFO - routes.py:55 - File saved to C:\Users\sharo\HireLens\uploads\Mock_Resume_8_Digital_Marketer.pdf
2026-01-24 14:45:13 - hirelens - INFO - resume_parser.py:348 - Parsing resume: C:\Users\sharo\HireLens\uploads\Mock_Resume_8_Digital_Marketer.pdf
2026-01-24 14:45:13 - hirelens - ERROR - routes.py:73 - Error uploading resume: 2 validation errors for Education
degree
  Field required [type=missing, input_value={'year': '2024'}, input_type=dict]
    For further information visit https://errors.pydantic.dev/2.12/v/missing
institution
  Field required [type=missing, input_value={'year': '2024'}, input_type=dict]
    For further information visit https://errors.pydantic.dev/2.12/v/missing
2026-01-24 14:45:13 - hirelens - INFO - routes.py:39 - Uploading resume: Mock_Resume_7_React_Developer.pdf
2026-01-24 14:45:13 - hirelens - INFO - routes.py:55 - File saved to C:\Users\sharo\HireLens\uploads\Mock_Resume_7_React_Developer.pdf
2026-01-24 14:45:13 - hirelens - INFO - resume_parser.py:348 - Parsing resume: C:\Users\sharo\HireLens\uploads\Mock_Resume_7_React_Developer.pdf
2026-01-24 14:45:13 - hirelens - ERROR - routes.py:73 - Error uploading resume: 1 validation error for Education
institution
  Field required [type=missing, input_value={'degree': 'B.Tech CSE, 2025', 'year': '2025'}, input_type=dict]
    For further information visit https://errors.pydantic.dev/2.12/v/missing
2026-01-24 14:45:13 - hirelens - INFO - routes.py:39 - Uploading resume: Mock_Resume_6_Java_Developer.pdf
2026-01-24 14:45:13 - hirelens - INFO - routes.py:55 - File saved to C:\Users\sharo\HireLens\uploads\Mock_Resume_6_Java_Developer.pdf
2026-01-24 14:45:13 - hirelens - INFO - resume_parser.py:348 - Parsing resume: C:\Users\sharo\HireLens\uploads\Mock_Resume_6_Java_Developer.pdf
2026-01-24 14:45:13 - hirelens - ERROR - routes.py:73 - Error uploading resume: 2 validation errors for Education
degree
  Field required [type=missing, input_value={'year': '2026'}, input_type=dict]
    For further information visit https://errors.pydantic.dev/2.12/v/missing
institution
  Field required [type=missing, input_value={'year': '2026'}, input_type=dict]
    For further information visit https://errors.pydantic.dev/2.12/v/missing
2026-01-24 14:45:13 - hirelens - INFO - routes.py:39 - Uploading resume: Mock_Resume_5_Data_Analyst.pdf
2026-01-24 14:45:13 - hirelens - INFO - routes.py:55 - File saved to C:\Users\sharo\HireLens\uploads\Mock_Resume_5_Data_Analyst.pdf
2026-01-24 14:45:13 - hirelens - INFO - resume_parser.py:348 - Parsing resume: C:\Users\sharo\HireLens\uploads\Mock_Resume_5_Data_Analyst.pdf
2026-01-24 14:45:13 - hirelens - ERROR - routes.py:73 - Error uploading resume: 2 validation errors for Education
degree
  Field required [type=missing, input_value={'year': '2025'}, input_type=dict]
    For further information visit https://errors.pydantic.dev/2.12/v/missing
institution
  Field required [type=missing, input_value={'year': '2025'}, input_type=dict]
    For further information visit https://errors.pydantic.dev/2.12/v/missing
2026-01-24 14:45:13 - hirelens - INFO - routes.py:39 - Uploading resume: Mock_Resume_4_AI_Intern.pdf
2026-01-24 14:45:13 - hirelens - INFO - routes.py:55 - File saved to C:\Users\sharo\HireLens\uploads\Mock_Resume_4_AI_Intern.pdf
2026-01-24 14:45:13 - hirelens - INFO - resume_parser.py:348 - Parsing resume: C:\Users\sharo\HireLens\uploads\Mock_Resume_4_AI_Intern.pdf
2026-01-24 14:45:13 - hirelens - ERROR - routes.py:73 - Error uploading resume: 2 validation errors for Education
degree
  Field required [type=missing, input_value={'year': '2026'}, input_type=dict]
    For further information visit https://errors.pydantic.dev/2.12/v/missing
institution
  Field required [type=missing, input_value={'year': '2026'}, input_type=dict]
    For further information visit https://errors.pydantic.dev/2.12/v/missing
2026-01-24 14:45:13 - hirelens - INFO - routes.py:39 - Uploading resume: Mock_Resume_3_Backend_Developer.pdf
2026-01-24 14:45:13 - hirelens - INFO - routes.py:55 - File saved to C:\Users\sharo\HireLens\uploads\Mock_Resume_3_Backend_Developer.pdf
2026-01-24 14:45:13 - hirelens - INFO - resume_parser.py:348 - Parsing resume: C:\Users\sharo\HireLens\uploads\Mock_Resume_3_Backend_Developer.pdf
2026-01-24 14:45:13 - hirelens - ERROR - routes.py:73 - Error uploading resume: 1 validation error for Education
institution
  Field required [type=missing, input_value={'degree': 'B.Tech IT, 2026', 'year': '2026'}, input_type=dict]
    For further information visit https://errors.pydantic.dev/2.12/v/missing
2026-01-24 14:45:13 - hirelens - INFO - routes.py:39 - Uploading resume: Mock_Resume_2_Frontend_Developer.pdf
2026-01-24 14:45:13 - hirelens - INFO - routes.py:55 - File saved to C:\Users\sharo\HireLens\uploads\Mock_Resume_2_Frontend_Developer.pdf
2026-01-24 14:45:13 - hirelens - INFO - resume_parser.py:348 - Parsing resume: C:\Users\sharo\HireLens\uploads\Mock_Resume_2_Frontend_Developer.pdf
2026-01-24 14:45:13 - hirelens - ERROR - routes.py:73 - Error uploading resume: 2 validation errors for Education
degree
  Field required [type=missing, input_value={'year': '2025'}, input_type=dict]
    For further information visit https://errors.pydantic.dev/2.12/v/missing
institution
  Field required [type=missing, input_value={'year': '2025'}, input_type=dict]
    For further information visit https://errors.pydantic.dev/2.12/v/missing
2026-01-24 14:45:13 - hirelens - INFO - routes.py:39 - Uploading resume: Mock_Resume_1_Full_Stack_Developer.pdf
2026-01-24 14:45:13 - hirelens - INFO - routes.py:55 - File saved to C:\Users\sharo\HireLens\uploads\Mock_Resume_1_Full_Stack_Developer.pdf
2026-01-24 14:45:13 - hirelens - INFO - resume_parser.py:348 - Parsing resume: C:\Users\sharo\HireLens\uploads\Mock_Resume_1_Full_Stack_Developer.pdf
2026-01-24 14:45:14 - hirelens - ERROR - routes.py:73 - Error uploading resume: 2 validation errors for Education
degree
  Field required [type=missing, input_value={'year': '2026'}, input_type=dict]
    For further information visit https://errors.pydantic.dev/2.12/v/missing
institution
  Field required [type=missing, input_value={'year': '2026'}, input_type=dict]
    For further information visit https://errors.pydantic.dev/2.12/v/missing
2026-01-24 14:45:14 - hirelens - INFO - routes.py:181 - Starting batch evaluation of 0 resumes
2026-01-24 14:45:14 - hirelens - INFO - job_analyzer.py:255 - Analyzing job description...
2026-01-24 14:45:14 - hirelens - WARNING - job_analyzer.py:60 - No required skills found via patterns, scanning entire job description
2026-01-24 14:45:14 - hirelens - INFO - job_analyzer.py:65 - Extracted 20 required skills from job description
2026-01-24 14:45:14 - hirelens - INFO - job_analyzer.py:102 - Extracted 0 preferred skills from job description
2026-01-24 14:45:14 - hirelens - INFO - job_analyzer.py:279 - Job description analyzed. Found 20 required skills, 0 preferred skills
2026-01-24 14:45:14 - hirelens - INFO - job_analyzer.py:300 - Job description saved to C:\Users\sharo\HireLens\data\job_descriptions.json
2026-01-24 14:45:14 - hirelens - INFO - course_recommender.py:34 - Loaded courses for 31 skills
2026-01-24 14:45:14 - hirelens - INFO - routes.py:242 - Batch evaluation complete. Evaluated 0 resumes, avg score: 0.00
2026-01-24 14:55:55 - hirelens - INFO - routes.py:39 - Uploading resume: Mock_Resume_10_Python_Developer.pdf
2026-01-24 14:55:55 - hirelens - INFO - routes.py:55 - File saved to C:\Users\sharo\HireLens\uploads\Mock_Resume_10_Python_Developer.pdf
2026-01-24 14:55:55 - hirelens - INFO - resume_parser.py:348 - Parsing resume: C:\Users\sharo\HireLens\uploads\Mock_Resume_10_Python_Developer.pdf
2026-01-24 14:55:56 - hirelens - ERROR - routes.py:73 - Error uploading resume: 2 validation errors for Education
degree
  Field required [type=missing, input_value={'year': '2026'}, input_type=dict]
    For further information visit https://errors.pydantic.dev/2.12/v/missing
institution
  Field required [type=missing, input_value={'year': '2026'}, input_type=dict]
    For further information visit https://errors.pydantic.dev/2.12/v/missing
2026-01-24 14:56:25 - hirelens - INFO - routes.py:39 - Uploading resume: Mock_Resume_9_UI_UX_Designer.pdf
2026-01-24 14:56:25 - hirelens - INFO - routes.py:55 - File saved to C:\Users\sharo\HireLens\uploads\Mock_Resume_9_UI_UX_Designer.pdf
2026-01-24 14:56:25 - hirelens - INFO - resume_parser.py:348 - Parsing resume: C:\Users\sharo\HireLens\uploads\Mock_Resume_9_UI_UX_Designer.pdf
2026-01-24 14:56:26 - hirelens - ERROR - routes.py:73 - Error uploading resume: 2 validation errors for Education
degree
  Field required [type=missing, input_value={'year': '2025'}, input_type=dict]
    For further information visit https://errors.pydantic.dev/2.12/v/missing
institution
  Field required [type=missing, input_value={'year': '2025'}, input_type=dict]
    For further information visit https://errors.pydantic.dev/2.12/v/missing
2026-01-24 14:56:26 - hirelens - INFO - routes.py:39 - Uploading resume: Mock_Resume_8_Digital_Marketer.pdf
2026-01-24 14:56:26 - hirelens - INFO - routes.py:55 - File saved to C:\Users\sharo\HireLens\uploads\Mock_Resume_8_Digital_Marketer.pdf
2026-01-24 14:56:26 - hirelens - INFO - resume_parser.py:348 - Parsing resume: C:\Users\sharo\HireLens\uploads\Mock_Resume_8_Digital_Marketer.pdf
2026-01-24 14:56:26 - hirelens - ERROR - routes.py:73 - Error uploading resume: 2 validation errors for Education
degree
  Field required [type=missing, input_value={'year': '2024'}, input_type=dict]
    For further information visit https://errors.pydantic.dev/2.12/v/missing
institution
  Field required [type=missing, input_value={'year': '2024'}, input_type=dict]
    For further information visit https://errors.pydantic.dev/2.12/v/missing
2026-01-24 14:56:26 - hirelens - INFO - routes.py:39 - Uploading resume: Mock_Resume_7_React_Developer.pdf
2026-01-24 14:56:26 - hirelens - INFO - routes.py:55 - File saved to C:\Users\sharo\HireLens\uploads\Mock_Resume_7_React_Developer.pdf
2026-01-24 14:56:26 - hirelens - INFO - resume_parser.py:348 - Parsing resume: C:\Users\sharo\HireLens\uploads\Mock_Resume_7_React_Developer.pdf
2026-01-24 14:56:26 - hirelens - ERROR - routes.py:73 - Error uploading resume: 1 validation error for Education
institution
  Field required [type=missing, input_value={'degree': 'B.Tech CSE, 2025', 'year': '2025'}, input_type=dict]
    For further information visit https://errors.pydantic.dev/2.12/v/missing
2026-01-24 14:56:26 - hirelens - INFO - routes.py:39 - Uploading resume: Mock_Resume_6_Java_Developer.pdf
2026-01-24 14:56:26 - hirelens - INFO - routes.py:55 - File saved to C:\Users\sharo\HireLens\uploads\Mock_Resume_6_Java_Developer.pdf
2026-01-24 14:56:26 - hirelens - INFO - resume_parser.py:348 - Parsing resume: C:\Users\sharo\HireLens\uploads\Mock_Resume_6_Java_Developer.pdf
2026-01-24 14:56:26 - hirelens - ERROR - routes.py:73 - Error uploading resume: 2 validation errors for Education
degree
  Field required [type=missing, input_value={'year': '2026'}, input_type=dict]
    For further information visit https://errors.pydantic.dev/2.12/v/missing
institution
  Field required [type=missing, input_value={'year': '2026'}, input_type=dict]
    For further information visit https://errors.pydantic.dev/2.12/v/missing
2026-01-24 14:56:26 - hirelens - INFO - routes.py:39 - Uploading resume: Mock_Resume_5_Data_Analyst.pdf
2026-01-24 14:56:26 - hirelens - INFO - routes.py:55 - File saved to C:\Users\sharo\HireLens\uploads\Mock_Resume_5_Data_Analyst.pdf
2026-01-24 14:56:26 - hirelens - INFO - resume_parser.py:348 - Parsing resume: C:\Users\sharo\HireLens\uploads\Mock_Resume_5_Data_Analyst.pdf
2026-01-24 14:56:26 - hirelens - ERROR - routes.py:73 - Error uploading resume: 2 validation errors for Education
degree
  Field required [type=missing, input_value={'year': '2025'}, input_type=dict]
    For further information visit https://errors.pydantic.dev/2.12/v/missing
institution
  Field required [type=missing, input_value={'year': '2025'}, input_type=dict]
    For further information visit https://errors.pydantic.dev/2.12/v/missing
2026-01-24 14:56:26 - hirelens - INFO - routes.py:39 - Uploading resume: Mock_Resume_4_AI_Intern.pdf
2026-01-24 14:56:26 - hirelens - INFO - routes.py:55 - File saved to C:\Users\sharo\HireLens\uploads\Mock_Resume_4_AI_Intern.pdf
2026-01-24 14:56:26 - hirelens - INFO - resume_parser.py:348 - Parsing resume: C:\Users\sharo\HireLens\uploads\Mock_Resume_4_AI_Intern.pdf
2026-01-24 14:56:26 - hirelens - ERROR - routes.py:73 - Error uploading resume: 2 validation errors for Education
degree
  Field required [type=missing, input_value={'year': '2026'}, input_type=dict]
    For further information visit https://errors.pydantic.dev/2.12/v/missing
institution
  Field required [type=missing, input_value={'year': '2026'}, input_type=dict]
    For further information visit https://errors.pydantic.dev/2.12/v/missing
2026-01-24 14:56:26 - hirelens - INFO - routes.py:39 - Uploading resume: Mock_Resume_3_Backend_Developer.pdf
2026-01-24 14:56:26 - hirelens - INFO - routes.py:55 - File saved to C:\Users\sharo\HireLens\uploads\Mock_Resume_3_Backend_Developer.pdf
2026-01-24 14:56:26 - hirelens - INFO - resume_parser.py:348 - Parsing resume: C:\Users\sharo\HireLens\uploads\Mock_Resume_3_Backend_Developer.pdf
2026-01-24 14:56:26 - hirelens - ERROR - routes.py:73 - Error uploading resume: 1 validation error for Education
institution
  Field required [type=missing, input_value={'degree': 'B.Tech IT, 2026', 'year': '2026'}, input_type=dict]
    For further information visit https://errors.pydantic.dev/2.12/v/missing
2026-01-24 14:56:26 - hirelens - INFO - routes.py:39 - Uploading resume: Mock_Resume_2_Frontend_Developer.pdf
2026-01-24 14:56:26 - hirelens - INFO - routes.py:55 - File saved to C:\Users\sharo\HireLens\uploads\Mock_Resume_2_Frontend_Developer.pdf
2026-01-24 14:56:26 - hirelens - INFO - resume_parser.py:348 - Parsing resume: C:\Users\sharo\HireLens\uploads\Mock_Resume_2_Frontend_Developer.pdf
2026-01-24 14:56:26 - hirelens - ERROR - routes.py:73 - Error uploading resume: 2 validation errors for Education
degree
  Field required [type=missing, input_value={'year': '2025'}, input_type=dict]
    For further information visit https://errors.pydantic.dev/2.12/v/missing
institution
  Field required [type=missing, input_value={'year': '2025'}, input_type=dict]
    For further information visit https://errors.pydantic.dev/2.12/v/missing
2026-01-24 14:56:26 - hirelens - INFO - routes.py:39 - Uploading resume: Mock_Resume_1_Full_Stack_Developer.pdf
2026-01-24 14:56:27 - hirelens - INFO - routes.py:55 - File saved to C:\Users\sharo\HireLens\uploads\Mock_Resume_1_Full_Stack_Developer.pdf
2026-01-24 14:56:27 - hirelens - INFO - resume_parser.py:348 - Parsing resume: C:\Users\sharo\HireLens\uploads\Mock_Resume_1_Full_Stack_Developer.pdf
2026-01-24 14:56:27 - hirelens - ERROR - routes.py:73 - Error uploading resume: 2 validation errors for Education
degree
  Field required [type=missing, input_value={'year': '2026'}, input_type=dict]
    For further information visit https://errors.pydantic.dev/2.12/v/missing
institution
  Field required [type=missing, input_value={'year': '2026'}, input_type=dict]
    For further information visit https://errors.pydantic.dev/2.12/v/missing
2026-01-24 15:00:37 - hirelens - INFO - routes.py:39 - Uploading resume: Mock_Resume_10_Python_Developer.pdf
2026-01-24 15:00:37 - hirelens - INFO - routes.py:55 - File saved to C:\Users\sharo\HireLens\uploads\Mock_Resume_10_Python_Developer.pdf
2026-01-24 15:00:37 - hirelens - INFO - resume_parser.py:363 - Parsing resume: C:\Users\sharo\HireLens\uploads\Mock_Resume_10_Python_Developer.pdf
2026-01-24 15:00:38 - hirelens - ERROR - resume_parser.py:399 - Error extracting resume components: 2 validation errors for Education
degree
  Field required [type=missing, input_value={'year': '2026'}, input_type=dict]
    For further information visit https://errors.pydantic.dev/2.12/v/missing
institution
  Field required [type=missing, input_value={'year': '2026'}, input_type=dict]
    For further information visit https://errors.pydantic.dev/2.12/v/missing
2026-01-24 15:00:38 - hirelens - INFO - resume_parser.py:416 - Resume parsed successfully. Found 0 skills
2026-01-24 15:00:38 - hirelens - INFO - resume_parser.py:436 - Resume saved to C:\Users\sharo\HireLens\data\parsed_resumes.json
2026-01-24 15:00:38 - hirelens - INFO - routes.py:39 - Uploading resume: Mock_Resume_9_UI_UX_Designer.pdf
2026-01-24 15:00:38 - hirelens - INFO - routes.py:55 - File saved to C:\Users\sharo\HireLens\uploads\Mock_Resume_9_UI_UX_Designer.pdf
2026-01-24 15:00:39 - hirelens - INFO - resume_parser.py:363 - Parsing resume: C:\Users\sharo\HireLens\uploads\Mock_Resume_9_UI_UX_Designer.pdf
2026-01-24 15:00:39 - hirelens - ERROR - resume_parser.py:399 - Error extracting resume components: 2 validation errors for Education
degree
  Field required [type=missing, input_value={'year': '2025'}, input_type=dict]
    For further information visit https://errors.pydantic.dev/2.12/v/missing
institution
  Field required [type=missing, input_value={'year': '2025'}, input_type=dict]
    For further information visit https://errors.pydantic.dev/2.12/v/missing
2026-01-24 15:00:39 - hirelens - INFO - resume_parser.py:416 - Resume parsed successfully. Found 0 skills
2026-01-24 15:00:39 - hirelens - INFO - resume_parser.py:436 - Resume saved to C:\Users\sharo\HireLens\data\parsed_resumes.json
2026-01-24 15:00:39 - hirelens - INFO - routes.py:39 - Uploading resume: Mock_Resume_8_Digital_Marketer.pdf
2026-01-24 15:00:39 - hirelens - INFO - routes.py:55 - File saved to C:\Users\sharo\HireLens\uploads\Mock_Resume_8_Digital_Marketer.pdf
2026-01-24 15:00:39 - hirelens - INFO - resume_parser.py:363 - Parsing resume: C:\Users\sharo\HireLens\uploads\Mock_Resume_8_Digital_Marketer.pdf
2026-01-24 15:00:39 - hirelens - ERROR - resume_parser.py:399 - Error extracting resume components: 2 validation errors for Education
degree
  Field required [type=missing, input_value={'year': '2024'}, input_type=dict]
    For further information visit https://errors.pydantic.dev/2.12/v/missing
institution
  Field required [type=missing, input_value={'year': '2024'}, input_type=dict]
    For further information visit https://errors.pydantic.dev/2.12/v/missing
2026-01-24 15:00:39 - hirelens - INFO - resume_parser.py:416 - Resume parsed successfully. Found 0 skills
2026-01-24 15:00:39 - hirelens - INFO - resume_parser.py:436 - Resume saved to C:\Users\sharo\HireLens\data\parsed_resumes.json
2026-01-24 15:00:39 - hirelens - INFO - routes.py:39 - Uploading resume: Mock_Resume_7_React_Developer.pdf
2026-01-24 15:00:39 - hirelens - INFO - routes.py:55 - File saved to C:\Users\sharo\HireLens\uploads\Mock_Resume_7_React_Developer.pdf
2026-01-24 15:00:39 - hirelens - INFO - resume_parser.py:363 - Parsing resume: C:\Users\sharo\HireLens\uploads\Mock_Resume_7_React_Developer.pdf
2026-01-24 15:00:39 - hirelens - ERROR - resume_parser.py:399 - Error extracting resume components: 1 validation error for Education
institution
  Field required [type=missing, input_value={'degree': 'B.Tech CSE, 2025', 'year': '2025'}, input_type=dict]
    For further information visit https://errors.pydantic.dev/2.12/v/missing
2026-01-24 15:00:39 - hirelens - INFO - resume_parser.py:416 - Resume parsed successfully. Found 0 skills
2026-01-24 15:00:39 - hirelens - INFO - resume_parser.py:436 - Resume saved to C:\Users\sharo\HireLens\data\parsed_resumes.json
2026-01-24 15:00:39 - hirelens - INFO - routes.py:39 - Uploading resume: Mock_Resume_6_Java_Developer.pdf
2026-01-24 15:00:39 - hirelens - INFO - routes.py:55 - File saved to C:\Users\sharo\HireLens\uploads\Mock_Resume_6_Java_Developer.pdf
2026-01-24 15:00:39 - hirelens - INFO - resume_parser.py:363 - Parsing resume: C:\Users\sharo\HireLens\uploads\Mock_Resume_6_Java_Developer.pdf
2026-01-24 15:00:39 - hirelens - ERROR - resume_parser.py:399 - Error extracting resume components: 2 validation errors for Education
degree
  Field required [type=missing, input_value={'year': '2026'}, input_type=dict]
    For further information visit https://errors.pydantic.dev/2.12/v/missing
institution
  Field required [type=missing, input_value={'year': '2026'}, input_type=dict]
    For further information visit https://errors.pydantic.dev/2.12/v/missing
2026-01-24 15:00:39 - hirelens - INFO - resume_parser.py:416 - Resume parsed successfully. Found 0 skills
2026-01-24 15:00:39 - hirelens - INFO - resume_parser.py:436 - Resume saved to C:\Users\sharo\HireLens\data\parsed_resumes.json
2026-01-24 15:00:39 - hirelens - INFO - routes.py:39 - Uploading resume: Mock_Resume_5_Data_Analyst.pdf
2026-01-24 15:00:39 - hirelens - INFO - routes.py:55 - File saved to C:\Users\sharo\HireLens\uploads\Mock_Resume_5_Data_Analyst.pdf
2026-01-24 15:00:39 - hirelens - INFO - resume_parser.py:363 - Parsing resume: C:\Users\sharo\HireLens\uploads\Mock_Resume_5_Data_Analyst.pdf
2026-01-24 15:00:39 - hirelens - ERROR - resume_parser.py:399 - Error extracting resume components: 2 validation errors for Education
degree
  Field required [type=missing, input_value={'year': '2025'}, input_type=dict]
    For further information visit https://errors.pydantic.dev/2.12/v/missing
institution
  Field required [type=missing, input_value={'year': '2025'}, input_type=dict]
    For further information visit https://errors.pydantic.dev/2.12/v/missing
2026-01-24 15:00:39 - hirelens - INFO - resume_parser.py:416 - Resume parsed successfully. Found 0 skills
2026-01-24 15:00:39 - hirelens - INFO - resume_parser.py:436 - Resume saved to C:\Users\sharo\HireLens\data\parsed_resumes.json
2026-01-24 15:00:39 - hirelens - INFO - routes.py:39 - Uploading resume: Mock_Resume_4_AI_Intern.pdf
2026-01-24 15:00:39 - hirelens - INFO - routes.py:55 - File saved to C:\Users\sharo\HireLens\uploads\Mock_Resume_4_AI_Intern.pdf
2026-01-24 15:00:39 - hirelens - INFO - resume_parser.py:363 - Parsing resume: C:\Users\sharo\HireLens\uploads\Mock_Resume_4_AI_Intern.pdf
2026-01-24 15:00:40 - hirelens - ERROR - resume_parser.py:399 - Error extracting resume components: 2 validation errors for Education
degree
  Field required [type=missing, input_value={'year': '2026'}, input_type=dict]
    For further information visit https://errors.pydantic.dev/2.12/v/missing
institution
  Field required [type=missing, input_value={'year': '2026'}, input_type=dict]
    For further information visit https://errors.pydantic.dev/2.12/v/missing
2026-01-24 15:00:40 - hirelens - INFO - resume_parser.py:416 - Resume parsed successfully. Found 0 skills
2026-01-24 15:00:40 - hirelens - INFO - resume_parser.py:436 - Resume saved to C:\Users\sharo\HireLens\data\parsed_resumes.json
2026-01-24 15:00:40 - hirelens - INFO - routes.py:39 - Uploading resume: Mock_Resume_3_Backend_Developer.pdf
2026-01-24 15:00:40 - hirelens - INFO - routes.py:55 - File saved to C:\Users\sharo\HireLens\uploads\Mock_Resume_3_Backend_Developer.pdf
2026-01-24 15:00:40 - hirelens - INFO - resume_parser.py:363 - Parsing resume: C:\Users\sharo\HireLens\uploads\Mock_Resume_3_Backend_Developer.pdf
2026-01-24 15:00:40 - hirelens - ERROR - resume_parser.py:399 - Error extracting resume components: 1 validation error for Education
institution
  Field required [type=missing, input_value={'degree': 'B.Tech IT, 2026', 'year': '2026'}, input_type=dict]
    For further information visit https://errors.pydantic.dev/2.12/v/missing
2026-01-24 15:00:40 - hirelens - INFO - resume_parser.py:416 - Resume parsed successfully. Found 0 skills
2026-01-24 15:00:40 - hirelens - INFO - resume_parser.py:436 - Resume saved to C:\Users\sharo\HireLens\data\parsed_resumes.json
2026-01-24 15:00:40 - hirelens - INFO - routes.py:39 - Uploading resume: Mock_Resume_2_Frontend_Developer.pdf
2026-01-24 15:00:40 - hirelens - INFO - routes.py:55 - File saved to C:\Users\sharo\HireLens\uploads\Mock_Resume_2_Frontend_Developer.pdf
2026-01-24 15:00:40 - hirelens - INFO - resume_parser.py:363 - Parsing resume: C:\Users\sharo\HireLens\uploads\Mock_Resume_2_Frontend_Developer.pdf
2026-01-24 15:00:40 - hirelens - ERROR - resume_parser.py:399 - Error extracting resume components: 2 validation errors for Education
degree
  Field required [type=missing, input_value={'year': '2025'}, input_type=dict]
    For further information visit https://errors.pydantic.dev/2.12/v/missing
institution
  Field required [type=missing, input_value={'year': '2025'}, input_type=dict]
    For further information visit https://errors.pydantic.dev/2.12/v/missing
2026-01-24 15:00:40 - hirelens - INFO - resume_parser.py:416 - Resume parsed successfully. Found 0 skills
2026-01-24 15:00:40 - hirelens - INFO - resume_parser.py:436 - Resume saved to C:\Users\sharo\HireLens\data\parsed_resumes.json
2026-01-24 15:00:40 - hirelens - INFO - routes.py:39 - Uploading resume: Mock_Resume_1_Full_Stack_Developer.pdf
2026-01-24 15:00:40 - hirelens - INFO - routes.py:55 - File saved to C:\Users\sharo\HireLens\uploads\Mock_Resume_1_Full_Stack_Developer.pdf
2026-01-24 15:00:40 - hirelens - INFO - resume_parser.py:363 - Parsing resume: C:\Users\sharo\HireLens\uploads\Mock_Resume_1_Full_Stack_Developer.pdf
2026-01-24 15:00:40 - hirelens - ERROR - resume_parser.py:399 - Error extracting resume components: 2 validation errors for Education
degree
  Field required [type=missing, input_value={'year': '2026'}, input_type=dict]
    For further information visit https://errors.pydantic.dev/2.12/v/missing
institution
  Field required [type=missing, input_value={'year': '2026'}, input_type=dict]
    For further information visit https://errors.pydantic.dev/2.12/v/missing
2026-01-24 15:00:40 - hirelens - INFO - resume_parser.py:416 - Resume parsed successfully. Found 0 skills
2026-01-24 15:00:40 - hirelens - INFO - resume_parser.py:436 - Resume saved to C:\Users\sharo\HireLens\data\parsed_resumes.json
2026-01-24 15:00:40 - hirelens - INFO - routes.py:183 - Starting batch evaluation of 10 resumes
2026-01-24 15:00:40 - hirelens - INFO - job_analyzer.py:255 - Analyzing job description...
2026-01-24 15:00:40 - hirelens - WARNING - job_analyzer.py:60 - No required skills found via patterns, scanning entire job description
2026-01-24 15:00:40 - hirelens - INFO - job_analyzer.py:65 - Extracted 20 required skills from job description
2026-01-24 15:00:40 - hirelens - INFO - job_analyzer.py:102 - Extracted 0 preferred skills from job description
2026-01-24 15:00:40 - hirelens - INFO - job_analyzer.py:279 - Job description analyzed. Found 20 required skills, 0 preferred skills
2026-01-24 15:00:40 - hirelens - INFO - job_analyzer.py:300 - Job description saved to C:\Users\sharo\HireLens\data\job_descriptions.json
2026-01-24 15:00:40 - hirelens - INFO - course_recommender.py:34 - Loaded courses for 31 skills
2026-01-24 15:00:40 - hirelens - INFO - routes.py:199 - Evaluating resume: Mock_Resume_10_Python_Developer.pdf
2026-01-24 15:00:40 - hirelens - INFO - resume_parser.py:363 - Parsing resume: Mock_Resume_10_Python_Developer.pdf
2026-01-24 15:00:40 - hirelens - ERROR - resume_parser.py:35 - Error extracting text from PDF Mock_Resume_10_Python_Developer.pdf: [Errno 2] No such file or directory: 'Mock_Resume_10_Python_Developer.pdf'
2026-01-24 15:00:40 - hirelens - ERROR - routes.py:239 - Error evaluating resume Mock_Resume_10_Python_Developer.pdf: No text could be extracted from resume
2026-01-24 15:00:40 - hirelens - INFO - routes.py:199 - Evaluating resume: Mock_Resume_9_UI_UX_Designer.pdf
2026-01-24 15:00:40 - hirelens - INFO - resume_parser.py:363 - Parsing resume: Mock_Resume_9_UI_UX_Designer.pdf
2026-01-24 15:00:40 - hirelens - ERROR - resume_parser.py:35 - Error extracting text from PDF Mock_Resume_9_UI_UX_Designer.pdf: [Errno 2] No such file or directory: 'Mock_Resume_9_UI_UX_Designer.pdf'
2026-01-24 15:00:40 - hirelens - ERROR - routes.py:239 - Error evaluating resume Mock_Resume_9_UI_UX_Designer.pdf: No text could be extracted from resume
2026-01-24 15:00:40 - hirelens - INFO - routes.py:199 - Evaluating resume: Mock_Resume_8_Digital_Marketer.pdf
2026-01-24 15:00:40 - hirelens - INFO - resume_parser.py:363 - Parsing resume: Mock_Resume_8_Digital_Marketer.pdf
2026-01-24 15:00:40 - hirelens - ERROR - resume_parser.py:35 - Error extracting text from PDF Mock_Resume_8_Digital_Marketer.pdf: [Errno 2] No such file or directory: 'Mock_Resume_8_Digital_Marketer.pdf'
2026-01-24 15:00:40 - hirelens - ERROR - routes.py:239 - Error evaluating resume Mock_Resume_8_Digital_Marketer.pdf: No text could be extracted from resume
2026-01-24 15:00:40 - hirelens - INFO - routes.py:199 - Evaluating resume: Mock_Resume_7_React_Developer.pdf
2026-01-24 15:00:40 - hirelens - INFO - resume_parser.py:363 - Parsing resume: Mock_Resume_7_React_Developer.pdf
2026-01-24 15:00:40 - hirelens - ERROR - resume_parser.py:35 - Error extracting text from PDF Mock_Resume_7_React_Developer.pdf: [Errno 2] No such file or directory: 'Mock_Resume_7_React_Developer.pdf'
2026-01-24 15:00:40 - hirelens - ERROR - routes.py:239 - Error evaluating resume Mock_Resume_7_React_Developer.pdf: No text could be extracted from resume
2026-01-24 15:00:40 - hirelens - INFO - routes.py:199 - Evaluating resume: Mock_Resume_6_Java_Developer.pdf
2026-01-24 15:00:40 - hirelens - INFO - resume_parser.py:363 - Parsing resume: Mock_Resume_6_Java_Developer.pdf
2026-01-24 15:00:40 - hirelens - ERROR - resume_parser.py:35 - Error extracting text from PDF Mock_Resume_6_Java_Developer.pdf: [Errno 2] No such file or directory: 'Mock_Resume_6_Java_Developer.pdf'
2026-01-24 15:00:40 - hirelens - ERROR - routes.py:239 - Error evaluating resume Mock_Resume_6_Java_Developer.pdf: No text could be extracted from resume
2026-01-24 15:00:40 - hirelens - INFO - routes.py:199 - Evaluating resume: Mock_Resume_5_Data_Analyst.pdf
2026-01-24 15:00:40 - hirelens - INFO - resume_parser.py:363 - Parsing resume: Mock_Resume_5_Data_Analyst.pdf
2026-01-24 15:00:40 - hirelens - ERROR - resume_parser.py:35 - Error extracting text from PDF Mock_Resume_5_Data_Analyst.pdf: [Errno 2] No such file or directory: 'Mock_Resume_5_Data_Analyst.pdf'
2026-01-24 15:00:40 - hirelens - ERROR - routes.py:239 - Error evaluating resume Mock_Resume_5_Data_Analyst.pdf: No text could be extracted from resume
2026-01-24 15:00:40 - hirelens - INFO - routes.py:199 - Evaluating resume: Mock_Resume_4_AI_Intern.pdf
2026-01-24 15:00:40 - hirelens - INFO - resume_parser.py:363 - Parsing resume: Mock_Resume_4_AI_Intern.pdf
2026-01-24 15:00:40 - hirelens - ERROR - resume_parser.py:35 - Error extracting text from PDF Mock_Resume_4_AI_Intern.pdf: [Errno 2] No such file or directory: 'Mock_Resume_4_AI_Intern.pdf'
2026-01-24 15:00:40 - hirelens - ERROR - routes.py:239 - Error evaluating resume Mock_Resume_4_AI_Intern.pdf: No text could be extracted from resume
2026-01-24 15:00:40 - hirelens - INFO - routes.py:199 - Evaluating resume: Mock_Resume_3_Backend_Developer.pdf
2026-01-24 15:00:40 - hirelens - INFO - resume_parser.py:363 - Parsing resume: Mock_Resume_3_Backend_Developer.pdf
2026-01-24 15:00:40 - hirelens - ERROR - resume_parser.py:35 - Error extracting text from PDF Mock_Resume_3_Backend_Developer.pdf: [Errno 2] No such file or directory: 'Mock_Resume_3_Backend_Developer.pdf'
2026-01-24 15:00:40 - hirelens - ERROR - routes.py:239 - Error evaluating resume Mock_Resume_3_Backend_Developer.pdf: No text could be extracted from resume
2026-01-24 15:00:40 - hirelens - INFO - routes.py:199 - Evaluating resume: Mock_Resume_2_Frontend_Developer.pdf
2026-01-24 15:00:40 - hirelens - INFO - resume_parser.py:363 - Parsing resume: Mock_Resume_2_Frontend_Developer.pdf
2026-01-24 15:00:40 - hirelens - ERROR - resume_parser.py:35 - Error extracting text from PDF Mock_Resume_2_Frontend_Developer.pdf: [Errno 2] No such file or directory: 'Mock_Resume_2_Frontend_Developer.pdf'
2026-01-24 15:00:40 - hirelens - ERROR - routes.py:239 - Error evaluating resume Mock_Resume_2_Frontend_Developer.pdf: No text could be extracted from resume
2026-01-24 15:00:40 - hirelens - INFO - routes.py:199 - Evaluating resume: Mock_Resume_1_Full_Stack_Developer.pdf
2026-01-24 15:00:40 - hirelens - INFO - resume_parser.py:363 - Parsing resume: Mock_Resume_1_Full_Stack_Developer.pdf
2026-01-24 15:00:40 - hirelens - ERROR - resume_parser.py:35 - Error extracting text from PDF Mock_Resume_1_Full_Stack_Developer.pdf: [Errno 2] No such file or directory: 'Mock_Resume_1_Full_Stack_Developer.pdf'
2026-01-24 15:00:40 - hirelens - ERROR - routes.py:239 - Error evaluating resume Mock_Resume_1_Full_Stack_Developer.pdf: No text could be extracted from resume
2026-01-24 15:00:40 - hirelens - INFO - routes.py:244 - Batch evaluation complete. Evaluated 0 resumes, avg score: 0.00
2026-01-24 15:04:44 - hirelens - INFO - routes.py:39 - Uploading resume: Mock_Resume_10_Python_Developer.pdf
2026-01-24 15:04:44 - hirelens - INFO - routes.py:55 - File saved to C:\Users\sharo\HireLens\uploads\Mock_Resume_10_Python_Developer.pdf
2026-01-24 15:04:44 - hirelens - INFO - resume_parser.py:363 - Parsing resume: C:\Users\sharo\HireLens\uploads\Mock_Resume_10_Python_Developer.pdf
2026-01-24 15:04:45 - hirelens - ERROR - resume_parser.py:399 - Error extracting resume components: 2 validation errors for Education
degree
  Field required [type=missing, input_value={'year': '2026'}, input_type=dict]
    For further information visit https://errors.pydantic.dev/2.12/v/missing
institution
  Field required [type=missing, input_value={'year': '2026'}, input_type=dict]
    For further information visit https://errors.pydantic.dev/2.12/v/missing
2026-01-24 15:04:45 - hirelens - INFO - resume_parser.py:416 - Resume parsed successfully. Found 0 skills
2026-01-24 15:04:45 - hirelens - INFO - resume_parser.py:436 - Resume saved to C:\Users\sharo\HireLens\data\parsed_resumes.json
2026-01-24 15:04:45 - hirelens - INFO - routes.py:39 - Uploading resume: Mock_Resume_9_UI_UX_Designer.pdf
2026-01-24 15:04:45 - hirelens - INFO - routes.py:55 - File saved to C:\Users\sharo\HireLens\uploads\Mock_Resume_9_UI_UX_Designer.pdf
2026-01-24 15:04:45 - hirelens - INFO - resume_parser.py:363 - Parsing resume: C:\Users\sharo\HireLens\uploads\Mock_Resume_9_UI_UX_Designer.pdf
2026-01-24 15:04:45 - hirelens - ERROR - resume_parser.py:399 - Error extracting resume components: 2 validation errors for Education
degree
  Field required [type=missing, input_value={'year': '2025'}, input_type=dict]
    For further information visit https://errors.pydantic.dev/2.12/v/missing
institution
  Field required [type=missing, input_value={'year': '2025'}, input_type=dict]
    For further information visit https://errors.pydantic.dev/2.12/v/missing
2026-01-24 15:04:45 - hirelens - INFO - resume_parser.py:416 - Resume parsed successfully. Found 0 skills
2026-01-24 15:04:45 - hirelens - INFO - resume_parser.py:436 - Resume saved to C:\Users\sharo\HireLens\data\parsed_resumes.json
2026-01-24 15:04:45 - hirelens - INFO - routes.py:39 - Uploading resume: Mock_Resume_8_Digital_Marketer.pdf
2026-01-24 15:04:45 - hirelens - INFO - routes.py:55 - File saved to C:\Users\sharo\HireLens\uploads\Mock_Resume_8_Digital_Marketer.pdf
2026-01-24 15:04:45 - hirelens - INFO - resume_parser.py:363 - Parsing resume: C:\Users\sharo\HireLens\uploads\Mock_Resume_8_Digital_Marketer.pdf
2026-01-24 15:04:45 - hirelens - ERROR - resume_parser.py:399 - Error extracting resume components: 2 validation errors for Education
degree
  Field required [type=missing, input_value={'year': '2024'}, input_type=dict]
    For further information visit https://errors.pydantic.dev/2.12/v/missing
institution
  Field required [type=missing, input_value={'year': '2024'}, input_type=dict]
    For further information visit https://errors.pydantic.dev/2.12/v/missing
2026-01-24 15:04:45 - hirelens - INFO - resume_parser.py:416 - Resume parsed successfully. Found 0 skills
2026-01-24 15:04:45 - hirelens - INFO - resume_parser.py:436 - Resume saved to C:\Users\sharo\HireLens\data\parsed_resumes.json
2026-01-24 15:04:45 - hirelens - INFO - routes.py:39 - Uploading resume: Mock_Resume_7_React_Developer.pdf
2026-01-24 15:04:45 - hirelens - INFO - routes.py:55 - File saved to C:\Users\sharo\HireLens\uploads\Mock_Resume_7_React_Developer.pdf
2026-01-24 15:04:45 - hirelens - INFO - resume_parser.py:363 - Parsing resume: C:\Users\sharo\HireLens\uploads\Mock_Resume_7_React_Developer.pdf
2026-01-24 15:04:46 - hirelens - ERROR - resume_parser.py:399 - Error extracting resume components: 1 validation error for Education
institution
  Field required [type=missing, input_value={'degree': 'B.Tech CSE, 2025', 'year': '2025'}, input_type=dict]
    For further information visit https://errors.pydantic.dev/2.12/v/missing
2026-01-24 15:04:46 - hirelens - INFO - resume_parser.py:416 - Resume parsed successfully. Found 0 skills
2026-01-24 15:04:46 - hirelens - INFO - resume_parser.py:436 - Resume saved to C:\Users\sharo\HireLens\data\parsed_resumes.json
2026-01-24 15:04:46 - hirelens - INFO - routes.py:39 - Uploading resume: Mock_Resume_6_Java_Developer.pdf
2026-01-24 15:04:46 - hirelens - INFO - routes.py:55 - File saved to C:\Users\sharo\HireLens\uploads\Mock_Resume_6_Java_Developer.pdf
2026-01-24 15:04:46 - hirelens - INFO - resume_parser.py:363 - Parsing resume: C:\Users\sharo\HireLens\uploads\Mock_Resume_6_Java_Developer.pdf
2026-01-24 15:04:46 - hirelens - ERROR - resume_parser.py:399 - Error extracting resume components: 2 validation errors for Education
degree
  Field required [type=missing, input_value={'year': '2026'}, input_type=dict]
    For further information visit https://errors.pydantic.dev/2.12/v/missing
institution
  Field required [type=missing, input_value={'year': '2026'}, input_type=dict]
    For further information visit https://errors.pydantic.dev/2.12/v/missing
2026-01-24 15:04:46 - hirelens - INFO - resume_parser.py:416 - Resume parsed successfully. Found 0 skills
2026-01-24 15:04:46 - hirelens - INFO - resume_parser.py:436 - Resume saved to C:\Users\sharo\HireLens\data\parsed_resumes.json
2026-01-24 15:04:46 - hirelens - INFO - routes.py:39 - Uploading resume: Mock_Resume_5_Data_Analyst.pdf
2026-01-24 15:04:46 - hirelens - INFO - routes.py:55 - File saved to C:\Users\sharo\HireLens\uploads\Mock_Resume_5_Data_Analyst.pdf
2026-01-24 15:04:46 - hirelens - INFO - resume_parser.py:363 - Parsing resume: C:\Users\sharo\HireLens\uploads\Mock_Resume_5_Data_Analyst.pdf
2026-01-24 15:04:46 - hirelens - ERROR - resume_parser.py:399 - Error extracting resume components: 2 validation errors for Education
degree
  Field required [type=missing, input_value={'year': '2025'}, input_type=dict]
    For further information visit https://errors.pydantic.dev/2.12/v/missing
institution
  Field required [type=missing, input_value={'year': '2025'}, input_type=dict]
    For further information visit https://errors.pydantic.dev/2.12/v/missing
2026-01-24 15:04:46 - hirelens - INFO - resume_parser.py:416 - Resume parsed successfully. Found 0 skills
2026-01-24 15:04:46 - hirelens - INFO - resume_parser.py:436 - Resume saved to C:\Users\sharo\HireLens\data\parsed_resumes.json
2026-01-24 15:04:46 - hirelens - INFO - routes.py:39 - Uploading resume: Mock_Resume_4_AI_Intern.pdf
2026-01-24 15:04:46 - hirelens - INFO - routes.py:55 - File saved to C:\Users\sharo\HireLens\uploads\Mock_Resume_4_AI_Intern.pdf
2026-01-24 15:04:46 - hirelens - INFO - resume_parser.py:363 - Parsing resume: C:\Users\sharo\HireLens\uploads\Mock_Resume_4_AI_Intern.pdf
2026-01-24 15:04:46 - hirelens - ERROR - resume_parser.py:399 - Error extracting resume components: 2 validation errors for Education
degree
  Field required [type=missing, input_value={'year': '2026'}, input_type=dict]
    For further information visit https://errors.pydantic.dev/2.12/v/missing
institution
  Field required [type=missing, input_value={'year': '2026'}, input_type=dict]
    For further information visit https://errors.pydantic.dev/2.12/v/missing
2026-01-24 15:04:46 - hirelens - INFO - resume_parser.py:416 - Resume parsed successfully. Found 0 skills
2026-01-24 15:04:46 - hirelens - INFO - resume_parser.py:436 - Resume saved to C:\Users\sharo\HireLens\data\parsed_resumes.json
2026-01-24 15:04:46 - hirelens - INFO - routes.py:39 - Uploading resume: Mock_Resume_3_Backend_Developer.pdf
2026-01-24 15:04:46 - hirelens - INFO - routes.py:55 - File saved to C:\Users\sharo\HireLens\uploads\Mock_Resume_3_Backend_Developer.pdf
2026-01-24 15:04:46 - hirelens - INFO - resume_parser.py:363 - Parsing resume: C:\Users\sharo\HireLens\uploads\Mock_Resume_3_Backend_Developer.pdf
2026-01-24 15:04:46 - hirelens - ERROR - resume_parser.py:399 - Error extracting resume components: 1 validation error for Education
institution
  Field required [type=missing, input_value={'degree': 'B.Tech IT, 2026', 'year': '2026'}, input_type=dict]
    For further information visit https://errors.pydantic.dev/2.12/v/missing
2026-01-24 15:04:46 - hirelens - INFO - resume_parser.py:416 - Resume parsed successfully. Found 0 skills
2026-01-24 15:04:46 - hirelens - INFO - resume_parser.py:436 - Resume saved to C:\Users\sharo\HireLens\data\parsed_resumes.json
2026-01-24 15:04:46 - hirelens - INFO - routes.py:39 - Uploading resume: Mock_Resume_2_Frontend_Developer.pdf
2026-01-24 15:04:46 - hirelens - INFO - routes.py:55 - File saved to C:\Users\sharo\HireLens\uploads\Mock_Resume_2_Frontend_Developer.pdf
2026-01-24 15:04:46 - hirelens - INFO - resume_parser.py:363 - Parsing resume: C:\Users\sharo\HireLens\uploads\Mock_Resume_2_Frontend_Developer.pdf
2026-01-24 15:04:46 - hirelens - ERROR - resume_parser.py:399 - Error extracting resume components: 2 validation errors for Education
degree
  Field required [type=missing, input_value={'year': '2025'}, input_type=dict]
    For further information visit https://errors.pydantic.dev/2.12/v/missing
institution
  Field required [type=missing, input_value={'year': '2025'}, input_type=dict]
    For further information visit https://errors.pydantic.dev/2.12/v/missing
2026-01-24 15:04:46 - hirelens - INFO - resume_parser.py:416 - Resume parsed successfully. Found 0 skills
2026-01-24 15:04:46 - hirelens - INFO - resume_parser.py:436 - Resume saved to C:\Users\sharo\HireLens\data\parsed_resumes.json
2026-01-24 15:04:46 - hirelens - INFO - routes.py:39 - Uploading resume: Mock_Resume_1_Full_Stack_Developer.pdf
2026-01-24 15:04:46 - hirelens - INFO - routes.py:55 - File saved to C:\Users\sharo\HireLens\uploads\Mock_Resume_1_Full_Stack_Developer.pdf
2026-01-24 15:04:46 - hirelens - INFO - resume_parser.py:363 - Parsing resume: C:\Users\sharo\HireLens\uploads\Mock_Resume_1_Full_Stack_Developer.pdf
2026-01-24 15:04:46 - hirelens - ERROR - resume_parser.py:399 - Error extracting resume components: 2 validation errors for Education
degree
  Field required [type=missing, input_value={'year': '2026'}, input_type=dict]
    For further information visit https://errors.pydantic.dev/2.12/v/missing
institution
  Field required [type=missing, input_value={'year': '2026'}, input_type=dict]
    For further information visit https://errors.pydantic.dev/2.12/v/missing
2026-01-24 15:04:46 - hirelens - INFO - resume_parser.py:416 - Resume parsed successfully. Found 0 skills
2026-01-24 15:04:46 - hirelens - INFO - resume_parser.py:436 - Resume saved to C:\Users\sharo\HireLens\data\parsed_resumes.json
2026-01-24 15:04:46 - hirelens - INFO - routes.py:183 - Starting batch evaluation of 10 resumes
2026-01-24 15:04:46 - hirelens - INFO - job_analyzer.py:255 - Analyzing job description...
2026-01-24 15:04:46 - hirelens - WARNING - job_analyzer.py:60 - No required skills found via patterns, scanning entire job description
2026-01-24 15:04:46 - hirelens - INFO - job_analyzer.py:65 - Extracted 20 required skills from job description
2026-01-24 15:04:46 - hirelens - INFO - job_analyzer.py:102 - Extracted 0 preferred skills from job description
2026-01-24 15:04:47 - hirelens - INFO - job_analyzer.py:279 - Job description analyzed. Found 20 required skills, 0 preferred skills
2026-01-24 15:04:47 - hirelens - INFO - job_analyzer.py:300 - Job description saved to C:\Users\sharo\HireLens\data\job_descriptions.json
2026-01-24 15:04:47 - hirelens - INFO - course_recommender.py:34 - Loaded courses for 31 skills
2026-01-24 15:04:47 - hirelens - INFO - routes.py:199 - Evaluating resume: Mock_Resume_10_Python_Developer.pdf
2026-01-24 15:04:47 - hirelens - INFO - routes.py:203 - Parsing resume from C:\Users\sharo\HireLens\uploads\Mock_Resume_10_Python_Developer.pdf
2026-01-24 15:04:47 - hirelens - INFO - resume_parser.py:363 - Parsing resume: C:\Users\sharo\HireLens\uploads\Mock_Resume_10_Python_Developer.pdf
2026-01-24 15:04:47 - hirelens - ERROR - resume_parser.py:399 - Error extracting resume components: 2 validation errors for Education
degree
  Field required [type=missing, input_value={'year': '2026'}, input_type=dict]
    For further information visit https://errors.pydantic.dev/2.12/v/missing
institution
  Field required [type=missing, input_value={'year': '2026'}, input_type=dict]
    For further information visit https://errors.pydantic.dev/2.12/v/missing
2026-01-24 15:04:47 - hirelens - INFO - resume_parser.py:416 - Resume parsed successfully. Found 0 skills
2026-01-24 15:04:47 - hirelens - INFO - resume_parser.py:436 - Resume saved to C:\Users\sharo\HireLens\data\parsed_resumes.json
2026-01-24 15:04:47 - hirelens - INFO - evaluation_engine.py:257 - Evaluating resume 4ba478b5-218f-4877-9de1-61c1d9ffbfd9 against job a1ea2227-8e4e-455c-b7fd-70d2440bd423
2026-01-24 15:04:47 - hirelens - INFO - evaluation_engine.py:267 - Calculating TF-IDF similarity...
2026-01-24 15:04:47 - hirelens - INFO - evaluation_engine.py:269 - TF-IDF score: 0.046
2026-01-24 15:04:47 - hirelens - INFO - evaluation_engine.py:271 - Calculating fuzzy skill match...
2026-01-24 15:04:47 - hirelens - INFO - evaluation_engine.py:273 - Fuzzy match score: 0.000
2026-01-24 15:04:47 - hirelens - INFO - evaluation_engine.py:275 - Calculating embedding similarity...
2026-01-24 15:04:51 - hirelens - INFO - evaluation_engine.py:277 - Embedding score: 0.525
2026-01-24 15:04:51 - hirelens - INFO - evaluation_engine.py:281 - Hybrid score: 22.36
2026-01-24 15:04:51 - hirelens - INFO - evaluation_engine.py:285 - Classification: Not Fit
2026-01-24 15:04:51 - hirelens - INFO - evaluation_engine.py:304 - Evaluation complete. Matched: 0, Missing: 20
2026-01-24 15:04:51 - hirelens - INFO - evaluation_engine.py:324 - Evaluation saved to C:\Users\sharo\HireLens\data\evaluations.json
2026-01-24 15:04:51 - hirelens - INFO - skill_gap_analyzer.py:172 - Analyzing skill gaps for resume 4ba478b5-218f-4877-9de1-61c1d9ffbfd9
2026-01-24 15:04:51 - hirelens - INFO - skill_gap_analyzer.py:205 - Skill gap analysis complete. Critical gaps: 20, Moderate gaps: 0, Weak areas: 0
2026-01-24 15:04:51 - hirelens - INFO - skill_gap_analyzer.py:228 - Skill gaps saved to C:\Users\sharo\HireLens\data\skill_gaps.json
2026-01-24 15:04:51 - hirelens - INFO - course_recommender.py:110 - Generating course recommendations for gap a9fe579e-c84e-45bb-a11d-731f62e48dc6
2026-01-24 15:04:51 - hirelens - WARNING - course_recommender.py:90 - No courses found for skill: AI
2026-01-24 15:04:51 - hirelens - INFO - course_recommender.py:147 - Found 2 courses for Angular
2026-01-24 15:04:51 - hirelens - WARNING - course_recommender.py:90 - No courses found for skill: CSS
2026-01-24 15:04:51 - hirelens - WARNING - course_recommender.py:90 - No courses found for skill: Documentation
2026-01-24 15:04:51 - hirelens - WARNING - course_recommender.py:90 - No courses found for skill: Firebase
2026-01-24 15:04:51 - hirelens - INFO - course_recommender.py:147 - Found 2 courses for Git
2026-01-24 15:04:51 - hirelens - WARNING - course_recommender.py:90 - No courses found for skill: Github
2026-01-24 15:04:51 - hirelens - WARNING - course_recommender.py:90 - No courses found for skill: HTML
2026-01-24 15:04:51 - hirelens - INFO - course_recommender.py:147 - Found 3 courses for Java
2026-01-24 15:04:51 - hirelens - INFO - course_recommender.py:147 - Found 3 courses for Javascript
2026-01-24 15:04:51 - hirelens - WARNING - course_recommender.py:90 - No courses found for skill: Js
2026-01-24 15:04:51 - hirelens - WARNING - course_recommender.py:90 - No courses found for skill: Json
2026-01-24 15:04:51 - hirelens - WARNING - course_recommender.py:90 - No courses found for skill: ML
2026-01-24 15:04:51 - hirelens - INFO - course_recommender.py:147 - Found 2 courses for Mongodb
2026-01-24 15:04:51 - hirelens - WARNING - course_recommender.py:90 - No courses found for skill: Mysql
2026-01-24 15:04:51 - hirelens - WARNING - course_recommender.py:90 - No courses found for skill: Node
2026-01-24 15:04:51 - hirelens - INFO - course_recommender.py:147 - Found 2 courses for Node.Js
2026-01-24 15:04:51 - hirelens - INFO - course_recommender.py:147 - Found 3 courses for Python
2026-01-24 15:04:51 - hirelens - INFO - course_recommender.py:147 - Found 3 courses for React
2026-01-24 15:04:51 - hirelens - WARNING - course_recommender.py:90 - No courses found for skill: Vue
2026-01-24 15:04:51 - hirelens - INFO - course_recommender.py:149 - Generated recommendations for 8 skills
2026-01-24 15:04:51 - hirelens - INFO - course_recommender.py:172 - Recommendations saved to C:\Users\sharo\HireLens\data\recommendations.json
2026-01-24 15:04:51 - hirelens - INFO - feedback_generator.py:286 - Generating feedback for evaluation e8be4dfc-ce2c-4932-b335-85de331a3909
2026-01-24 15:04:51 - hirelens - INFO - feedback_generator.py:305 - Feedback generated successfully
2026-01-24 15:04:51 - hirelens - INFO - feedback_generator.py:325 - Feedback saved to C:\Users\sharo\HireLens\data\feedback.json
2026-01-24 15:04:51 - hirelens - INFO - routes.py:199 - Evaluating resume: Mock_Resume_9_UI_UX_Designer.pdf
2026-01-24 15:04:51 - hirelens - INFO - routes.py:203 - Parsing resume from C:\Users\sharo\HireLens\uploads\Mock_Resume_9_UI_UX_Designer.pdf
2026-01-24 15:04:51 - hirelens - INFO - resume_parser.py:363 - Parsing resume: C:\Users\sharo\HireLens\uploads\Mock_Resume_9_UI_UX_Designer.pdf
2026-01-24 15:04:51 - hirelens - ERROR - resume_parser.py:399 - Error extracting resume components: 2 validation errors for Education
degree
  Field required [type=missing, input_value={'year': '2025'}, input_type=dict]
    For further information visit https://errors.pydantic.dev/2.12/v/missing
institution
  Field required [type=missing, input_value={'year': '2025'}, input_type=dict]
    For further information visit https://errors.pydantic.dev/2.12/v/missing
2026-01-24 15:04:51 - hirelens - INFO - resume_parser.py:416 - Resume parsed successfully. Found 0 skills
2026-01-24 15:04:51 - hirelens - INFO - resume_parser.py:436 - Resume saved to C:\Users\sharo\HireLens\data\parsed_resumes.json
2026-01-24 15:04:51 - hirelens - INFO - evaluation_engine.py:257 - Evaluating resume b12b3e44-2e8e-4089-9f33-267dbd8a216f against job a1ea2227-8e4e-455c-b7fd-70d2440bd423
2026-01-24 15:04:51 - hirelens - INFO - evaluation_engine.py:267 - Calculating TF-IDF similarity...
2026-01-24 15:04:51 - hirelens - INFO - evaluation_engine.py:269 - TF-IDF score: 0.044
2026-01-24 15:04:51 - hirelens - INFO - evaluation_engine.py:271 - Calculating fuzzy skill match...
2026-01-24 15:04:51 - hirelens - INFO - evaluation_engine.py:273 - Fuzzy match score: 0.000
2026-01-24 15:04:51 - hirelens - INFO - evaluation_engine.py:275 - Calculating embedding similarity...
2026-01-24 15:04:51 - hirelens - INFO - evaluation_engine.py:277 - Embedding score: 0.339
2026-01-24 15:04:51 - hirelens - INFO - evaluation_engine.py:281 - Hybrid score: 14.88
2026-01-24 15:04:51 - hirelens - INFO - evaluation_engine.py:285 - Classification: Not Fit
2026-01-24 15:04:51 - hirelens - INFO - evaluation_engine.py:304 - Evaluation complete. Matched: 0, Missing: 20
2026-01-24 15:04:51 - hirelens - INFO - evaluation_engine.py:324 - Evaluation saved to C:\Users\sharo\HireLens\data\evaluations.json
2026-01-24 15:04:51 - hirelens - INFO - skill_gap_analyzer.py:172 - Analyzing skill gaps for resume b12b3e44-2e8e-4089-9f33-267dbd8a216f
2026-01-24 15:04:51 - hirelens - INFO - skill_gap_analyzer.py:205 - Skill gap analysis complete. Critical gaps: 20, Moderate gaps: 0, Weak areas: 0
2026-01-24 15:04:51 - hirelens - INFO - skill_gap_analyzer.py:228 - Skill gaps saved to C:\Users\sharo\HireLens\data\skill_gaps.json
2026-01-24 15:04:51 - hirelens - INFO - course_recommender.py:110 - Generating course recommendations for gap 54822ee0-cdf8-44ff-badb-60a12921526b
2026-01-24 15:04:51 - hirelens - WARNING - course_recommender.py:90 - No courses found for skill: AI
2026-01-24 15:04:51 - hirelens - INFO - course_recommender.py:147 - Found 2 courses for Angular
2026-01-24 15:04:51 - hirelens - WARNING - course_recommender.py:90 - No courses found for skill: CSS
2026-01-24 15:04:51 - hirelens - WARNING - course_recommender.py:90 - No courses found for skill: Documentation
2026-01-24 15:04:51 - hirelens - WARNING - course_recommender.py:90 - No courses found for skill: Firebase
2026-01-24 15:04:51 - hirelens - INFO - course_recommender.py:147 - Found 2 courses for Git
2026-01-24 15:04:51 - hirelens - WARNING - course_recommender.py:90 - No courses found for skill: Github
2026-01-24 15:04:51 - hirelens - WARNING - course_recommender.py:90 - No courses found for skill: HTML
2026-01-24 15:04:51 - hirelens - INFO - course_recommender.py:147 - Found 3 courses for Java
2026-01-24 15:04:51 - hirelens - INFO - course_recommender.py:147 - Found 3 courses for Javascript
2026-01-24 15:04:51 - hirelens - WARNING - course_recommender.py:90 - No courses found for skill: Js
2026-01-24 15:04:51 - hirelens - WARNING - course_recommender.py:90 - No courses found for skill: Json
2026-01-24 15:04:51 - hirelens - WARNING - course_recommender.py:90 - No courses found for skill: ML
2026-01-24 15:04:51 - hirelens - INFO - course_recommender.py:147 - Found 2 courses for Mongodb
2026-01-24 15:04:51 - hirelens - WARNING - course_recommender.py:90 - No courses found for skill: Mysql
2026-01-24 15:04:51 - hirelens - WARNING - course_recommender.py:90 - No courses found for skill: Node
2026-01-24 15:04:51 - hirelens - INFO - course_recommender.py:147 - Found 2 courses for Node.Js
2026-01-24 15:04:51 - hirelens - INFO - course_recommender.py:147 - Found 3 courses for Python
2026-01-24 15:04:51 - hirelens - INFO - course_recommender.py:147 - Found 3 courses for React
2026-01-24 15:04:51 - hirelens - WARNING - course_recommender.py:90 - No courses found for skill: Vue
2026-01-24 15:04:51 - hirelens - INFO - course_recommender.py:149 - Generated recommendations for 8 skills
2026-01-24 15:04:51 - hirelens - INFO - course_recommender.py:172 - Recommendations saved to C:\Users\sharo\HireLens\data\recommendations.json
2026-01-24 15:04:51 - hirelens - INFO - feedback_generator.py:286 - Generating feedback for evaluation 8126542f-e7a9-4c96-9aae-2cf3f3fe3df5
2026-01-24 15:04:51 - hirelens - INFO - feedback_generator.py:305 - Feedback generated successfully
2026-01-24 15:04:51 - hirelens - INFO - feedback_generator.py:325 - Feedback saved to C:\Users\sharo\HireLens\data\feedback.json
2026-01-24 15:04:51 - hirelens - INFO - routes.py:199 - Evaluating resume: Mock_Resume_8_Digital_Marketer.pdf
2026-01-24 15:04:51 - hirelens - INFO - routes.py:203 - Parsing resume from C:\Users\sharo\HireLens\uploads\Mock_Resume_8_Digital_Marketer.pdf
2026-01-24 15:04:51 - hirelens - INFO - resume_parser.py:363 - Parsing resume: C:\Users\sharo\HireLens\uploads\Mock_Resume_8_Digital_Marketer.pdf
2026-01-24 15:04:51 - hirelens - ERROR - resume_parser.py:399 - Error extracting resume components: 2 validation errors for Education
degree
  Field required [type=missing, input_value={'year': '2024'}, input_type=dict]
    For further information visit https://errors.pydantic.dev/2.12/v/missing
institution
  Field required [type=missing, input_value={'year': '2024'}, input_type=dict]
    For further information visit https://errors.pydantic.dev/2.12/v/missing
2026-01-24 15:04:51 - hirelens - INFO - resume_parser.py:416 - Resume parsed successfully. Found 0 skills
2026-01-24 15:04:51 - hirelens - INFO - resume_parser.py:436 - Resume saved to C:\Users\sharo\HireLens\data\parsed_resumes.json
2026-01-24 15:04:51 - hirelens - INFO - evaluation_engine.py:257 - Evaluating resume 8418a6ab-4da4-4975-820f-17c1398d07b4 against job a1ea2227-8e4e-455c-b7fd-70d2440bd423
2026-01-24 15:04:51 - hirelens - INFO - evaluation_engine.py:267 - Calculating TF-IDF similarity...
2026-01-24 15:04:51 - hirelens - INFO - evaluation_engine.py:269 - TF-IDF score: 0.029
2026-01-24 15:04:51 - hirelens - INFO - evaluation_engine.py:271 - Calculating fuzzy skill match...
2026-01-24 15:04:51 - hirelens - INFO - evaluation_engine.py:273 - Fuzzy match score: 0.000
2026-01-24 15:04:51 - hirelens - INFO - evaluation_engine.py:275 - Calculating embedding similarity...
2026-01-24 15:04:52 - hirelens - INFO - evaluation_engine.py:277 - Embedding score: 0.421
2026-01-24 15:04:52 - hirelens - INFO - evaluation_engine.py:281 - Hybrid score: 17.70
2026-01-24 15:04:52 - hirelens - INFO - evaluation_engine.py:285 - Classification: Not Fit
2026-01-24 15:04:52 - hirelens - INFO - evaluation_engine.py:304 - Evaluation complete. Matched: 0, Missing: 20
2026-01-24 15:04:52 - hirelens - INFO - evaluation_engine.py:324 - Evaluation saved to C:\Users\sharo\HireLens\data\evaluations.json
2026-01-24 15:04:52 - hirelens - INFO - skill_gap_analyzer.py:172 - Analyzing skill gaps for resume 8418a6ab-4da4-4975-820f-17c1398d07b4
2026-01-24 15:04:52 - hirelens - INFO - skill_gap_analyzer.py:205 - Skill gap analysis complete. Critical gaps: 20, Moderate gaps: 0, Weak areas: 0
2026-01-24 15:04:52 - hirelens - INFO - skill_gap_analyzer.py:228 - Skill gaps saved to C:\Users\sharo\HireLens\data\skill_gaps.json
2026-01-24 15:04:52 - hirelens - INFO - course_recommender.py:110 - Generating course recommendations for gap 01f54a40-8322-4d1e-9b1a-35729cdc29d0
2026-01-24 15:04:52 - hirelens - WARNING - course_recommender.py:90 - No courses found for skill: AI
2026-01-24 15:04:52 - hirelens - INFO - course_recommender.py:147 - Found 2 courses for Angular
2026-01-24 15:04:52 - hirelens - WARNING - course_recommender.py:90 - No courses found for skill: CSS
2026-01-24 15:04:52 - hirelens - WARNING - course_recommender.py:90 - No courses found for skill: Documentation
2026-01-24 15:04:52 - hirelens - WARNING - course_recommender.py:90 - No courses found for skill: Firebase
2026-01-24 15:04:52 - hirelens - INFO - course_recommender.py:147 - Found 2 courses for Git
2026-01-24 15:04:52 - hirelens - WARNING - course_recommender.py:90 - No courses found for skill: Github
2026-01-24 15:04:52 - hirelens - WARNING - course_recommender.py:90 - No courses found for skill: HTML
2026-01-24 15:04:52 - hirelens - INFO - course_recommender.py:147 - Found 3 courses for Java
2026-01-24 15:04:52 - hirelens - INFO - course_recommender.py:147 - Found 3 courses for Javascript
2026-01-24 15:04:52 - hirelens - WARNING - course_recommender.py:90 - No courses found for skill: Js
2026-01-24 15:04:52 - hirelens - WARNING - course_recommender.py:90 - No courses found for skill: Json
2026-01-24 15:04:52 - hirelens - WARNING - course_recommender.py:90 - No courses found for skill: ML
2026-01-24 15:04:52 - hirelens - INFO - course_recommender.py:147 - Found 2 courses for Mongodb
2026-01-24 15:04:52 - hirelens - WARNING - course_recommender.py:90 - No courses found for skill: Mysql
2026-01-24 15:04:52 - hirelens - WARNING - course_recommender.py:90 - No courses found for skill: Node
2026-01-24 15:04:52 - hirelens - INFO - course_recommender.py:147 - Found 2 courses for Node.Js
2026-01-24 15:04:52 - hirelens - INFO - course_recommender.py:147 - Found 3 courses for Python
2026-01-24 15:04:52 - hirelens - INFO - course_recommender.py:147 - Found 3 courses for React
2026-01-24 15:04:52 - hirelens - WARNING - course_recommender.py:90 - No courses found for skill: Vue
2026-01-24 15:04:52 - hirelens - INFO - course_recommender.py:149 - Generated recommendations for 8 skills
2026-01-24 15:04:52 - hirelens - INFO - course_recommender.py:172 - Recommendations saved to C:\Users\sharo\HireLens\data\recommendations.json
2026-01-24 15:04:52 - hirelens - INFO - feedback_generator.py:286 - Generating feedback for evaluation ef4233fc-1b21-48d9-8185-467211428aa2
2026-01-24 15:04:52 - hirelens - INFO - feedback_generator.py:305 - Feedback generated successfully
2026-01-24 15:04:52 - hirelens - INFO - feedback_generator.py:325 - Feedback saved to C:\Users\sharo\HireLens\data\feedback.json
2026-01-24 15:04:52 - hirelens - INFO - routes.py:199 - Evaluating resume: Mock_Resume_7_React_Developer.pdf
2026-01-24 15:04:52 - hirelens - INFO - routes.py:203 - Parsing resume from C:\Users\sharo\HireLens\uploads\Mock_Resume_7_React_Developer.pdf
2026-01-24 15:04:52 - hirelens - INFO - resume_parser.py:363 - Parsing resume: C:\Users\sharo\HireLens\uploads\Mock_Resume_7_React_Developer.pdf
2026-01-24 15:04:52 - hirelens - ERROR - resume_parser.py:399 - Error extracting resume components: 1 validation error for Education
institution
  Field required [type=missing, input_value={'degree': 'B.Tech CSE, 2025', 'year': '2025'}, input_type=dict]
    For further information visit https://errors.pydantic.dev/2.12/v/missing
2026-01-24 15:04:52 - hirelens - INFO - resume_parser.py:416 - Resume parsed successfully. Found 0 skills
2026-01-24 15:04:52 - hirelens - INFO - resume_parser.py:436 - Resume saved to C:\Users\sharo\HireLens\data\parsed_resumes.json
2026-01-24 15:04:52 - hirelens - INFO - evaluation_engine.py:257 - Evaluating resume d225dc33-4281-4845-ac5c-77511fb21a7d against job a1ea2227-8e4e-455c-b7fd-70d2440bd423
2026-01-24 15:04:52 - hirelens - INFO - evaluation_engine.py:267 - Calculating TF-IDF similarity...
2026-01-24 15:04:52 - hirelens - INFO - evaluation_engine.py:269 - TF-IDF score: 0.062
2026-01-24 15:04:52 - hirelens - INFO - evaluation_engine.py:271 - Calculating fuzzy skill match...
2026-01-24 15:04:52 - hirelens - INFO - evaluation_engine.py:273 - Fuzzy match score: 0.000
2026-01-24 15:04:52 - hirelens - INFO - evaluation_engine.py:275 - Calculating embedding similarity...
2026-01-24 15:04:52 - hirelens - INFO - evaluation_engine.py:277 - Embedding score: 0.596
2026-01-24 15:04:52 - hirelens - INFO - evaluation_engine.py:281 - Hybrid score: 25.72
2026-01-24 15:04:52 - hirelens - INFO - evaluation_engine.py:285 - Classification: Not Fit
2026-01-24 15:04:52 - hirelens - INFO - evaluation_engine.py:304 - Evaluation complete. Matched: 0, Missing: 20
2026-01-24 15:04:52 - hirelens - INFO - evaluation_engine.py:324 - Evaluation saved to C:\Users\sharo\HireLens\data\evaluations.json
2026-01-24 15:04:52 - hirelens - INFO - skill_gap_analyzer.py:172 - Analyzing skill gaps for resume d225dc33-4281-4845-ac5c-77511fb21a7d
2026-01-24 15:04:52 - hirelens - INFO - skill_gap_analyzer.py:205 - Skill gap analysis complete. Critical gaps: 20, Moderate gaps: 0, Weak areas: 0
2026-01-24 15:04:52 - hirelens - INFO - skill_gap_analyzer.py:228 - Skill gaps saved to C:\Users\sharo\HireLens\data\skill_gaps.json
2026-01-24 15:04:52 - hirelens - INFO - course_recommender.py:110 - Generating course recommendations for gap 9578e884-9c08-4ad1-9be5-0b5e076974f3
2026-01-24 15:04:52 - hirelens - WARNING - course_recommender.py:90 - No courses found for skill: AI
2026-01-24 15:04:52 - hirelens - INFO - course_recommender.py:147 - Found 2 courses for Angular
2026-01-24 15:04:52 - hirelens - WARNING - course_recommender.py:90 - No courses found for skill: CSS
2026-01-24 15:04:52 - hirelens - WARNING - course_recommender.py:90 - No courses found for skill: Documentation
2026-01-24 15:04:52 - hirelens - WARNING - course_recommender.py:90 - No courses found for skill: Firebase
2026-01-24 15:04:52 - hirelens - INFO - course_recommender.py:147 - Found 2 courses for Git
2026-01-24 15:04:52 - hirelens - WARNING - course_recommender.py:90 - No courses found for skill: Github
2026-01-24 15:04:52 - hirelens - WARNING - course_recommender.py:90 - No courses found for skill: HTML
2026-01-24 15:04:52 - hirelens - INFO - course_recommender.py:147 - Found 3 courses for Java
2026-01-24 15:04:52 - hirelens - INFO - course_recommender.py:147 - Found 3 courses for Javascript
2026-01-24 15:04:52 - hirelens - WARNING - course_recommender.py:90 - No courses found for skill: Js
2026-01-24 15:04:52 - hirelens - WARNING - course_recommender.py:90 - No courses found for skill: Json
2026-01-24 15:04:52 - hirelens - WARNING - course_recommender.py:90 - No courses found for skill: ML
2026-01-24 15:04:52 - hirelens - INFO - course_recommender.py:147 - Found 2 courses for Mongodb
2026-01-24 15:04:52 - hirelens - WARNING - course_recommender.py:90 - No courses found for skill: Mysql
2026-01-24 15:04:52 - hirelens - WARNING - course_recommender.py:90 - No courses found for skill: Node
2026-01-24 15:04:52 - hirelens - INFO - course_recommender.py:147 - Found 2 courses for Node.Js
2026-01-24 15:04:52 - hirelens - INFO - course_recommender.py:147 - Found 3 courses for Python
2026-01-24 15:04:52 - hirelens - INFO - course_recommender.py:147 - Found 3 courses for React
2026-01-24 15:04:52 - hirelens - WARNING - course_recommender.py:90 - No courses found for skill: Vue
2026-01-24 15:04:52 - hirelens - INFO - course_recommender.py:149 - Generated recommendations for 8 skills
2026-01-24 15:04:52 - hirelens - INFO - course_recommender.py:172 - Recommendations saved to C:\Users\sharo\HireLens\data\recommendations.json
2026-01-24 15:04:52 - hirelens - INFO - feedback_generator.py:286 - Generating feedback for evaluation 6099ae15-5f2c-481b-b318-a8832296a376
2026-01-24 15:04:52 - hirelens - INFO - feedback_generator.py:305 - Feedback generated successfully
2026-01-24 15:04:52 - hirelens - INFO - feedback_generator.py:325 - Feedback saved to C:\Users\sharo\HireLens\data\feedback.json
2026-01-24 15:04:52 - hirelens - INFO - routes.py:199 - Evaluating resume: Mock_Resume_6_Java_Developer.pdf
2026-01-24 15:04:52 - hirelens - INFO - routes.py:203 - Parsing resume from C:\Users\sharo\HireLens\uploads\Mock_Resume_6_Java_Developer.pdf
2026-01-24 15:04:52 - hirelens - INFO - resume_parser.py:363 - Parsing resume: C:\Users\sharo\HireLens\uploads\Mock_Resume_6_Java_Developer.pdf
2026-01-24 15:04:52 - hirelens - ERROR - resume_parser.py:399 - Error extracting resume components: 2 validation errors for Education
degree
  Field required [type=missing, input_value={'year': '2026'}, input_type=dict]
    For further information visit https://errors.pydantic.dev/2.12/v/missing
institution
  Field required [type=missing, input_value={'year': '2026'}, input_type=dict]
    For further information visit https://errors.pydantic.dev/2.12/v/missing
2026-01-24 15:04:52 - hirelens - INFO - resume_parser.py:416 - Resume parsed successfully. Found 0 skills
2026-01-24 15:04:52 - hirelens - INFO - resume_parser.py:436 - Resume saved to C:\Users\sharo\HireLens\data\parsed_resumes.json
2026-01-24 15:04:52 - hirelens - INFO - evaluation_engine.py:257 - Evaluating resume e31da8ab-1437-40af-b7a4-7b25ab6bf513 against job a1ea2227-8e4e-455c-b7fd-70d2440bd423
2026-01-24 15:04:52 - hirelens - INFO - evaluation_engine.py:267 - Calculating TF-IDF similarity...
2026-01-24 15:04:52 - hirelens - INFO - evaluation_engine.py:269 - TF-IDF score: 0.051
2026-01-24 15:04:52 - hirelens - INFO - evaluation_engine.py:271 - Calculating fuzzy skill match...
2026-01-24 15:04:52 - hirelens - INFO - evaluation_engine.py:273 - Fuzzy match score: 0.000
2026-01-24 15:04:52 - hirelens - INFO - evaluation_engine.py:275 - Calculating embedding similarity...
2026-01-24 15:04:52 - hirelens - INFO - evaluation_engine.py:277 - Embedding score: 0.513
2026-01-24 15:04:52 - hirelens - INFO - evaluation_engine.py:281 - Hybrid score: 22.04
2026-01-24 15:04:52 - hirelens - INFO - evaluation_engine.py:285 - Classification: Not Fit
2026-01-24 15:04:52 - hirelens - INFO - evaluation_engine.py:304 - Evaluation complete. Matched: 0, Missing: 20
2026-01-24 15:04:52 - hirelens - INFO - evaluation_engine.py:324 - Evaluation saved to C:\Users\sharo\HireLens\data\evaluations.json
2026-01-24 15:04:52 - hirelens - INFO - skill_gap_analyzer.py:172 - Analyzing skill gaps for resume e31da8ab-1437-40af-b7a4-7b25ab6bf513
2026-01-24 15:04:52 - hirelens - INFO - skill_gap_analyzer.py:205 - Skill gap analysis complete. Critical gaps: 20, Moderate gaps: 0, Weak areas: 0
2026-01-24 15:04:52 - hirelens - INFO - skill_gap_analyzer.py:228 - Skill gaps saved to C:\Users\sharo\HireLens\data\skill_gaps.json
2026-01-24 15:04:52 - hirelens - INFO - course_recommender.py:110 - Generating course recommendations for gap 10f08306-3be6-44cc-9420-8a45bf6a5b71
2026-01-24 15:04:52 - hirelens - WARNING - course_recommender.py:90 - No courses found for skill: AI
2026-01-24 15:04:52 - hirelens - INFO - course_recommender.py:147 - Found 2 courses for Angular
2026-01-24 15:04:52 - hirelens - WARNING - course_recommender.py:90 - No courses found for skill: CSS
2026-01-24 15:04:52 - hirelens - WARNING - course_recommender.py:90 - No courses found for skill: Documentation
2026-01-24 15:04:52 - hirelens - WARNING - course_recommender.py:90 - No courses found for skill: Firebase
2026-01-24 15:04:52 - hirelens - INFO - course_recommender.py:147 - Found 2 courses for Git
2026-01-24 15:04:52 - hirelens - WARNING - course_recommender.py:90 - No courses found for skill: Github
2026-01-24 15:04:52 - hirelens - WARNING - course_recommender.py:90 - No courses found for skill: HTML
2026-01-24 15:04:52 - hirelens - INFO - course_recommender.py:147 - Found 3 courses for Java
2026-01-24 15:04:52 - hirelens - INFO - course_recommender.py:147 - Found 3 courses for Javascript
2026-01-24 15:04:52 - hirelens - WARNING - course_recommender.py:90 - No courses found for skill: Js
2026-01-24 15:04:52 - hirelens - WARNING - course_recommender.py:90 - No courses found for skill: Json
2026-01-24 15:04:52 - hirelens - WARNING - course_recommender.py:90 - No courses found for skill: ML
2026-01-24 15:04:52 - hirelens - INFO - course_recommender.py:147 - Found 2 courses for Mongodb
2026-01-24 15:04:52 - hirelens - WARNING - course_recommender.py:90 - No courses found for skill: Mysql
2026-01-24 15:04:52 - hirelens - WARNING - course_recommender.py:90 - No courses found for skill: Node
2026-01-24 15:04:52 - hirelens - INFO - course_recommender.py:147 - Found 2 courses for Node.Js
2026-01-24 15:04:52 - hirelens - INFO - course_recommender.py:147 - Found 3 courses for Python
2026-01-24 15:04:52 - hirelens - INFO - course_recommender.py:147 - Found 3 courses for React
2026-01-24 15:04:52 - hirelens - WARNING - course_recommender.py:90 - No courses found for skill: Vue
2026-01-24 15:04:52 - hirelens - INFO - course_recommender.py:149 - Generated recommendations for 8 skills
2026-01-24 15:04:52 - hirelens - INFO - course_recommender.py:172 - Recommendations saved to C:\Users\sharo\HireLens\data\recommendations.json
2026-01-24 15:04:52 - hirelens - INFO - feedback_generator.py:286 - Generating feedback for evaluation 91706bcf-2901-4d07-b637-1c7d959333f4
2026-01-24 15:04:52 - hirelens - INFO - feedback_generator.py:305 - Feedback generated successfully
2026-01-24 15:04:52 - hirelens - INFO - feedback_generator.py:325 - Feedback saved to C:\Users\sharo\HireLens\data\feedback.json
2026-01-24 15:04:52 - hirelens - INFO - routes.py:199 - Evaluating resume: Mock_Resume_5_Data_Analyst.pdf
2026-01-24 15:04:52 - hirelens - INFO - routes.py:203 - Parsing resume from C:\Users\sharo\HireLens\uploads\Mock_Resume_5_Data_Analyst.pdf
2026-01-24 15:04:52 - hirelens - INFO - resume_parser.py:363 - Parsing resume: C:\Users\sharo\HireLens\uploads\Mock_Resume_5_Data_Analyst.pdf
2026-01-24 15:04:53 - hirelens - ERROR - resume_parser.py:399 - Error extracting resume components: 2 validation errors for Education
degree
  Field required [type=missing, input_value={'year': '2025'}, input_type=dict]
    For further information visit https://errors.pydantic.dev/2.12/v/missing
institution
  Field required [type=missing, input_value={'year': '2025'}, input_type=dict]
    For further information visit https://errors.pydantic.dev/2.12/v/missing
2026-01-24 15:04:53 - hirelens - INFO - resume_parser.py:416 - Resume parsed successfully. Found 0 skills
2026-01-24 15:04:53 - hirelens - INFO - resume_parser.py:436 - Resume saved to C:\Users\sharo\HireLens\data\parsed_resumes.json
2026-01-24 15:04:53 - hirelens - INFO - evaluation_engine.py:257 - Evaluating resume 6414f878-51d4-4dcd-b534-7476d36d89cd against job a1ea2227-8e4e-455c-b7fd-70d2440bd423
2026-01-24 15:04:53 - hirelens - INFO - evaluation_engine.py:267 - Calculating TF-IDF similarity...
2026-01-24 15:04:53 - hirelens - INFO - evaluation_engine.py:269 - TF-IDF score: 0.034
2026-01-24 15:04:53 - hirelens - INFO - evaluation_engine.py:271 - Calculating fuzzy skill match...
2026-01-24 15:04:53 - hirelens - INFO - evaluation_engine.py:273 - Fuzzy match score: 0.000
2026-01-24 15:04:53 - hirelens - INFO - evaluation_engine.py:275 - Calculating embedding similarity...
2026-01-24 15:04:53 - hirelens - INFO - evaluation_engine.py:277 - Embedding score: 0.431
2026-01-24 15:04:53 - hirelens - INFO - evaluation_engine.py:281 - Hybrid score: 18.26
2026-01-24 15:04:53 - hirelens - INFO - evaluation_engine.py:285 - Classification: Not Fit
2026-01-24 15:04:53 - hirelens - INFO - evaluation_engine.py:304 - Evaluation complete. Matched: 0, Missing: 20
2026-01-24 15:04:53 - hirelens - INFO - evaluation_engine.py:324 - Evaluation saved to C:\Users\sharo\HireLens\data\evaluations.json
2026-01-24 15:04:53 - hirelens - INFO - skill_gap_analyzer.py:172 - Analyzing skill gaps for resume 6414f878-51d4-4dcd-b534-7476d36d89cd
2026-01-24 15:04:53 - hirelens - INFO - skill_gap_analyzer.py:205 - Skill gap analysis complete. Critical gaps: 20, Moderate gaps: 0, Weak areas: 0
2026-01-24 15:04:53 - hirelens - INFO - skill_gap_analyzer.py:228 - Skill gaps saved to C:\Users\sharo\HireLens\data\skill_gaps.json
2026-01-24 15:04:53 - hirelens - INFO - course_recommender.py:110 - Generating course recommendations for gap 45a5e381-e50e-4474-a6e7-4a322c012afc
2026-01-24 15:04:53 - hirelens - WARNING - course_recommender.py:90 - No courses found for skill: AI
2026-01-24 15:04:53 - hirelens - INFO - course_recommender.py:147 - Found 2 courses for Angular
2026-01-24 15:04:53 - hirelens - WARNING - course_recommender.py:90 - No courses found for skill: CSS
2026-01-24 15:04:53 - hirelens - WARNING - course_recommender.py:90 - No courses found for skill: Documentation
2026-01-24 15:04:53 - hirelens - WARNING - course_recommender.py:90 - No courses found for skill: Firebase
2026-01-24 15:04:53 - hirelens - INFO - course_recommender.py:147 - Found 2 courses for Git
2026-01-24 15:04:53 - hirelens - WARNING - course_recommender.py:90 - No courses found for skill: Github
2026-01-24 15:04:53 - hirelens - WARNING - course_recommender.py:90 - No courses found for skill: HTML
2026-01-24 15:04:53 - hirelens - INFO - course_recommender.py:147 - Found 3 courses for Java
2026-01-24 15:04:53 - hirelens - INFO - course_recommender.py:147 - Found 3 courses for Javascript
2026-01-24 15:04:53 - hirelens - WARNING - course_recommender.py:90 - No courses found for skill: Js
2026-01-24 15:04:53 - hirelens - WARNING - course_recommender.py:90 - No courses found for skill: Json
2026-01-24 15:04:53 - hirelens - WARNING - course_recommender.py:90 - No courses found for skill: ML
2026-01-24 15:04:53 - hirelens - INFO - course_recommender.py:147 - Found 2 courses for Mongodb
2026-01-24 15:04:53 - hirelens - WARNING - course_recommender.py:90 - No courses found for skill: Mysql
2026-01-24 15:04:53 - hirelens - WARNING - course_recommender.py:90 - No courses found for skill: Node
2026-01-24 15:04:53 - hirelens - INFO - course_recommender.py:147 - Found 2 courses for Node.Js
2026-01-24 15:04:53 - hirelens - INFO - course_recommender.py:147 - Found 3 courses for Python
2026-01-24 15:04:53 - hirelens - INFO - course_recommender.py:147 - Found 3 courses for React
2026-01-24 15:04:53 - hirelens - WARNING - course_recommender.py:90 - No courses found for skill: Vue
2026-01-24 15:04:53 - hirelens - INFO - course_recommender.py:149 - Generated recommendations for 8 skills
2026-01-24 15:04:53 - hirelens - INFO - course_recommender.py:172 - Recommendations saved to C:\Users\sharo\HireLens\data\recommendations.json
2026-01-24 15:04:53 - hirelens - INFO - feedback_generator.py:286 - Generating feedback for evaluation 00c8e605-c932-482a-b871-950a61950af1
2026-01-24 15:04:53 - hirelens - INFO - feedback_generator.py:305 - Feedback generated successfully
2026-01-24 15:04:53 - hirelens - INFO - feedback_generator.py:325 - Feedback saved to C:\Users\sharo\HireLens\data\feedback.json
2026-01-24 15:04:53 - hirelens - INFO - routes.py:199 - Evaluating resume: Mock_Resume_4_AI_Intern.pdf
2026-01-24 15:04:53 - hirelens - INFO - routes.py:203 - Parsing resume from C:\Users\sharo\HireLens\uploads\Mock_Resume_4_AI_Intern.pdf
2026-01-24 15:04:53 - hirelens - INFO - resume_parser.py:363 - Parsing resume: C:\Users\sharo\HireLens\uploads\Mock_Resume_4_AI_Intern.pdf
2026-01-24 15:04:53 - hirelens - ERROR - resume_parser.py:399 - Error extracting resume components: 2 validation errors for Education
degree
  Field required [type=missing, input_value={'year': '2026'}, input_type=dict]
    For further information visit https://errors.pydantic.dev/2.12/v/missing
institution
  Field required [type=missing, input_value={'year': '2026'}, input_type=dict]
    For further information visit https://errors.pydantic.dev/2.12/v/missing
2026-01-24 15:04:53 - hirelens - INFO - resume_parser.py:416 - Resume parsed successfully. Found 0 skills
2026-01-24 15:04:53 - hirelens - INFO - resume_parser.py:436 - Resume saved to C:\Users\sharo\HireLens\data\parsed_resumes.json
2026-01-24 15:04:53 - hirelens - INFO - evaluation_engine.py:257 - Evaluating resume da246e74-0e84-4328-822a-215d40aec71b against job a1ea2227-8e4e-455c-b7fd-70d2440bd423
2026-01-24 15:04:53 - hirelens - INFO - evaluation_engine.py:267 - Calculating TF-IDF similarity...
2026-01-24 15:04:53 - hirelens - INFO - evaluation_engine.py:269 - TF-IDF score: 0.061
2026-01-24 15:04:53 - hirelens - INFO - evaluation_engine.py:271 - Calculating fuzzy skill match...
2026-01-24 15:04:53 - hirelens - INFO - evaluation_engine.py:273 - Fuzzy match score: 0.000
2026-01-24 15:04:53 - hirelens - INFO - evaluation_engine.py:275 - Calculating embedding similarity...
2026-01-24 15:04:53 - hirelens - INFO - evaluation_engine.py:277 - Embedding score: 0.423
2026-01-24 15:04:53 - hirelens - INFO - evaluation_engine.py:281 - Hybrid score: 18.76
2026-01-24 15:04:53 - hirelens - INFO - evaluation_engine.py:285 - Classification: Not Fit
2026-01-24 15:04:53 - hirelens - INFO - evaluation_engine.py:304 - Evaluation complete. Matched: 0, Missing: 20
2026-01-24 15:04:53 - hirelens - INFO - evaluation_engine.py:324 - Evaluation saved to C:\Users\sharo\HireLens\data\evaluations.json
2026-01-24 15:04:53 - hirelens - INFO - skill_gap_analyzer.py:172 - Analyzing skill gaps for resume da246e74-0e84-4328-822a-215d40aec71b
2026-01-24 15:04:53 - hirelens - INFO - skill_gap_analyzer.py:205 - Skill gap analysis complete. Critical gaps: 20, Moderate gaps: 0, Weak areas: 0
2026-01-24 15:04:53 - hirelens - INFO - skill_gap_analyzer.py:228 - Skill gaps saved to C:\Users\sharo\HireLens\data\skill_gaps.json
2026-01-24 15:04:53 - hirelens - INFO - course_recommender.py:110 - Generating course recommendations for gap 69af3995-dac6-4f5c-9562-47075d285c39
2026-01-24 15:04:53 - hirelens - WARNING - course_recommender.py:90 - No courses found for skill: AI
2026-01-24 15:04:53 - hirelens - INFO - course_recommender.py:147 - Found 2 courses for Angular
2026-01-24 15:04:53 - hirelens - WARNING - course_recommender.py:90 - No courses found for skill: CSS
2026-01-24 15:04:53 - hirelens - WARNING - course_recommender.py:90 - No courses found for skill: Documentation
2026-01-24 15:04:53 - hirelens - WARNING - course_recommender.py:90 - No courses found for skill: Firebase
2026-01-24 15:04:53 - hirelens - INFO - course_recommender.py:147 - Found 2 courses for Git
2026-01-24 15:04:53 - hirelens - WARNING - course_recommender.py:90 - No courses found for skill: Github
2026-01-24 15:04:53 - hirelens - WARNING - course_recommender.py:90 - No courses found for skill: HTML
2026-01-24 15:04:53 - hirelens - INFO - course_recommender.py:147 - Found 3 courses for Java
2026-01-24 15:04:53 - hirelens - INFO - course_recommender.py:147 - Found 3 courses for Javascript
2026-01-24 15:04:53 - hirelens - WARNING - course_recommender.py:90 - No courses found for skill: Js
2026-01-24 15:04:53 - hirelens - WARNING - course_recommender.py:90 - No courses found for skill: Json
2026-01-24 15:04:53 - hirelens - WARNING - course_recommender.py:90 - No courses found for skill: ML
2026-01-24 15:04:53 - hirelens - INFO - course_recommender.py:147 - Found 2 courses for Mongodb
2026-01-24 15:04:53 - hirelens - WARNING - course_recommender.py:90 - No courses found for skill: Mysql
2026-01-24 15:04:53 - hirelens - WARNING - course_recommender.py:90 - No courses found for skill: Node
2026-01-24 15:04:53 - hirelens - INFO - course_recommender.py:147 - Found 2 courses for Node.Js
2026-01-24 15:04:53 - hirelens - INFO - course_recommender.py:147 - Found 3 courses for Python
2026-01-24 15:04:53 - hirelens - INFO - course_recommender.py:147 - Found 3 courses for React
2026-01-24 15:04:53 - hirelens - WARNING - course_recommender.py:90 - No courses found for skill: Vue
2026-01-24 15:04:53 - hirelens - INFO - course_recommender.py:149 - Generated recommendations for 8 skills
2026-01-24 15:04:53 - hirelens - INFO - course_recommender.py:172 - Recommendations saved to C:\Users\sharo\HireLens\data\recommendations.json
2026-01-24 15:04:53 - hirelens - INFO - feedback_generator.py:286 - Generating feedback for evaluation d479d5f2-ab4c-4522-a46c-f16b40739e95
2026-01-24 15:04:53 - hirelens - INFO - feedback_generator.py:305 - Feedback generated successfully
2026-01-24 15:04:53 - hirelens - INFO - feedback_generator.py:325 - Feedback saved to C:\Users\sharo\HireLens\data\feedback.json
2026-01-24 15:04:53 - hirelens - INFO - routes.py:199 - Evaluating resume: Mock_Resume_3_Backend_Developer.pdf
2026-01-24 15:04:53 - hirelens - INFO - routes.py:203 - Parsing resume from C:\Users\sharo\HireLens\uploads\Mock_Resume_3_Backend_Developer.pdf
2026-01-24 15:04:53 - hirelens - INFO - resume_parser.py:363 - Parsing resume: C:\Users\sharo\HireLens\uploads\Mock_Resume_3_Backend_Developer.pdf
2026-01-24 15:04:53 - hirelens - ERROR - resume_parser.py:399 - Error extracting resume components: 1 validation error for Education
institution
  Field required [type=missing, input_value={'degree': 'B.Tech IT, 2026', 'year': '2026'}, input_type=dict]
    For further information visit https://errors.pydantic.dev/2.12/v/missing
2026-01-24 15:04:53 - hirelens - INFO - resume_parser.py:416 - Resume parsed successfully. Found 0 skills
2026-01-24 15:04:53 - hirelens - INFO - resume_parser.py:436 - Resume saved to C:\Users\sharo\HireLens\data\parsed_resumes.json
2026-01-24 15:04:53 - hirelens - INFO - evaluation_engine.py:257 - Evaluating resume e8c54c68-4725-447b-b814-a49ce6ad7234 against job a1ea2227-8e4e-455c-b7fd-70d2440bd423
2026-01-24 15:04:53 - hirelens - INFO - evaluation_engine.py:267 - Calculating TF-IDF similarity...
2026-01-24 15:04:53 - hirelens - INFO - evaluation_engine.py:269 - TF-IDF score: 0.054
2026-01-24 15:04:53 - hirelens - INFO - evaluation_engine.py:271 - Calculating fuzzy skill match...
2026-01-24 15:04:53 - hirelens - INFO - evaluation_engine.py:273 - Fuzzy match score: 0.000
2026-01-24 15:04:53 - hirelens - INFO - evaluation_engine.py:275 - Calculating embedding similarity...
2026-01-24 15:04:54 - hirelens - INFO - evaluation_engine.py:277 - Embedding score: 0.615
2026-01-24 15:04:54 - hirelens - INFO - evaluation_engine.py:281 - Hybrid score: 26.21
2026-01-24 15:04:54 - hirelens - INFO - evaluation_engine.py:285 - Classification: Not Fit
2026-01-24 15:04:54 - hirelens - INFO - evaluation_engine.py:304 - Evaluation complete. Matched: 0, Missing: 20
2026-01-24 15:04:54 - hirelens - INFO - evaluation_engine.py:324 - Evaluation saved to C:\Users\sharo\HireLens\data\evaluations.json
2026-01-24 15:04:54 - hirelens - INFO - skill_gap_analyzer.py:172 - Analyzing skill gaps for resume e8c54c68-4725-447b-b814-a49ce6ad7234
2026-01-24 15:04:54 - hirelens - INFO - skill_gap_analyzer.py:205 - Skill gap analysis complete. Critical gaps: 20, Moderate gaps: 0, Weak areas: 0
2026-01-24 15:04:54 - hirelens - INFO - skill_gap_analyzer.py:228 - Skill gaps saved to C:\Users\sharo\HireLens\data\skill_gaps.json
2026-01-24 15:04:54 - hirelens - INFO - course_recommender.py:110 - Generating course recommendations for gap df5a4c6f-62b0-4bd5-8ba4-ca6bb9cd1e40
2026-01-24 15:04:54 - hirelens - WARNING - course_recommender.py:90 - No courses found for skill: AI
2026-01-24 15:04:54 - hirelens - INFO - course_recommender.py:147 - Found 2 courses for Angular
2026-01-24 15:04:54 - hirelens - WARNING - course_recommender.py:90 - No courses found for skill: CSS
2026-01-24 15:04:54 - hirelens - WARNING - course_recommender.py:90 - No courses found for skill: Documentation
2026-01-24 15:04:54 - hirelens - WARNING - course_recommender.py:90 - No courses found for skill: Firebase
2026-01-24 15:04:54 - hirelens - INFO - course_recommender.py:147 - Found 2 courses for Git
2026-01-24 15:04:54 - hirelens - WARNING - course_recommender.py:90 - No courses found for skill: Github
2026-01-24 15:04:54 - hirelens - WARNING - course_recommender.py:90 - No courses found for skill: HTML
2026-01-24 15:04:54 - hirelens - INFO - course_recommender.py:147 - Found 3 courses for Java
2026-01-24 15:04:54 - hirelens - INFO - course_recommender.py:147 - Found 3 courses for Javascript
2026-01-24 15:04:54 - hirelens - WARNING - course_recommender.py:90 - No courses found for skill: Js
2026-01-24 15:04:54 - hirelens - WARNING - course_recommender.py:90 - No courses found for skill: Json
2026-01-24 15:04:54 - hirelens - WARNING - course_recommender.py:90 - No courses found for skill: ML
2026-01-24 15:04:54 - hirelens - INFO - course_recommender.py:147 - Found 2 courses for Mongodb
2026-01-24 15:04:54 - hirelens - WARNING - course_recommender.py:90 - No courses found for skill: Mysql
2026-01-24 15:04:54 - hirelens - WARNING - course_recommender.py:90 - No courses found for skill: Node
2026-01-24 15:04:54 - hirelens - INFO - course_recommender.py:147 - Found 2 courses for Node.Js
2026-01-24 15:04:54 - hirelens - INFO - course_recommender.py:147 - Found 3 courses for Python
2026-01-24 15:04:54 - hirelens - INFO - course_recommender.py:147 - Found 3 courses for React
2026-01-24 15:04:54 - hirelens - WARNING - course_recommender.py:90 - No courses found for skill: Vue
2026-01-24 15:04:54 - hirelens - INFO - course_recommender.py:149 - Generated recommendations for 8 skills
2026-01-24 15:04:54 - hirelens - INFO - course_recommender.py:172 - Recommendations saved to C:\Users\sharo\HireLens\data\recommendations.json
2026-01-24 15:04:54 - hirelens - INFO - feedback_generator.py:286 - Generating feedback for evaluation d4d6cc42-aad1-40f1-8306-1dd8ba22fbc2
2026-01-24 15:04:54 - hirelens - INFO - feedback_generator.py:305 - Feedback generated successfully
2026-01-24 15:04:54 - hirelens - INFO - feedback_generator.py:325 - Feedback saved to C:\Users\sharo\HireLens\data\feedback.json
2026-01-24 15:04:54 - hirelens - INFO - routes.py:199 - Evaluating resume: Mock_Resume_2_Frontend_Developer.pdf
2026-01-24 15:04:54 - hirelens - INFO - routes.py:203 - Parsing resume from C:\Users\sharo\HireLens\uploads\Mock_Resume_2_Frontend_Developer.pdf
2026-01-24 15:04:54 - hirelens - INFO - resume_parser.py:363 - Parsing resume: C:\Users\sharo\HireLens\uploads\Mock_Resume_2_Frontend_Developer.pdf
2026-01-24 15:04:54 - hirelens - ERROR - resume_parser.py:399 - Error extracting resume components: 2 validation errors for Education
degree
  Field required [type=missing, input_value={'year': '2025'}, input_type=dict]
    For further information visit https://errors.pydantic.dev/2.12/v/missing
institution
  Field required [type=missing, input_value={'year': '2025'}, input_type=dict]
    For further information visit https://errors.pydantic.dev/2.12/v/missing
2026-01-24 15:04:54 - hirelens - INFO - resume_parser.py:416 - Resume parsed successfully. Found 0 skills
2026-01-24 15:04:54 - hirelens - INFO - resume_parser.py:436 - Resume saved to C:\Users\sharo\HireLens\data\parsed_resumes.json
2026-01-24 15:04:54 - hirelens - INFO - evaluation_engine.py:257 - Evaluating resume 6d0480ba-3de5-4244-a34b-63ecc75bd308 against job a1ea2227-8e4e-455c-b7fd-70d2440bd423
2026-01-24 15:04:54 - hirelens - INFO - evaluation_engine.py:267 - Calculating TF-IDF similarity...
2026-01-24 15:04:54 - hirelens - INFO - evaluation_engine.py:269 - TF-IDF score: 0.114
2026-01-24 15:04:54 - hirelens - INFO - evaluation_engine.py:271 - Calculating fuzzy skill match...
2026-01-24 15:04:54 - hirelens - INFO - evaluation_engine.py:273 - Fuzzy match score: 0.000
2026-01-24 15:04:54 - hirelens - INFO - evaluation_engine.py:275 - Calculating embedding similarity...
2026-01-24 15:04:54 - hirelens - INFO - evaluation_engine.py:277 - Embedding score: 0.581
2026-01-24 15:04:54 - hirelens - INFO - evaluation_engine.py:281 - Hybrid score: 26.68
2026-01-24 15:04:54 - hirelens - INFO - evaluation_engine.py:285 - Classification: Not Fit
2026-01-24 15:04:54 - hirelens - INFO - evaluation_engine.py:304 - Evaluation complete. Matched: 0, Missing: 20
2026-01-24 15:04:54 - hirelens - INFO - evaluation_engine.py:324 - Evaluation saved to C:\Users\sharo\HireLens\data\evaluations.json
2026-01-24 15:04:54 - hirelens - INFO - skill_gap_analyzer.py:172 - Analyzing skill gaps for resume 6d0480ba-3de5-4244-a34b-63ecc75bd308
2026-01-24 15:04:54 - hirelens - INFO - skill_gap_analyzer.py:205 - Skill gap analysis complete. Critical gaps: 20, Moderate gaps: 0, Weak areas: 0
2026-01-24 15:04:54 - hirelens - INFO - skill_gap_analyzer.py:228 - Skill gaps saved to C:\Users\sharo\HireLens\data\skill_gaps.json
2026-01-24 15:04:54 - hirelens - INFO - course_recommender.py:110 - Generating course recommendations for gap 6b94a9b5-2d68-4665-8c15-c9e34bde230f
2026-01-24 15:04:54 - hirelens - WARNING - course_recommender.py:90 - No courses found for skill: AI
2026-01-24 15:04:54 - hirelens - INFO - course_recommender.py:147 - Found 2 courses for Angular
2026-01-24 15:04:54 - hirelens - WARNING - course_recommender.py:90 - No courses found for skill: CSS
2026-01-24 15:04:54 - hirelens - WARNING - course_recommender.py:90 - No courses found for skill: Documentation
2026-01-24 15:04:54 - hirelens - WARNING - course_recommender.py:90 - No courses found for skill: Firebase
2026-01-24 15:04:54 - hirelens - INFO - course_recommender.py:147 - Found 2 courses for Git
2026-01-24 15:04:54 - hirelens - WARNING - course_recommender.py:90 - No courses found for skill: Github
2026-01-24 15:04:54 - hirelens - WARNING - course_recommender.py:90 - No courses found for skill: HTML
2026-01-24 15:04:54 - hirelens - INFO - course_recommender.py:147 - Found 3 courses for Java
2026-01-24 15:04:54 - hirelens - INFO - course_recommender.py:147 - Found 3 courses for Javascript
2026-01-24 15:04:54 - hirelens - WARNING - course_recommender.py:90 - No courses found for skill: Js
2026-01-24 15:04:54 - hirelens - WARNING - course_recommender.py:90 - No courses found for skill: Json
2026-01-24 15:04:54 - hirelens - WARNING - course_recommender.py:90 - No courses found for skill: ML
2026-01-24 15:04:54 - hirelens - INFO - course_recommender.py:147 - Found 2 courses for Mongodb
2026-01-24 15:04:54 - hirelens - WARNING - course_recommender.py:90 - No courses found for skill: Mysql
2026-01-24 15:04:54 - hirelens - WARNING - course_recommender.py:90 - No courses found for skill: Node
2026-01-24 15:04:54 - hirelens - INFO - course_recommender.py:147 - Found 2 courses for Node.Js
2026-01-24 15:04:54 - hirelens - INFO - course_recommender.py:147 - Found 3 courses for Python
2026-01-24 15:04:54 - hirelens - INFO - course_recommender.py:147 - Found 3 courses for React
2026-01-24 15:04:54 - hirelens - WARNING - course_recommender.py:90 - No courses found for skill: Vue
2026-01-24 15:04:54 - hirelens - INFO - course_recommender.py:149 - Generated recommendations for 8 skills
2026-01-24 15:04:54 - hirelens - INFO - course_recommender.py:172 - Recommendations saved to C:\Users\sharo\HireLens\data\recommendations.json
2026-01-24 15:04:54 - hirelens - INFO - feedback_generator.py:286 - Generating feedback for evaluation 7912ea09-7699-42fe-8771-fc470e13aab2
2026-01-24 15:04:54 - hirelens - INFO - feedback_generator.py:305 - Feedback generated successfully
2026-01-24 15:04:54 - hirelens - INFO - feedback_generator.py:325 - Feedback saved to C:\Users\sharo\HireLens\data\feedback.json
2026-01-24 15:04:54 - hirelens - INFO - routes.py:199 - Evaluating resume: Mock_Resume_1_Full_Stack_Developer.pdf
2026-01-24 15:04:54 - hirelens - INFO - routes.py:203 - Parsing resume from C:\Users\sharo\HireLens\uploads\Mock_Resume_1_Full_Stack_Developer.pdf
2026-01-24 15:04:54 - hirelens - INFO - resume_parser.py:363 - Parsing resume: C:\Users\sharo\HireLens\uploads\Mock_Resume_1_Full_Stack_Developer.pdf
2026-01-24 15:04:54 - hirelens - ERROR - resume_parser.py:399 - Error extracting resume components: 2 validation errors for Education
degree
  Field required [type=missing, input_value={'year': '2026'}, input_type=dict]
    For further information visit https://errors.pydantic.dev/2.12/v/missing
institution
  Field required [type=missing, input_value={'year': '2026'}, input_type=dict]
    For further information visit https://errors.pydantic.dev/2.12/v/missing
2026-01-24 15:04:54 - hirelens - INFO - resume_parser.py:416 - Resume parsed successfully. Found 0 skills
2026-01-24 15:04:54 - hirelens - INFO - resume_parser.py:436 - Resume saved to C:\Users\sharo\HireLens\data\parsed_resumes.json
2026-01-24 15:04:54 - hirelens - INFO - evaluation_engine.py:257 - Evaluating resume 5ed35bc9-ff36-4868-9d9b-18e70b741cdc against job a1ea2227-8e4e-455c-b7fd-70d2440bd423
2026-01-24 15:04:54 - hirelens - INFO - evaluation_engine.py:267 - Calculating TF-IDF similarity...
2026-01-24 15:04:54 - hirelens - INFO - evaluation_engine.py:269 - TF-IDF score: 0.140
2026-01-24 15:04:54 - hirelens - INFO - evaluation_engine.py:271 - Calculating fuzzy skill match...
2026-01-24 15:04:54 - hirelens - INFO - evaluation_engine.py:273 - Fuzzy match score: 0.000
2026-01-24 15:04:54 - hirelens - INFO - evaluation_engine.py:275 - Calculating embedding similarity...
2026-01-24 15:04:54 - hirelens - INFO - evaluation_engine.py:277 - Embedding score: 0.634
2026-01-24 15:04:54 - hirelens - INFO - evaluation_engine.py:281 - Hybrid score: 29.56
2026-01-24 15:04:54 - hirelens - INFO - evaluation_engine.py:285 - Classification: Not Fit
2026-01-24 15:04:54 - hirelens - INFO - evaluation_engine.py:304 - Evaluation complete. Matched: 0, Missing: 20
2026-01-24 15:04:54 - hirelens - INFO - evaluation_engine.py:324 - Evaluation saved to C:\Users\sharo\HireLens\data\evaluations.json
2026-01-24 15:04:54 - hirelens - INFO - skill_gap_analyzer.py:172 - Analyzing skill gaps for resume 5ed35bc9-ff36-4868-9d9b-18e70b741cdc
2026-01-24 15:04:54 - hirelens - INFO - skill_gap_analyzer.py:205 - Skill gap analysis complete. Critical gaps: 20, Moderate gaps: 0, Weak areas: 0
2026-01-24 15:04:54 - hirelens - INFO - skill_gap_analyzer.py:228 - Skill gaps saved to C:\Users\sharo\HireLens\data\skill_gaps.json
2026-01-24 15:04:54 - hirelens - INFO - course_recommender.py:110 - Generating course recommendations for gap 59843e33-0ec0-4a99-90a0-a5fed40447cf
2026-01-24 15:04:54 - hirelens - WARNING - course_recommender.py:90 - No courses found for skill: AI
2026-01-24 15:04:54 - hirelens - INFO - course_recommender.py:147 - Found 2 courses for Angular
2026-01-24 15:04:54 - hirelens - WARNING - course_recommender.py:90 - No courses found for skill: CSS
2026-01-24 15:04:54 - hirelens - WARNING - course_recommender.py:90 - No courses found for skill: Documentation
2026-01-24 15:04:54 - hirelens - WARNING - course_recommender.py:90 - No courses found for skill: Firebase
2026-01-24 15:04:54 - hirelens - INFO - course_recommender.py:147 - Found 2 courses for Git
2026-01-24 15:04:54 - hirelens - WARNING - course_recommender.py:90 - No courses found for skill: Github
2026-01-24 15:04:54 - hirelens - WARNING - course_recommender.py:90 - No courses found for skill: HTML
2026-01-24 15:04:54 - hirelens - INFO - course_recommender.py:147 - Found 3 courses for Java
2026-01-24 15:04:54 - hirelens - INFO - course_recommender.py:147 - Found 3 courses for Javascript
2026-01-24 15:04:54 - hirelens - WARNING - course_recommender.py:90 - No courses found for skill: Js
2026-01-24 15:04:54 - hirelens - WARNING - course_recommender.py:90 - No courses found for skill: Json
2026-01-24 15:04:54 - hirelens - WARNING - course_recommender.py:90 - No courses found for skill: ML
2026-01-24 15:04:54 - hirelens - INFO - course_recommender.py:147 - Found 2 courses for Mongodb
2026-01-24 15:04:54 - hirelens - WARNING - course_recommender.py:90 - No courses found for skill: Mysql
2026-01-24 15:04:54 - hirelens - WARNING - course_recommender.py:90 - No courses found for skill: Node
2026-01-24 15:04:54 - hirelens - INFO - course_recommender.py:147 - Found 2 courses for Node.Js
2026-01-24 15:04:54 - hirelens - INFO - course_recommender.py:147 - Found 3 courses for Python
2026-01-24 15:04:54 - hirelens - INFO - course_recommender.py:147 - Found 3 courses for React
2026-01-24 15:04:54 - hirelens - WARNING - course_recommender.py:90 - No courses found for skill: Vue
2026-01-24 15:04:54 - hirelens - INFO - course_recommender.py:149 - Generated recommendations for 8 skills
2026-01-24 15:04:54 - hirelens - INFO - course_recommender.py:172 - Recommendations saved to C:\Users\sharo\HireLens\data\recommendations.json
2026-01-24 15:04:54 - hirelens - INFO - feedback_generator.py:286 - Generating feedback for evaluation 83d29ada-4aba-4742-97a2-efdcea7c9c29
2026-01-24 15:04:54 - hirelens - INFO - feedback_generator.py:305 - Feedback generated successfully
2026-01-24 15:04:54 - hirelens - INFO - feedback_generator.py:325 - Feedback saved to C:\Users\sharo\HireLens\data\feedback.json
2026-01-24 15:04:54 - hirelens - INFO - routes.py:247 - Batch evaluation complete. Evaluated 10 resumes, avg score: 22.22
2026-01-24 15:05:55 - hirelens - INFO - routes.py:39 - Uploading resume: Sharon_Ponsily_C_Resume.pdf
2026-01-24 15:05:55 - hirelens - INFO - routes.py:55 - File saved to C:\Users\sharo\HireLens\uploads\Sharon_Ponsily_C_Resume.pdf
2026-01-24 15:05:55 - hirelens - INFO - resume_parser.py:363 - Parsing resume: C:\Users\sharo\HireLens\uploads\Sharon_Ponsily_C_Resume.pdf
2026-01-24 15:05:55 - hirelens - INFO - resume_parser.py:416 - Resume parsed successfully. Found 26 skills
2026-01-24 15:05:55 - hirelens - INFO - resume_parser.py:436 - Resume saved to C:\Users\sharo\HireLens\data\parsed_resumes.json
2026-01-24 15:05:55 - hirelens - INFO - routes.py:183 - Starting batch evaluation of 1 resumes
2026-01-24 15:05:55 - hirelens - INFO - job_analyzer.py:255 - Analyzing job description...
2026-01-24 15:05:55 - hirelens - WARNING - job_analyzer.py:60 - No required skills found via patterns, scanning entire job description
2026-01-24 15:05:55 - hirelens - INFO - job_analyzer.py:65 - Extracted 20 required skills from job description
2026-01-24 15:05:55 - hirelens - INFO - job_analyzer.py:102 - Extracted 0 preferred skills from job description
2026-01-24 15:05:55 - hirelens - INFO - job_analyzer.py:279 - Job description analyzed. Found 20 required skills, 0 preferred skills
2026-01-24 15:05:55 - hirelens - INFO - job_analyzer.py:300 - Job description saved to C:\Users\sharo\HireLens\data\job_descriptions.json
2026-01-24 15:05:55 - hirelens - INFO - course_recommender.py:34 - Loaded courses for 31 skills
2026-01-24 15:05:55 - hirelens - INFO - routes.py:199 - Evaluating resume: Sharon_Ponsily_C_Resume.pdf
2026-01-24 15:05:55 - hirelens - INFO - routes.py:203 - Parsing resume from C:\Users\sharo\HireLens\uploads\Sharon_Ponsily_C_Resume.pdf
2026-01-24 15:05:55 - hirelens - INFO - resume_parser.py:363 - Parsing resume: C:\Users\sharo\HireLens\uploads\Sharon_Ponsily_C_Resume.pdf
2026-01-24 15:05:55 - hirelens - INFO - resume_parser.py:416 - Resume parsed successfully. Found 26 skills
2026-01-24 15:05:55 - hirelens - INFO - resume_parser.py:436 - Resume saved to C:\Users\sharo\HireLens\data\parsed_resumes.json
2026-01-24 15:05:55 - hirelens - INFO - evaluation_engine.py:257 - Evaluating resume 9f995cc3-4031-42fe-9e23-1756831c95ed against job 8d8c9f50-1caf-4221-ab58-e4e5eccf2d20
2026-01-24 15:05:55 - hirelens - INFO - evaluation_engine.py:267 - Calculating TF-IDF similarity...
2026-01-24 15:05:55 - hirelens - INFO - evaluation_engine.py:269 - TF-IDF score: 0.202
2026-01-24 15:05:55 - hirelens - INFO - evaluation_engine.py:271 - Calculating fuzzy skill match...
2026-01-24 15:05:55 - hirelens - INFO - evaluation_engine.py:273 - Fuzzy match score: 0.816
2026-01-24 15:05:55 - hirelens - INFO - evaluation_engine.py:275 - Calculating embedding similarity...
2026-01-24 15:05:56 - hirelens - INFO - evaluation_engine.py:277 - Embedding score: 0.570
2026-01-24 15:05:56 - hirelens - INFO - evaluation_engine.py:281 - Hybrid score: 53.34
2026-01-24 15:05:56 - hirelens - INFO - evaluation_engine.py:285 - Classification: Average Fit
2026-01-24 15:05:56 - hirelens - INFO - evaluation_engine.py:304 - Evaluation complete. Matched: 13, Missing: 7
2026-01-24 15:05:56 - hirelens - INFO - evaluation_engine.py:324 - Evaluation saved to C:\Users\sharo\HireLens\data\evaluations.json
2026-01-24 15:05:56 - hirelens - INFO - skill_gap_analyzer.py:172 - Analyzing skill gaps for resume 9f995cc3-4031-42fe-9e23-1756831c95ed
2026-01-24 15:05:56 - hirelens - INFO - skill_gap_analyzer.py:205 - Skill gap analysis complete. Critical gaps: 7, Moderate gaps: 0, Weak areas: 0
2026-01-24 15:05:56 - hirelens - INFO - skill_gap_analyzer.py:228 - Skill gaps saved to C:\Users\sharo\HireLens\data\skill_gaps.json
2026-01-24 15:05:56 - hirelens - INFO - course_recommender.py:110 - Generating course recommendations for gap 78e14999-9cff-4524-81d3-b3c87cdaebdd
2026-01-24 15:05:56 - hirelens - INFO - course_recommender.py:147 - Found 2 courses for Angular
2026-01-24 15:05:56 - hirelens - WARNING - course_recommender.py:90 - No courses found for skill: Documentation
2026-01-24 15:05:56 - hirelens - WARNING - course_recommender.py:90 - No courses found for skill: Firebase
2026-01-24 15:05:56 - hirelens - WARNING - course_recommender.py:90 - No courses found for skill: Json
2026-01-24 15:05:56 - hirelens - INFO - course_recommender.py:147 - Found 2 courses for Mongodb
2026-01-24 15:05:56 - hirelens - INFO - course_recommender.py:147 - Found 3 courses for Python
2026-01-24 15:05:56 - hirelens - WARNING - course_recommender.py:90 - No courses found for skill: Vue
2026-01-24 15:05:56 - hirelens - INFO - course_recommender.py:149 - Generated recommendations for 3 skills
2026-01-24 15:05:56 - hirelens - INFO - course_recommender.py:172 - Recommendations saved to C:\Users\sharo\HireLens\data\recommendations.json
2026-01-24 15:05:56 - hirelens - INFO - feedback_generator.py:286 - Generating feedback for evaluation 121ab4d2-5aaa-4b70-bc8f-43e0a0bc8c1e
2026-01-24 15:05:56 - hirelens - INFO - feedback_generator.py:305 - Feedback generated successfully
2026-01-24 15:05:56 - hirelens - INFO - feedback_generator.py:325 - Feedback saved to C:\Users\sharo\HireLens\data\feedback.json
2026-01-24 15:05:56 - hirelens - INFO - routes.py:247 - Batch evaluation complete. Evaluated 1 resumes, avg score: 53.34
2026-01-24 15:10:17 - hirelens - INFO - routes.py:39 - Uploading resume: Mock_Resume_10_Python_Developer.pdf
2026-01-24 15:10:17 - hirelens - INFO - routes.py:55 - File saved to C:\Users\sharo\HireLens\uploads\Mock_Resume_10_Python_Developer.pdf
2026-01-24 15:10:17 - hirelens - INFO - resume_parser.py:363 - Parsing resume: C:\Users\sharo\HireLens\uploads\Mock_Resume_10_Python_Developer.pdf
2026-01-24 15:10:18 - hirelens - ERROR - resume_parser.py:399 - Error extracting resume components: 2 validation errors for Education
degree
  Field required [type=missing, input_value={'year': '2026'}, input_type=dict]
    For further information visit https://errors.pydantic.dev/2.12/v/missing
institution
  Field required [type=missing, input_value={'year': '2026'}, input_type=dict]
    For further information visit https://errors.pydantic.dev/2.12/v/missing
2026-01-24 15:10:18 - hirelens - INFO - resume_parser.py:416 - Resume parsed successfully. Found 0 skills
2026-01-24 15:10:18 - hirelens - INFO - resume_parser.py:436 - Resume saved to C:\Users\sharo\HireLens\data\parsed_resumes.json
2026-01-24 15:10:18 - hirelens - INFO - routes.py:39 - Uploading resume: Mock_Resume_9_UI_UX_Designer.pdf
2026-01-24 15:10:18 - hirelens - INFO - routes.py:55 - File saved to C:\Users\sharo\HireLens\uploads\Mock_Resume_9_UI_UX_Designer.pdf
2026-01-24 15:10:18 - hirelens - INFO - resume_parser.py:363 - Parsing resume: C:\Users\sharo\HireLens\uploads\Mock_Resume_9_UI_UX_Designer.pdf
2026-01-24 15:10:18 - hirelens - ERROR - resume_parser.py:399 - Error extracting resume components: 2 validation errors for Education
degree
  Field required [type=missing, input_value={'year': '2025'}, input_type=dict]
    For further information visit https://errors.pydantic.dev/2.12/v/missing
institution
  Field required [type=missing, input_value={'year': '2025'}, input_type=dict]
    For further information visit https://errors.pydantic.dev/2.12/v/missing
2026-01-24 15:10:18 - hirelens - INFO - resume_parser.py:416 - Resume parsed successfully. Found 0 skills
2026-01-24 15:10:18 - hirelens - INFO - resume_parser.py:436 - Resume saved to C:\Users\sharo\HireLens\data\parsed_resumes.json
2026-01-24 15:10:18 - hirelens - INFO - routes.py:39 - Uploading resume: Mock_Resume_8_Digital_Marketer.pdf
2026-01-24 15:10:18 - hirelens - INFO - routes.py:55 - File saved to C:\Users\sharo\HireLens\uploads\Mock_Resume_8_Digital_Marketer.pdf
2026-01-24 15:10:18 - hirelens - INFO - resume_parser.py:363 - Parsing resume: C:\Users\sharo\HireLens\uploads\Mock_Resume_8_Digital_Marketer.pdf
2026-01-24 15:10:18 - hirelens - ERROR - resume_parser.py:399 - Error extracting resume components: 2 validation errors for Education
degree
  Field required [type=missing, input_value={'year': '2024'}, input_type=dict]
    For further information visit https://errors.pydantic.dev/2.12/v/missing
institution
  Field required [type=missing, input_value={'year': '2024'}, input_type=dict]
    For further information visit https://errors.pydantic.dev/2.12/v/missing
2026-01-24 15:10:18 - hirelens - INFO - resume_parser.py:416 - Resume parsed successfully. Found 0 skills
2026-01-24 15:10:18 - hirelens - INFO - resume_parser.py:436 - Resume saved to C:\Users\sharo\HireLens\data\parsed_resumes.json
2026-01-24 15:10:18 - hirelens - INFO - routes.py:39 - Uploading resume: Mock_Resume_7_React_Developer.pdf
2026-01-24 15:10:18 - hirelens - INFO - routes.py:55 - File saved to C:\Users\sharo\HireLens\uploads\Mock_Resume_7_React_Developer.pdf
2026-01-24 15:10:18 - hirelens - INFO - resume_parser.py:363 - Parsing resume: C:\Users\sharo\HireLens\uploads\Mock_Resume_7_React_Developer.pdf
2026-01-24 15:10:18 - hirelens - ERROR - resume_parser.py:399 - Error extracting resume components: 1 validation error for Education
institution
  Field required [type=missing, input_value={'degree': 'B.Tech CSE, 2025', 'year': '2025'}, input_type=dict]
    For further information visit https://errors.pydantic.dev/2.12/v/missing
2026-01-24 15:10:18 - hirelens - INFO - resume_parser.py:416 - Resume parsed successfully. Found 0 skills
2026-01-24 15:10:18 - hirelens - INFO - resume_parser.py:436 - Resume saved to C:\Users\sharo\HireLens\data\parsed_resumes.json
2026-01-24 15:10:18 - hirelens - INFO - routes.py:39 - Uploading resume: Mock_Resume_6_Java_Developer.pdf
2026-01-24 15:10:18 - hirelens - INFO - routes.py:55 - File saved to C:\Users\sharo\HireLens\uploads\Mock_Resume_6_Java_Developer.pdf
2026-01-24 15:10:18 - hirelens - INFO - resume_parser.py:363 - Parsing resume: C:\Users\sharo\HireLens\uploads\Mock_Resume_6_Java_Developer.pdf
2026-01-24 15:10:19 - hirelens - ERROR - resume_parser.py:399 - Error extracting resume components: 2 validation errors for Education
degree
  Field required [type=missing, input_value={'year': '2026'}, input_type=dict]
    For further information visit https://errors.pydantic.dev/2.12/v/missing
institution
  Field required [type=missing, input_value={'year': '2026'}, input_type=dict]
    For further information visit https://errors.pydantic.dev/2.12/v/missing
2026-01-24 15:10:19 - hirelens - INFO - resume_parser.py:416 - Resume parsed successfully. Found 0 skills
2026-01-24 15:10:19 - hirelens - INFO - resume_parser.py:436 - Resume saved to C:\Users\sharo\HireLens\data\parsed_resumes.json
2026-01-24 15:10:19 - hirelens - INFO - routes.py:39 - Uploading resume: Mock_Resume_5_Data_Analyst.pdf
2026-01-24 15:10:19 - hirelens - INFO - routes.py:55 - File saved to C:\Users\sharo\HireLens\uploads\Mock_Resume_5_Data_Analyst.pdf
2026-01-24 15:10:19 - hirelens - INFO - resume_parser.py:363 - Parsing resume: C:\Users\sharo\HireLens\uploads\Mock_Resume_5_Data_Analyst.pdf
2026-01-24 15:10:19 - hirelens - ERROR - resume_parser.py:399 - Error extracting resume components: 2 validation errors for Education
degree
  Field required [type=missing, input_value={'year': '2025'}, input_type=dict]
    For further information visit https://errors.pydantic.dev/2.12/v/missing
institution
  Field required [type=missing, input_value={'year': '2025'}, input_type=dict]
    For further information visit https://errors.pydantic.dev/2.12/v/missing
2026-01-24 15:10:19 - hirelens - INFO - resume_parser.py:416 - Resume parsed successfully. Found 0 skills
2026-01-24 15:10:19 - hirelens - INFO - resume_parser.py:436 - Resume saved to C:\Users\sharo\HireLens\data\parsed_resumes.json
2026-01-24 15:10:19 - hirelens - INFO - routes.py:39 - Uploading resume: Mock_Resume_4_AI_Intern.pdf
2026-01-24 15:10:19 - hirelens - INFO - routes.py:55 - File saved to C:\Users\sharo\HireLens\uploads\Mock_Resume_4_AI_Intern.pdf
2026-01-24 15:10:19 - hirelens - INFO - resume_parser.py:363 - Parsing resume: C:\Users\sharo\HireLens\uploads\Mock_Resume_4_AI_Intern.pdf
2026-01-24 15:10:19 - hirelens - ERROR - resume_parser.py:399 - Error extracting resume components: 2 validation errors for Education
degree
  Field required [type=missing, input_value={'year': '2026'}, input_type=dict]
    For further information visit https://errors.pydantic.dev/2.12/v/missing
institution
  Field required [type=missing, input_value={'year': '2026'}, input_type=dict]
    For further information visit https://errors.pydantic.dev/2.12/v/missing
2026-01-24 15:10:19 - hirelens - INFO - resume_parser.py:416 - Resume parsed successfully. Found 0 skills
2026-01-24 15:10:19 - hirelens - INFO - resume_parser.py:436 - Resume saved to C:\Users\sharo\HireLens\data\parsed_resumes.json
2026-01-24 15:10:19 - hirelens - INFO - routes.py:39 - Uploading resume: Mock_Resume_3_Backend_Developer.pdf
2026-01-24 15:10:19 - hirelens - INFO - routes.py:55 - File saved to C:\Users\sharo\HireLens\uploads\Mock_Resume_3_Backend_Developer.pdf
2026-01-24 15:10:19 - hirelens - INFO - resume_parser.py:363 - Parsing resume: C:\Users\sharo\HireLens\uploads\Mock_Resume_3_Backend_Developer.pdf
2026-01-24 15:10:19 - hirelens - ERROR - resume_parser.py:399 - Error extracting resume components: 1 validation error for Education
institution
  Field required [type=missing, input_value={'degree': 'B.Tech IT, 2026', 'year': '2026'}, input_type=dict]
    For further information visit https://errors.pydantic.dev/2.12/v/missing
2026-01-24 15:10:19 - hirelens - INFO - resume_parser.py:416 - Resume parsed successfully. Found 0 skills
2026-01-24 15:10:19 - hirelens - INFO - resume_parser.py:436 - Resume saved to C:\Users\sharo\HireLens\data\parsed_resumes.json
2026-01-24 15:10:19 - hirelens - INFO - routes.py:39 - Uploading resume: Mock_Resume_2_Frontend_Developer.pdf
2026-01-24 15:10:19 - hirelens - INFO - routes.py:55 - File saved to C:\Users\sharo\HireLens\uploads\Mock_Resume_2_Frontend_Developer.pdf
2026-01-24 15:10:19 - hirelens - INFO - resume_parser.py:363 - Parsing resume: C:\Users\sharo\HireLens\uploads\Mock_Resume_2_Frontend_Developer.pdf
2026-01-24 15:10:19 - hirelens - ERROR - resume_parser.py:399 - Error extracting resume components: 2 validation errors for Education
degree
  Field required [type=missing, input_value={'year': '2025'}, input_type=dict]
    For further information visit https://errors.pydantic.dev/2.12/v/missing
institution
  Field required [type=missing, input_value={'year': '2025'}, input_type=dict]
    For further information visit https://errors.pydantic.dev/2.12/v/missing
2026-01-24 15:10:19 - hirelens - INFO - resume_parser.py:416 - Resume parsed successfully. Found 0 skills
2026-01-24 15:10:19 - hirelens - INFO - resume_parser.py:436 - Resume saved to C:\Users\sharo\HireLens\data\parsed_resumes.json
2026-01-24 15:10:19 - hirelens - INFO - routes.py:39 - Uploading resume: Mock_Resume_1_Full_Stack_Developer.pdf
2026-01-24 15:10:19 - hirelens - INFO - routes.py:55 - File saved to C:\Users\sharo\HireLens\uploads\Mock_Resume_1_Full_Stack_Developer.pdf
2026-01-24 15:10:19 - hirelens - INFO - resume_parser.py:363 - Parsing resume: C:\Users\sharo\HireLens\uploads\Mock_Resume_1_Full_Stack_Developer.pdf
2026-01-24 15:10:19 - hirelens - ERROR - resume_parser.py:399 - Error extracting resume components: 2 validation errors for Education
degree
  Field required [type=missing, input_value={'year': '2026'}, input_type=dict]
    For further information visit https://errors.pydantic.dev/2.12/v/missing
institution
  Field required [type=missing, input_value={'year': '2026'}, input_type=dict]
    For further information visit https://errors.pydantic.dev/2.12/v/missing
2026-01-24 15:10:19 - hirelens - INFO - resume_parser.py:416 - Resume parsed successfully. Found 0 skills
2026-01-24 15:10:19 - hirelens - INFO - resume_parser.py:436 - Resume saved to C:\Users\sharo\HireLens\data\parsed_resumes.json
2026-01-24 15:10:19 - hirelens - INFO - routes.py:185 - Starting batch evaluation of 10 resumes
2026-01-24 15:10:19 - hirelens - INFO - job_analyzer.py:255 - Analyzing job description...
2026-01-24 15:10:19 - hirelens - WARNING - job_analyzer.py:60 - No required skills found via patterns, scanning entire job description
2026-01-24 15:10:19 - hirelens - INFO - job_analyzer.py:65 - Extracted 20 required skills from job description
2026-01-24 15:10:19 - hirelens - INFO - job_analyzer.py:102 - Extracted 0 preferred skills from job description
2026-01-24 15:10:19 - hirelens - INFO - job_analyzer.py:279 - Job description analyzed. Found 20 required skills, 0 preferred skills
2026-01-24 15:10:19 - hirelens - INFO - job_analyzer.py:300 - Job description saved to C:\Users\sharo\HireLens\data\job_descriptions.json
2026-01-24 15:10:19 - hirelens - INFO - course_recommender.py:34 - Loaded courses for 31 skills
2026-01-24 15:10:19 - hirelens - INFO - routes.py:201 - Evaluating resume: Mock_Resume_10_Python_Developer.pdf
2026-01-24 15:10:19 - hirelens - INFO - routes.py:205 - Parsing resume from C:\Users\sharo\HireLens\uploads\Mock_Resume_10_Python_Developer.pdf
2026-01-24 15:10:19 - hirelens - INFO - resume_parser.py:363 - Parsing resume: C:\Users\sharo\HireLens\uploads\Mock_Resume_10_Python_Developer.pdf
2026-01-24 15:10:20 - hirelens - ERROR - resume_parser.py:399 - Error extracting resume components: 2 validation errors for Education
degree
  Field required [type=missing, input_value={'year': '2026'}, input_type=dict]
    For further information visit https://errors.pydantic.dev/2.12/v/missing
institution
  Field required [type=missing, input_value={'year': '2026'}, input_type=dict]
    For further information visit https://errors.pydantic.dev/2.12/v/missing
2026-01-24 15:10:20 - hirelens - INFO - resume_parser.py:416 - Resume parsed successfully. Found 0 skills
2026-01-24 15:10:20 - hirelens - INFO - resume_parser.py:436 - Resume saved to C:\Users\sharo\HireLens\data\parsed_resumes.json
2026-01-24 15:10:20 - hirelens - INFO - evaluation_engine.py:257 - Evaluating resume 6fb29888-7acf-4ca3-b8d7-4f168d7828bc against job 412ac2c5-998c-4519-90b2-2602a9fb8716
2026-01-24 15:10:20 - hirelens - INFO - evaluation_engine.py:267 - Calculating TF-IDF similarity...
2026-01-24 15:10:20 - hirelens - INFO - evaluation_engine.py:269 - TF-IDF score: 0.046
2026-01-24 15:10:20 - hirelens - INFO - evaluation_engine.py:271 - Calculating fuzzy skill match...
2026-01-24 15:10:20 - hirelens - INFO - evaluation_engine.py:273 - Fuzzy match score: 0.000
2026-01-24 15:10:20 - hirelens - INFO - evaluation_engine.py:275 - Calculating embedding similarity...
2026-01-24 15:10:24 - hirelens - INFO - evaluation_engine.py:277 - Embedding score: 0.525
2026-01-24 15:10:24 - hirelens - INFO - evaluation_engine.py:281 - Hybrid score: 22.36
2026-01-24 15:10:24 - hirelens - INFO - evaluation_engine.py:285 - Classification: Not Fit
2026-01-24 15:10:24 - hirelens - INFO - evaluation_engine.py:304 - Evaluation complete. Matched: 0, Missing: 20
2026-01-24 15:10:24 - hirelens - INFO - evaluation_engine.py:324 - Evaluation saved to C:\Users\sharo\HireLens\data\evaluations.json
2026-01-24 15:10:24 - hirelens - INFO - skill_gap_analyzer.py:172 - Analyzing skill gaps for resume 6fb29888-7acf-4ca3-b8d7-4f168d7828bc
2026-01-24 15:10:24 - hirelens - INFO - skill_gap_analyzer.py:205 - Skill gap analysis complete. Critical gaps: 20, Moderate gaps: 0, Weak areas: 0
2026-01-24 15:10:24 - hirelens - INFO - skill_gap_analyzer.py:228 - Skill gaps saved to C:\Users\sharo\HireLens\data\skill_gaps.json
2026-01-24 15:10:24 - hirelens - INFO - course_recommender.py:110 - Generating course recommendations for gap 42539e57-72a4-4e35-9c75-d1fb2ebfeef0
2026-01-24 15:10:24 - hirelens - WARNING - course_recommender.py:90 - No courses found for skill: AI
2026-01-24 15:10:24 - hirelens - INFO - course_recommender.py:147 - Found 2 courses for Angular
2026-01-24 15:10:24 - hirelens - WARNING - course_recommender.py:90 - No courses found for skill: CSS
2026-01-24 15:10:24 - hirelens - WARNING - course_recommender.py:90 - No courses found for skill: Documentation
2026-01-24 15:10:24 - hirelens - WARNING - course_recommender.py:90 - No courses found for skill: Firebase
2026-01-24 15:10:24 - hirelens - INFO - course_recommender.py:147 - Found 2 courses for Git
2026-01-24 15:10:24 - hirelens - WARNING - course_recommender.py:90 - No courses found for skill: Github
2026-01-24 15:10:24 - hirelens - WARNING - course_recommender.py:90 - No courses found for skill: HTML
2026-01-24 15:10:24 - hirelens - INFO - course_recommender.py:147 - Found 3 courses for Java
2026-01-24 15:10:24 - hirelens - INFO - course_recommender.py:147 - Found 3 courses for Javascript
2026-01-24 15:10:24 - hirelens - WARNING - course_recommender.py:90 - No courses found for skill: Js
2026-01-24 15:10:24 - hirelens - WARNING - course_recommender.py:90 - No courses found for skill: Json
2026-01-24 15:10:24 - hirelens - WARNING - course_recommender.py:90 - No courses found for skill: ML
2026-01-24 15:10:24 - hirelens - INFO - course_recommender.py:147 - Found 2 courses for Mongodb
2026-01-24 15:10:24 - hirelens - WARNING - course_recommender.py:90 - No courses found for skill: Mysql
2026-01-24 15:10:24 - hirelens - WARNING - course_recommender.py:90 - No courses found for skill: Node
2026-01-24 15:10:24 - hirelens - INFO - course_recommender.py:147 - Found 2 courses for Node.Js
2026-01-24 15:10:24 - hirelens - INFO - course_recommender.py:147 - Found 3 courses for Python
2026-01-24 15:10:24 - hirelens - INFO - course_recommender.py:147 - Found 3 courses for React
2026-01-24 15:10:24 - hirelens - WARNING - course_recommender.py:90 - No courses found for skill: Vue
2026-01-24 15:10:24 - hirelens - INFO - course_recommender.py:149 - Generated recommendations for 8 skills
2026-01-24 15:10:24 - hirelens - INFO - course_recommender.py:172 - Recommendations saved to C:\Users\sharo\HireLens\data\recommendations.json
2026-01-24 15:10:24 - hirelens - INFO - feedback_generator.py:286 - Generating feedback for evaluation fe8478d6-0e5f-40e3-8174-735db4a9de86
2026-01-24 15:10:24 - hirelens - INFO - feedback_generator.py:305 - Feedback generated successfully
2026-01-24 15:10:24 - hirelens - INFO - feedback_generator.py:325 - Feedback saved to C:\Users\sharo\HireLens\data\feedback.json
2026-01-24 15:10:24 - hirelens - INFO - routes.py:201 - Evaluating resume: Mock_Resume_9_UI_UX_Designer.pdf
2026-01-24 15:10:24 - hirelens - INFO - routes.py:205 - Parsing resume from C:\Users\sharo\HireLens\uploads\Mock_Resume_9_UI_UX_Designer.pdf
2026-01-24 15:10:24 - hirelens - INFO - resume_parser.py:363 - Parsing resume: C:\Users\sharo\HireLens\uploads\Mock_Resume_9_UI_UX_Designer.pdf
2026-01-24 15:10:24 - hirelens - ERROR - resume_parser.py:399 - Error extracting resume components: 2 validation errors for Education
degree
  Field required [type=missing, input_value={'year': '2025'}, input_type=dict]
    For further information visit https://errors.pydantic.dev/2.12/v/missing
institution
  Field required [type=missing, input_value={'year': '2025'}, input_type=dict]
    For further information visit https://errors.pydantic.dev/2.12/v/missing
2026-01-24 15:10:24 - hirelens - INFO - resume_parser.py:416 - Resume parsed successfully. Found 0 skills
2026-01-24 15:10:24 - hirelens - INFO - resume_parser.py:436 - Resume saved to C:\Users\sharo\HireLens\data\parsed_resumes.json
2026-01-24 15:10:24 - hirelens - INFO - evaluation_engine.py:257 - Evaluating resume 18f745e3-2282-4c20-bea5-8c027fcadc79 against job 412ac2c5-998c-4519-90b2-2602a9fb8716
2026-01-24 15:10:24 - hirelens - INFO - evaluation_engine.py:267 - Calculating TF-IDF similarity...
2026-01-24 15:10:24 - hirelens - INFO - evaluation_engine.py:269 - TF-IDF score: 0.044
2026-01-24 15:10:24 - hirelens - INFO - evaluation_engine.py:271 - Calculating fuzzy skill match...
2026-01-24 15:10:24 - hirelens - INFO - evaluation_engine.py:273 - Fuzzy match score: 0.000
2026-01-24 15:10:24 - hirelens - INFO - evaluation_engine.py:275 - Calculating embedding similarity...
2026-01-24 15:10:24 - hirelens - INFO - evaluation_engine.py:277 - Embedding score: 0.339
2026-01-24 15:10:24 - hirelens - INFO - evaluation_engine.py:281 - Hybrid score: 14.88
2026-01-24 15:10:24 - hirelens - INFO - evaluation_engine.py:285 - Classification: Not Fit
2026-01-24 15:10:24 - hirelens - INFO - evaluation_engine.py:304 - Evaluation complete. Matched: 0, Missing: 20
2026-01-24 15:10:24 - hirelens - INFO - evaluation_engine.py:324 - Evaluation saved to C:\Users\sharo\HireLens\data\evaluations.json
2026-01-24 15:10:24 - hirelens - INFO - skill_gap_analyzer.py:172 - Analyzing skill gaps for resume 18f745e3-2282-4c20-bea5-8c027fcadc79
2026-01-24 15:10:24 - hirelens - INFO - skill_gap_analyzer.py:205 - Skill gap analysis complete. Critical gaps: 20, Moderate gaps: 0, Weak areas: 0
2026-01-24 15:10:24 - hirelens - INFO - skill_gap_analyzer.py:228 - Skill gaps saved to C:\Users\sharo\HireLens\data\skill_gaps.json
2026-01-24 15:10:24 - hirelens - INFO - course_recommender.py:110 - Generating course recommendations for gap 7cc9b67c-ac2a-4858-b736-d439e36b542c
2026-01-24 15:10:24 - hirelens - WARNING - course_recommender.py:90 - No courses found for skill: AI
2026-01-24 15:10:24 - hirelens - INFO - course_recommender.py:147 - Found 2 courses for Angular
2026-01-24 15:10:24 - hirelens - WARNING - course_recommender.py:90 - No courses found for skill: CSS
2026-01-24 15:10:24 - hirelens - WARNING - course_recommender.py:90 - No courses found for skill: Documentation
2026-01-24 15:10:24 - hirelens - WARNING - course_recommender.py:90 - No courses found for skill: Firebase
2026-01-24 15:10:24 - hirelens - INFO - course_recommender.py:147 - Found 2 courses for Git
2026-01-24 15:10:24 - hirelens - WARNING - course_recommender.py:90 - No courses found for skill: Github
2026-01-24 15:10:24 - hirelens - WARNING - course_recommender.py:90 - No courses found for skill: HTML
2026-01-24 15:10:24 - hirelens - INFO - course_recommender.py:147 - Found 3 courses for Java
2026-01-24 15:10:24 - hirelens - INFO - course_recommender.py:147 - Found 3 courses for Javascript
2026-01-24 15:10:24 - hirelens - WARNING - course_recommender.py:90 - No courses found for skill: Js
2026-01-24 15:10:24 - hirelens - WARNING - course_recommender.py:90 - No courses found for skill: Json
2026-01-24 15:10:24 - hirelens - WARNING - course_recommender.py:90 - No courses found for skill: ML
2026-01-24 15:10:24 - hirelens - INFO - course_recommender.py:147 - Found 2 courses for Mongodb
2026-01-24 15:10:24 - hirelens - WARNING - course_recommender.py:90 - No courses found for skill: Mysql
2026-01-24 15:10:24 - hirelens - WARNING - course_recommender.py:90 - No courses found for skill: Node
2026-01-24 15:10:24 - hirelens - INFO - course_recommender.py:147 - Found 2 courses for Node.Js
2026-01-24 15:10:24 - hirelens - INFO - course_recommender.py:147 - Found 3 courses for Python
2026-01-24 15:10:24 - hirelens - INFO - course_recommender.py:147 - Found 3 courses for React
2026-01-24 15:10:24 - hirelens - WARNING - course_recommender.py:90 - No courses found for skill: Vue
2026-01-24 15:10:24 - hirelens - INFO - course_recommender.py:149 - Generated recommendations for 8 skills
2026-01-24 15:10:24 - hirelens - INFO - course_recommender.py:172 - Recommendations saved to C:\Users\sharo\HireLens\data\recommendations.json
2026-01-24 15:10:24 - hirelens - INFO - feedback_generator.py:286 - Generating feedback for evaluation 903d7de4-c613-4d45-8b11-590913b6feb3
2026-01-24 15:10:24 - hirelens - INFO - feedback_generator.py:305 - Feedback generated successfully
2026-01-24 15:10:25 - hirelens - INFO - feedback_generator.py:325 - Feedback saved to C:\Users\sharo\HireLens\data\feedback.json
2026-01-24 15:10:25 - hirelens - INFO - routes.py:201 - Evaluating resume: Mock_Resume_8_Digital_Marketer.pdf
2026-01-24 15:10:25 - hirelens - INFO - routes.py:205 - Parsing resume from C:\Users\sharo\HireLens\uploads\Mock_Resume_8_Digital_Marketer.pdf
2026-01-24 15:10:25 - hirelens - INFO - resume_parser.py:363 - Parsing resume: C:\Users\sharo\HireLens\uploads\Mock_Resume_8_Digital_Marketer.pdf
2026-01-24 15:10:25 - hirelens - ERROR - resume_parser.py:399 - Error extracting resume components: 2 validation errors for Education
degree
  Field required [type=missing, input_value={'year': '2024'}, input_type=dict]
    For further information visit https://errors.pydantic.dev/2.12/v/missing
institution
  Field required [type=missing, input_value={'year': '2024'}, input_type=dict]
    For further information visit https://errors.pydantic.dev/2.12/v/missing
2026-01-24 15:10:25 - hirelens - INFO - resume_parser.py:416 - Resume parsed successfully. Found 0 skills
2026-01-24 15:10:25 - hirelens - INFO - resume_parser.py:436 - Resume saved to C:\Users\sharo\HireLens\data\parsed_resumes.json
2026-01-24 15:10:25 - hirelens - INFO - evaluation_engine.py:257 - Evaluating resume 5f9e3a53-4348-4418-ae70-49f66e631703 against job 412ac2c5-998c-4519-90b2-2602a9fb8716
2026-01-24 15:10:25 - hirelens - INFO - evaluation_engine.py:267 - Calculating TF-IDF similarity...
2026-01-24 15:10:25 - hirelens - INFO - evaluation_engine.py:269 - TF-IDF score: 0.029
2026-01-24 15:10:25 - hirelens - INFO - evaluation_engine.py:271 - Calculating fuzzy skill match...
2026-01-24 15:10:25 - hirelens - INFO - evaluation_engine.py:273 - Fuzzy match score: 0.000
2026-01-24 15:10:25 - hirelens - INFO - evaluation_engine.py:275 - Calculating embedding similarity...
2026-01-24 15:10:25 - hirelens - INFO - evaluation_engine.py:277 - Embedding score: 0.421
2026-01-24 15:10:25 - hirelens - INFO - evaluation_engine.py:281 - Hybrid score: 17.70
2026-01-24 15:10:25 - hirelens - INFO - evaluation_engine.py:285 - Classification: Not Fit
2026-01-24 15:10:25 - hirelens - INFO - evaluation_engine.py:304 - Evaluation complete. Matched: 0, Missing: 20
2026-01-24 15:10:25 - hirelens - INFO - evaluation_engine.py:324 - Evaluation saved to C:\Users\sharo\HireLens\data\evaluations.json
2026-01-24 15:10:25 - hirelens - INFO - skill_gap_analyzer.py:172 - Analyzing skill gaps for resume 5f9e3a53-4348-4418-ae70-49f66e631703
2026-01-24 15:10:25 - hirelens - INFO - skill_gap_analyzer.py:205 - Skill gap analysis complete. Critical gaps: 20, Moderate gaps: 0, Weak areas: 0
2026-01-24 15:10:25 - hirelens - INFO - skill_gap_analyzer.py:228 - Skill gaps saved to C:\Users\sharo\HireLens\data\skill_gaps.json
2026-01-24 15:10:25 - hirelens - INFO - course_recommender.py:110 - Generating course recommendations for gap 824e56ec-5f16-4b49-a8c4-3dc5c77390d7
2026-01-24 15:10:25 - hirelens - WARNING - course_recommender.py:90 - No courses found for skill: AI
2026-01-24 15:10:25 - hirelens - INFO - course_recommender.py:147 - Found 2 courses for Angular
2026-01-24 15:10:25 - hirelens - WARNING - course_recommender.py:90 - No courses found for skill: CSS
2026-01-24 15:10:25 - hirelens - WARNING - course_recommender.py:90 - No courses found for skill: Documentation
2026-01-24 15:10:25 - hirelens - WARNING - course_recommender.py:90 - No courses found for skill: Firebase
2026-01-24 15:10:25 - hirelens - INFO - course_recommender.py:147 - Found 2 courses for Git
2026-01-24 15:10:25 - hirelens - WARNING - course_recommender.py:90 - No courses found for skill: Github
2026-01-24 15:10:25 - hirelens - WARNING - course_recommender.py:90 - No courses found for skill: HTML
2026-01-24 15:10:25 - hirelens - INFO - course_recommender.py:147 - Found 3 courses for Java
2026-01-24 15:10:25 - hirelens - INFO - course_recommender.py:147 - Found 3 courses for Javascript
2026-01-24 15:10:25 - hirelens - WARNING - course_recommender.py:90 - No courses found for skill: Js
2026-01-24 15:10:25 - hirelens - WARNING - course_recommender.py:90 - No courses found for skill: Json
2026-01-24 15:10:25 - hirelens - WARNING - course_recommender.py:90 - No courses found for skill: ML
2026-01-24 15:10:25 - hirelens - INFO - course_recommender.py:147 - Found 2 courses for Mongodb
2026-01-24 15:10:25 - hirelens - WARNING - course_recommender.py:90 - No courses found for skill: Mysql
2026-01-24 15:10:25 - hirelens - WARNING - course_recommender.py:90 - No courses found for skill: Node
2026-01-24 15:10:25 - hirelens - INFO - course_recommender.py:147 - Found 2 courses for Node.Js
2026-01-24 15:10:25 - hirelens - INFO - course_recommender.py:147 - Found 3 courses for Python
2026-01-24 15:10:25 - hirelens - INFO - course_recommender.py:147 - Found 3 courses for React
2026-01-24 15:10:25 - hirelens - WARNING - course_recommender.py:90 - No courses found for skill: Vue
2026-01-24 15:10:25 - hirelens - INFO - course_recommender.py:149 - Generated recommendations for 8 skills
2026-01-24 15:10:25 - hirelens - INFO - course_recommender.py:172 - Recommendations saved to C:\Users\sharo\HireLens\data\recommendations.json
2026-01-24 15:10:25 - hirelens - INFO - feedback_generator.py:286 - Generating feedback for evaluation 6c34dcbd-62b1-4fec-bcd9-5f2de5df893d
2026-01-24 15:10:25 - hirelens - INFO - feedback_generator.py:305 - Feedback generated successfully
2026-01-24 15:10:25 - hirelens - INFO - feedback_generator.py:325 - Feedback saved to C:\Users\sharo\HireLens\data\feedback.json
2026-01-24 15:10:25 - hirelens - INFO - routes.py:201 - Evaluating resume: Mock_Resume_7_React_Developer.pdf
2026-01-24 15:10:25 - hirelens - INFO - routes.py:205 - Parsing resume from C:\Users\sharo\HireLens\uploads\Mock_Resume_7_React_Developer.pdf
2026-01-24 15:10:25 - hirelens - INFO - resume_parser.py:363 - Parsing resume: C:\Users\sharo\HireLens\uploads\Mock_Resume_7_React_Developer.pdf
2026-01-24 15:10:25 - hirelens - ERROR - resume_parser.py:399 - Error extracting resume components: 1 validation error for Education
institution
  Field required [type=missing, input_value={'degree': 'B.Tech CSE, 2025', 'year': '2025'}, input_type=dict]
    For further information visit https://errors.pydantic.dev/2.12/v/missing
2026-01-24 15:10:25 - hirelens - INFO - resume_parser.py:416 - Resume parsed successfully. Found 0 skills
2026-01-24 15:10:25 - hirelens - INFO - resume_parser.py:436 - Resume saved to C:\Users\sharo\HireLens\data\parsed_resumes.json
2026-01-24 15:10:25 - hirelens - INFO - evaluation_engine.py:257 - Evaluating resume 50209f26-2d51-4d41-8f7c-474aa915a3e7 against job 412ac2c5-998c-4519-90b2-2602a9fb8716
2026-01-24 15:10:25 - hirelens - INFO - evaluation_engine.py:267 - Calculating TF-IDF similarity...
2026-01-24 15:10:25 - hirelens - INFO - evaluation_engine.py:269 - TF-IDF score: 0.062
2026-01-24 15:10:25 - hirelens - INFO - evaluation_engine.py:271 - Calculating fuzzy skill match...
2026-01-24 15:10:25 - hirelens - INFO - evaluation_engine.py:273 - Fuzzy match score: 0.000
2026-01-24 15:10:25 - hirelens - INFO - evaluation_engine.py:275 - Calculating embedding similarity...
2026-01-24 15:10:25 - hirelens - INFO - evaluation_engine.py:277 - Embedding score: 0.596
2026-01-24 15:10:25 - hirelens - INFO - evaluation_engine.py:281 - Hybrid score: 25.72
2026-01-24 15:10:25 - hirelens - INFO - evaluation_engine.py:285 - Classification: Not Fit
2026-01-24 15:10:25 - hirelens - INFO - evaluation_engine.py:304 - Evaluation complete. Matched: 0, Missing: 20
2026-01-24 15:10:25 - hirelens - INFO - evaluation_engine.py:324 - Evaluation saved to C:\Users\sharo\HireLens\data\evaluations.json
2026-01-24 15:10:25 - hirelens - INFO - skill_gap_analyzer.py:172 - Analyzing skill gaps for resume 50209f26-2d51-4d41-8f7c-474aa915a3e7
2026-01-24 15:10:25 - hirelens - INFO - skill_gap_analyzer.py:205 - Skill gap analysis complete. Critical gaps: 20, Moderate gaps: 0, Weak areas: 0
2026-01-24 15:10:25 - hirelens - INFO - skill_gap_analyzer.py:228 - Skill gaps saved to C:\Users\sharo\HireLens\data\skill_gaps.json
2026-01-24 15:10:25 - hirelens - INFO - course_recommender.py:110 - Generating course recommendations for gap 945a1a02-4e02-4a21-bd2e-0498ca9e9818
2026-01-24 15:10:25 - hirelens - WARNING - course_recommender.py:90 - No courses found for skill: AI
2026-01-24 15:10:25 - hirelens - INFO - course_recommender.py:147 - Found 2 courses for Angular
2026-01-24 15:10:25 - hirelens - WARNING - course_recommender.py:90 - No courses found for skill: CSS
2026-01-24 15:10:25 - hirelens - WARNING - course_recommender.py:90 - No courses found for skill: Documentation
2026-01-24 15:10:25 - hirelens - WARNING - course_recommender.py:90 - No courses found for skill: Firebase
2026-01-24 15:10:25 - hirelens - INFO - course_recommender.py:147 - Found 2 courses for Git
2026-01-24 15:10:25 - hirelens - WARNING - course_recommender.py:90 - No courses found for skill: Github
2026-01-24 15:10:25 - hirelens - WARNING - course_recommender.py:90 - No courses found for skill: HTML
2026-01-24 15:10:25 - hirelens - INFO - course_recommender.py:147 - Found 3 courses for Java
2026-01-24 15:10:25 - hirelens - INFO - course_recommender.py:147 - Found 3 courses for Javascript
2026-01-24 15:10:25 - hirelens - WARNING - course_recommender.py:90 - No courses found for skill: Js
2026-01-24 15:10:25 - hirelens - WARNING - course_recommender.py:90 - No courses found for skill: Json
2026-01-24 15:10:25 - hirelens - WARNING - course_recommender.py:90 - No courses found for skill: ML
2026-01-24 15:10:25 - hirelens - INFO - course_recommender.py:147 - Found 2 courses for Mongodb
2026-01-24 15:10:25 - hirelens - WARNING - course_recommender.py:90 - No courses found for skill: Mysql
2026-01-24 15:10:25 - hirelens - WARNING - course_recommender.py:90 - No courses found for skill: Node
2026-01-24 15:10:25 - hirelens - INFO - course_recommender.py:147 - Found 2 courses for Node.Js
2026-01-24 15:10:25 - hirelens - INFO - course_recommender.py:147 - Found 3 courses for Python
2026-01-24 15:10:25 - hirelens - INFO - course_recommender.py:147 - Found 3 courses for React
2026-01-24 15:10:25 - hirelens - WARNING - course_recommender.py:90 - No courses found for skill: Vue
2026-01-24 15:10:25 - hirelens - INFO - course_recommender.py:149 - Generated recommendations for 8 skills
2026-01-24 15:10:25 - hirelens - INFO - course_recommender.py:172 - Recommendations saved to C:\Users\sharo\HireLens\data\recommendations.json
2026-01-24 15:10:25 - hirelens - INFO - feedback_generator.py:286 - Generating feedback for evaluation 54f56ba7-7153-45eb-b9d3-dd0786df3fcc
2026-01-24 15:10:25 - hirelens - INFO - feedback_generator.py:305 - Feedback generated successfully
2026-01-24 15:10:25 - hirelens - INFO - feedback_generator.py:325 - Feedback saved to C:\Users\sharo\HireLens\data\feedback.json
2026-01-24 15:10:25 - hirelens - INFO - routes.py:201 - Evaluating resume: Mock_Resume_6_Java_Developer.pdf
2026-01-24 15:10:25 - hirelens - INFO - routes.py:205 - Parsing resume from C:\Users\sharo\HireLens\uploads\Mock_Resume_6_Java_Developer.pdf
2026-01-24 15:10:25 - hirelens - INFO - resume_parser.py:363 - Parsing resume: C:\Users\sharo\HireLens\uploads\Mock_Resume_6_Java_Developer.pdf
2026-01-24 15:10:25 - hirelens - ERROR - resume_parser.py:399 - Error extracting resume components: 2 validation errors for Education
degree
  Field required [type=missing, input_value={'year': '2026'}, input_type=dict]
    For further information visit https://errors.pydantic.dev/2.12/v/missing
institution
  Field required [type=missing, input_value={'year': '2026'}, input_type=dict]
    For further information visit https://errors.pydantic.dev/2.12/v/missing
2026-01-24 15:10:25 - hirelens - INFO - resume_parser.py:416 - Resume parsed successfully. Found 0 skills
2026-01-24 15:10:25 - hirelens - INFO - resume_parser.py:436 - Resume saved to C:\Users\sharo\HireLens\data\parsed_resumes.json
2026-01-24 15:10:25 - hirelens - INFO - evaluation_engine.py:257 - Evaluating resume 3766188b-692a-47af-9fa0-405f7b616d61 against job 412ac2c5-998c-4519-90b2-2602a9fb8716
2026-01-24 15:10:25 - hirelens - INFO - evaluation_engine.py:267 - Calculating TF-IDF similarity...
2026-01-24 15:10:25 - hirelens - INFO - evaluation_engine.py:269 - TF-IDF score: 0.051
2026-01-24 15:10:25 - hirelens - INFO - evaluation_engine.py:271 - Calculating fuzzy skill match...
2026-01-24 15:10:25 - hirelens - INFO - evaluation_engine.py:273 - Fuzzy match score: 0.000
2026-01-24 15:10:25 - hirelens - INFO - evaluation_engine.py:275 - Calculating embedding similarity...
2026-01-24 15:10:26 - hirelens - INFO - evaluation_engine.py:277 - Embedding score: 0.513
2026-01-24 15:10:26 - hirelens - INFO - evaluation_engine.py:281 - Hybrid score: 22.04
2026-01-24 15:10:26 - hirelens - INFO - evaluation_engine.py:285 - Classification: Not Fit
2026-01-24 15:10:26 - hirelens - INFO - evaluation_engine.py:304 - Evaluation complete. Matched: 0, Missing: 20
2026-01-24 15:10:26 - hirelens - INFO - evaluation_engine.py:324 - Evaluation saved to C:\Users\sharo\HireLens\data\evaluations.json
2026-01-24 15:10:26 - hirelens - INFO - skill_gap_analyzer.py:172 - Analyzing skill gaps for resume 3766188b-692a-47af-9fa0-405f7b616d61
2026-01-24 15:10:26 - hirelens - INFO - skill_gap_analyzer.py:205 - Skill gap analysis complete. Critical gaps: 20, Moderate gaps: 0, Weak areas: 0
2026-01-24 15:10:26 - hirelens - INFO - skill_gap_analyzer.py:228 - Skill gaps saved to C:\Users\sharo\HireLens\data\skill_gaps.json
2026-01-24 15:10:26 - hirelens - INFO - course_recommender.py:110 - Generating course recommendations for gap 85b60a99-71f7-461f-9155-70bba95d8163
2026-01-24 15:10:26 - hirelens - WARNING - course_recommender.py:90 - No courses found for skill: AI
2026-01-24 15:10:26 - hirelens - INFO - course_recommender.py:147 - Found 2 courses for Angular
2026-01-24 15:10:26 - hirelens - WARNING - course_recommender.py:90 - No courses found for skill: CSS
2026-01-24 15:10:26 - hirelens - WARNING - course_recommender.py:90 - No courses found for skill: Documentation
2026-01-24 15:10:26 - hirelens - WARNING - course_recommender.py:90 - No courses found for skill: Firebase
2026-01-24 15:10:26 - hirelens - INFO - course_recommender.py:147 - Found 2 courses for Git
2026-01-24 15:10:26 - hirelens - WARNING - course_recommender.py:90 - No courses found for skill: Github
2026-01-24 15:10:26 - hirelens - WARNING - course_recommender.py:90 - No courses found for skill: HTML
2026-01-24 15:10:26 - hirelens - INFO - course_recommender.py:147 - Found 3 courses for Java
2026-01-24 15:10:26 - hirelens - INFO - course_recommender.py:147 - Found 3 courses for Javascript
2026-01-24 15:10:26 - hirelens - WARNING - course_recommender.py:90 - No courses found for skill: Js
2026-01-24 15:10:26 - hirelens - WARNING - course_recommender.py:90 - No courses found for skill: Json
2026-01-24 15:10:26 - hirelens - WARNING - course_recommender.py:90 - No courses found for skill: ML
2026-01-24 15:10:26 - hirelens - INFO - course_recommender.py:147 - Found 2 courses for Mongodb
2026-01-24 15:10:26 - hirelens - WARNING - course_recommender.py:90 - No courses found for skill: Mysql
2026-01-24 15:10:26 - hirelens - WARNING - course_recommender.py:90 - No courses found for skill: Node
2026-01-24 15:10:26 - hirelens - INFO - course_recommender.py:147 - Found 2 courses for Node.Js
2026-01-24 15:10:26 - hirelens - INFO - course_recommender.py:147 - Found 3 courses for Python
2026-01-24 15:10:26 - hirelens - INFO - course_recommender.py:147 - Found 3 courses for React
2026-01-24 15:10:26 - hirelens - WARNING - course_recommender.py:90 - No courses found for skill: Vue
2026-01-24 15:10:26 - hirelens - INFO - course_recommender.py:149 - Generated recommendations for 8 skills
2026-01-24 15:10:26 - hirelens - INFO - course_recommender.py:172 - Recommendations saved to C:\Users\sharo\HireLens\data\recommendations.json
2026-01-24 15:10:26 - hirelens - INFO - feedback_generator.py:286 - Generating feedback for evaluation 8c20af0e-875d-4908-9450-311225c6cda9
2026-01-24 15:10:26 - hirelens - INFO - feedback_generator.py:305 - Feedback generated successfully
2026-01-24 15:10:26 - hirelens - INFO - feedback_generator.py:325 - Feedback saved to C:\Users\sharo\HireLens\data\feedback.json
2026-01-24 15:10:26 - hirelens - INFO - routes.py:201 - Evaluating resume: Mock_Resume_5_Data_Analyst.pdf
2026-01-24 15:10:26 - hirelens - INFO - routes.py:205 - Parsing resume from C:\Users\sharo\HireLens\uploads\Mock_Resume_5_Data_Analyst.pdf
2026-01-24 15:10:26 - hirelens - INFO - resume_parser.py:363 - Parsing resume: C:\Users\sharo\HireLens\uploads\Mock_Resume_5_Data_Analyst.pdf
2026-01-24 15:10:26 - hirelens - ERROR - resume_parser.py:399 - Error extracting resume components: 2 validation errors for Education
degree
  Field required [type=missing, input_value={'year': '2025'}, input_type=dict]
    For further information visit https://errors.pydantic.dev/2.12/v/missing
institution
  Field required [type=missing, input_value={'year': '2025'}, input_type=dict]
    For further information visit https://errors.pydantic.dev/2.12/v/missing
2026-01-24 15:10:26 - hirelens - INFO - resume_parser.py:416 - Resume parsed successfully. Found 0 skills
2026-01-24 15:10:26 - hirelens - INFO - resume_parser.py:436 - Resume saved to C:\Users\sharo\HireLens\data\parsed_resumes.json
2026-01-24 15:10:26 - hirelens - INFO - evaluation_engine.py:257 - Evaluating resume 362155e5-b35f-4071-abd3-0da2989d3d55 against job 412ac2c5-998c-4519-90b2-2602a9fb8716
2026-01-24 15:10:26 - hirelens - INFO - evaluation_engine.py:267 - Calculating TF-IDF similarity...
2026-01-24 15:10:26 - hirelens - INFO - evaluation_engine.py:269 - TF-IDF score: 0.034
2026-01-24 15:10:26 - hirelens - INFO - evaluation_engine.py:271 - Calculating fuzzy skill match...
2026-01-24 15:10:26 - hirelens - INFO - evaluation_engine.py:273 - Fuzzy match score: 0.000
2026-01-24 15:10:26 - hirelens - INFO - evaluation_engine.py:275 - Calculating embedding similarity...
2026-01-24 15:10:26 - hirelens - INFO - evaluation_engine.py:277 - Embedding score: 0.431
2026-01-24 15:10:26 - hirelens - INFO - evaluation_engine.py:281 - Hybrid score: 18.26
2026-01-24 15:10:26 - hirelens - INFO - evaluation_engine.py:285 - Classification: Not Fit
2026-01-24 15:10:26 - hirelens - INFO - evaluation_engine.py:304 - Evaluation complete. Matched: 0, Missing: 20
2026-01-24 15:10:26 - hirelens - INFO - evaluation_engine.py:324 - Evaluation saved to C:\Users\sharo\HireLens\data\evaluations.json
2026-01-24 15:10:26 - hirelens - INFO - skill_gap_analyzer.py:172 - Analyzing skill gaps for resume 362155e5-b35f-4071-abd3-0da2989d3d55
2026-01-24 15:10:26 - hirelens - INFO - skill_gap_analyzer.py:205 - Skill gap analysis complete. Critical gaps: 20, Moderate gaps: 0, Weak areas: 0
2026-01-24 15:10:26 - hirelens - INFO - skill_gap_analyzer.py:228 - Skill gaps saved to C:\Users\sharo\HireLens\data\skill_gaps.json
2026-01-24 15:10:26 - hirelens - INFO - course_recommender.py:110 - Generating course recommendations for gap 8560f3e2-f39e-4777-bd01-909e605d070f
2026-01-24 15:10:26 - hirelens - WARNING - course_recommender.py:90 - No courses found for skill: AI
2026-01-24 15:10:26 - hirelens - INFO - course_recommender.py:147 - Found 2 courses for Angular
2026-01-24 15:10:26 - hirelens - WARNING - course_recommender.py:90 - No courses found for skill: CSS
2026-01-24 15:10:26 - hirelens - WARNING - course_recommender.py:90 - No courses found for skill: Documentation
2026-01-24 15:10:26 - hirelens - WARNING - course_recommender.py:90 - No courses found for skill: Firebase
2026-01-24 15:10:26 - hirelens - INFO - course_recommender.py:147 - Found 2 courses for Git
2026-01-24 15:10:26 - hirelens - WARNING - course_recommender.py:90 - No courses found for skill: Github
2026-01-24 15:10:26 - hirelens - WARNING - course_recommender.py:90 - No courses found for skill: HTML
2026-01-24 15:10:26 - hirelens - INFO - course_recommender.py:147 - Found 3 courses for Java
2026-01-24 15:10:26 - hirelens - INFO - course_recommender.py:147 - Found 3 courses for Javascript
2026-01-24 15:10:26 - hirelens - WARNING - course_recommender.py:90 - No courses found for skill: Js
2026-01-24 15:10:26 - hirelens - WARNING - course_recommender.py:90 - No courses found for skill: Json
2026-01-24 15:10:26 - hirelens - WARNING - course_recommender.py:90 - No courses found for skill: ML
2026-01-24 15:10:26 - hirelens - INFO - course_recommender.py:147 - Found 2 courses for Mongodb
2026-01-24 15:10:26 - hirelens - WARNING - course_recommender.py:90 - No courses found for skill: Mysql
2026-01-24 15:10:26 - hirelens - WARNING - course_recommender.py:90 - No courses found for skill: Node
2026-01-24 15:10:26 - hirelens - INFO - course_recommender.py:147 - Found 2 courses for Node.Js
2026-01-24 15:10:26 - hirelens - INFO - course_recommender.py:147 - Found 3 courses for Python
2026-01-24 15:10:26 - hirelens - INFO - course_recommender.py:147 - Found 3 courses for React
2026-01-24 15:10:26 - hirelens - WARNING - course_recommender.py:90 - No courses found for skill: Vue
2026-01-24 15:10:26 - hirelens - INFO - course_recommender.py:149 - Generated recommendations for 8 skills
2026-01-24 15:10:26 - hirelens - INFO - course_recommender.py:172 - Recommendations saved to C:\Users\sharo\HireLens\data\recommendations.json
2026-01-24 15:10:26 - hirelens - INFO - feedback_generator.py:286 - Generating feedback for evaluation d6bdc8d0-4a69-4396-99fd-df9bd9c2479f
2026-01-24 15:10:26 - hirelens - INFO - feedback_generator.py:305 - Feedback generated successfully
2026-01-24 15:10:26 - hirelens - INFO - feedback_generator.py:325 - Feedback saved to C:\Users\sharo\HireLens\data\feedback.json
2026-01-24 15:10:26 - hirelens - INFO - routes.py:201 - Evaluating resume: Mock_Resume_4_AI_Intern.pdf
2026-01-24 15:10:26 - hirelens - INFO - routes.py:205 - Parsing resume from C:\Users\sharo\HireLens\uploads\Mock_Resume_4_AI_Intern.pdf
2026-01-24 15:10:26 - hirelens - INFO - resume_parser.py:363 - Parsing resume: C:\Users\sharo\HireLens\uploads\Mock_Resume_4_AI_Intern.pdf
2026-01-24 15:10:26 - hirelens - ERROR - resume_parser.py:399 - Error extracting resume components: 2 validation errors for Education
degree
  Field required [type=missing, input_value={'year': '2026'}, input_type=dict]
    For further information visit https://errors.pydantic.dev/2.12/v/missing
institution
  Field required [type=missing, input_value={'year': '2026'}, input_type=dict]
    For further information visit https://errors.pydantic.dev/2.12/v/missing
2026-01-24 15:10:26 - hirelens - INFO - resume_parser.py:416 - Resume parsed successfully. Found 0 skills
2026-01-24 15:10:26 - hirelens - INFO - resume_parser.py:436 - Resume saved to C:\Users\sharo\HireLens\data\parsed_resumes.json
2026-01-24 15:10:26 - hirelens - INFO - evaluation_engine.py:257 - Evaluating resume 8c3b7f80-c538-4d72-a4c2-59239843f8f8 against job 412ac2c5-998c-4519-90b2-2602a9fb8716
2026-01-24 15:10:26 - hirelens - INFO - evaluation_engine.py:267 - Calculating TF-IDF similarity...
2026-01-24 15:10:26 - hirelens - INFO - evaluation_engine.py:269 - TF-IDF score: 0.061
2026-01-24 15:10:26 - hirelens - INFO - evaluation_engine.py:271 - Calculating fuzzy skill match...
2026-01-24 15:10:26 - hirelens - INFO - evaluation_engine.py:273 - Fuzzy match score: 0.000
2026-01-24 15:10:26 - hirelens - INFO - evaluation_engine.py:275 - Calculating embedding similarity...
2026-01-24 15:10:26 - hirelens - INFO - evaluation_engine.py:277 - Embedding score: 0.423
2026-01-24 15:10:26 - hirelens - INFO - evaluation_engine.py:281 - Hybrid score: 18.76
2026-01-24 15:10:26 - hirelens - INFO - evaluation_engine.py:285 - Classification: Not Fit
2026-01-24 15:10:26 - hirelens - INFO - evaluation_engine.py:304 - Evaluation complete. Matched: 0, Missing: 20
2026-01-24 15:10:26 - hirelens - INFO - evaluation_engine.py:324 - Evaluation saved to C:\Users\sharo\HireLens\data\evaluations.json
2026-01-24 15:10:26 - hirelens - INFO - skill_gap_analyzer.py:172 - Analyzing skill gaps for resume 8c3b7f80-c538-4d72-a4c2-59239843f8f8
2026-01-24 15:10:26 - hirelens - INFO - skill_gap_analyzer.py:205 - Skill gap analysis complete. Critical gaps: 20, Moderate gaps: 0, Weak areas: 0
2026-01-24 15:10:26 - hirelens - INFO - skill_gap_analyzer.py:228 - Skill gaps saved to C:\Users\sharo\HireLens\data\skill_gaps.json
2026-01-24 15:10:26 - hirelens - INFO - course_recommender.py:110 - Generating course recommendations for gap 5c851150-326b-4458-96d9-e77b7e833f73
2026-01-24 15:10:26 - hirelens - WARNING - course_recommender.py:90 - No courses found for skill: AI
2026-01-24 15:10:26 - hirelens - INFO - course_recommender.py:147 - Found 2 courses for Angular
2026-01-24 15:10:26 - hirelens - WARNING - course_recommender.py:90 - No courses found for skill: CSS
2026-01-24 15:10:26 - hirelens - WARNING - course_recommender.py:90 - No courses found for skill: Documentation
2026-01-24 15:10:26 - hirelens - WARNING - course_recommender.py:90 - No courses found for skill: Firebase
2026-01-24 15:10:26 - hirelens - INFO - course_recommender.py:147 - Found 2 courses for Git
2026-01-24 15:10:26 - hirelens - WARNING - course_recommender.py:90 - No courses found for skill: Github
2026-01-24 15:10:26 - hirelens - WARNING - course_recommender.py:90 - No courses found for skill: HTML
2026-01-24 15:10:26 - hirelens - INFO - course_recommender.py:147 - Found 3 courses for Java
2026-01-24 15:10:26 - hirelens - INFO - course_recommender.py:147 - Found 3 courses for Javascript
2026-01-24 15:10:26 - hirelens - WARNING - course_recommender.py:90 - No courses found for skill: Js
2026-01-24 15:10:26 - hirelens - WARNING - course_recommender.py:90 - No courses found for skill: Json
2026-01-24 15:10:26 - hirelens - WARNING - course_recommender.py:90 - No courses found for skill: ML
2026-01-24 15:10:26 - hirelens - INFO - course_recommender.py:147 - Found 2 courses for Mongodb
2026-01-24 15:10:26 - hirelens - WARNING - course_recommender.py:90 - No courses found for skill: Mysql
2026-01-24 15:10:26 - hirelens - WARNING - course_recommender.py:90 - No courses found for skill: Node
2026-01-24 15:10:26 - hirelens - INFO - course_recommender.py:147 - Found 2 courses for Node.Js
2026-01-24 15:10:26 - hirelens - INFO - course_recommender.py:147 - Found 3 courses for Python
2026-01-24 15:10:26 - hirelens - INFO - course_recommender.py:147 - Found 3 courses for React
2026-01-24 15:10:26 - hirelens - WARNING - course_recommender.py:90 - No courses found for skill: Vue
2026-01-24 15:10:26 - hirelens - INFO - course_recommender.py:149 - Generated recommendations for 8 skills
2026-01-24 15:10:26 - hirelens - INFO - course_recommender.py:172 - Recommendations saved to C:\Users\sharo\HireLens\data\recommendations.json
2026-01-24 15:10:26 - hirelens - INFO - feedback_generator.py:286 - Generating feedback for evaluation e9adbdd1-4419-4ff4-a4ac-2e00922d4be1
2026-01-24 15:10:26 - hirelens - INFO - feedback_generator.py:305 - Feedback generated successfully
2026-01-24 15:10:26 - hirelens - INFO - feedback_generator.py:325 - Feedback saved to C:\Users\sharo\HireLens\data\feedback.json
2026-01-24 15:10:26 - hirelens - INFO - routes.py:201 - Evaluating resume: Mock_Resume_3_Backend_Developer.pdf
2026-01-24 15:10:26 - hirelens - INFO - routes.py:205 - Parsing resume from C:\Users\sharo\HireLens\uploads\Mock_Resume_3_Backend_Developer.pdf
2026-01-24 15:10:26 - hirelens - INFO - resume_parser.py:363 - Parsing resume: C:\Users\sharo\HireLens\uploads\Mock_Resume_3_Backend_Developer.pdf
2026-01-24 15:10:27 - hirelens - ERROR - resume_parser.py:399 - Error extracting resume components: 1 validation error for Education
institution
  Field required [type=missing, input_value={'degree': 'B.Tech IT, 2026', 'year': '2026'}, input_type=dict]
    For further information visit https://errors.pydantic.dev/2.12/v/missing
2026-01-24 15:10:27 - hirelens - INFO - resume_parser.py:416 - Resume parsed successfully. Found 0 skills
2026-01-24 15:10:27 - hirelens - INFO - resume_parser.py:436 - Resume saved to C:\Users\sharo\HireLens\data\parsed_resumes.json
2026-01-24 15:10:27 - hirelens - INFO - evaluation_engine.py:257 - Evaluating resume 92772311-9cfb-424f-acb4-4654ae44911b against job 412ac2c5-998c-4519-90b2-2602a9fb8716
2026-01-24 15:10:27 - hirelens - INFO - evaluation_engine.py:267 - Calculating TF-IDF similarity...
2026-01-24 15:10:27 - hirelens - INFO - evaluation_engine.py:269 - TF-IDF score: 0.054
2026-01-24 15:10:27 - hirelens - INFO - evaluation_engine.py:271 - Calculating fuzzy skill match...
2026-01-24 15:10:27 - hirelens - INFO - evaluation_engine.py:273 - Fuzzy match score: 0.000
2026-01-24 15:10:27 - hirelens - INFO - evaluation_engine.py:275 - Calculating embedding similarity...
2026-01-24 15:10:27 - hirelens - INFO - evaluation_engine.py:277 - Embedding score: 0.615
2026-01-24 15:10:27 - hirelens - INFO - evaluation_engine.py:281 - Hybrid score: 26.21
2026-01-24 15:10:27 - hirelens - INFO - evaluation_engine.py:285 - Classification: Not Fit
2026-01-24 15:10:27 - hirelens - INFO - evaluation_engine.py:304 - Evaluation complete. Matched: 0, Missing: 20
2026-01-24 15:10:27 - hirelens - INFO - evaluation_engine.py:324 - Evaluation saved to C:\Users\sharo\HireLens\data\evaluations.json
2026-01-24 15:10:27 - hirelens - INFO - skill_gap_analyzer.py:172 - Analyzing skill gaps for resume 92772311-9cfb-424f-acb4-4654ae44911b
2026-01-24 15:10:27 - hirelens - INFO - skill_gap_analyzer.py:205 - Skill gap analysis complete. Critical gaps: 20, Moderate gaps: 0, Weak areas: 0
2026-01-24 15:10:27 - hirelens - INFO - skill_gap_analyzer.py:228 - Skill gaps saved to C:\Users\sharo\HireLens\data\skill_gaps.json
2026-01-24 15:10:27 - hirelens - INFO - course_recommender.py:110 - Generating course recommendations for gap 4f5bd9a0-0ab7-4c96-a23f-4694247eecc5
2026-01-24 15:10:27 - hirelens - WARNING - course_recommender.py:90 - No courses found for skill: AI
2026-01-24 15:10:27 - hirelens - INFO - course_recommender.py:147 - Found 2 courses for Angular
2026-01-24 15:10:27 - hirelens - WARNING - course_recommender.py:90 - No courses found for skill: CSS
2026-01-24 15:10:27 - hirelens - WARNING - course_recommender.py:90 - No courses found for skill: Documentation
2026-01-24 15:10:27 - hirelens - WARNING - course_recommender.py:90 - No courses found for skill: Firebase
2026-01-24 15:10:27 - hirelens - INFO - course_recommender.py:147 - Found 2 courses for Git
2026-01-24 15:10:27 - hirelens - WARNING - course_recommender.py:90 - No courses found for skill: Github
2026-01-24 15:10:27 - hirelens - WARNING - course_recommender.py:90 - No courses found for skill: HTML
2026-01-24 15:10:27 - hirelens - INFO - course_recommender.py:147 - Found 3 courses for Java
2026-01-24 15:10:27 - hirelens - INFO - course_recommender.py:147 - Found 3 courses for Javascript
2026-01-24 15:10:27 - hirelens - WARNING - course_recommender.py:90 - No courses found for skill: Js
2026-01-24 15:10:27 - hirelens - WARNING - course_recommender.py:90 - No courses found for skill: Json
2026-01-24 15:10:27 - hirelens - WARNING - course_recommender.py:90 - No courses found for skill: ML
2026-01-24 15:10:27 - hirelens - INFO - course_recommender.py:147 - Found 2 courses for Mongodb
2026-01-24 15:10:27 - hirelens - WARNING - course_recommender.py:90 - No courses found for skill: Mysql
2026-01-24 15:10:27 - hirelens - WARNING - course_recommender.py:90 - No courses found for skill: Node
2026-01-24 15:10:27 - hirelens - INFO - course_recommender.py:147 - Found 2 courses for Node.Js
2026-01-24 15:10:27 - hirelens - INFO - course_recommender.py:147 - Found 3 courses for Python
2026-01-24 15:10:27 - hirelens - INFO - course_recommender.py:147 - Found 3 courses for React
2026-01-24 15:10:27 - hirelens - WARNING - course_recommender.py:90 - No courses found for skill: Vue
2026-01-24 15:10:27 - hirelens - INFO - course_recommender.py:149 - Generated recommendations for 8 skills
2026-01-24 15:10:27 - hirelens - INFO - course_recommender.py:172 - Recommendations saved to C:\Users\sharo\HireLens\data\recommendations.json
2026-01-24 15:10:27 - hirelens - INFO - feedback_generator.py:286 - Generating feedback for evaluation 2e13d1ff-eaff-4fb3-9a98-5684ae429088
2026-01-24 15:10:27 - hirelens - INFO - feedback_generator.py:305 - Feedback generated successfully
2026-01-24 15:10:27 - hirelens - INFO - feedback_generator.py:325 - Feedback saved to C:\Users\sharo\HireLens\data\feedback.json
2026-01-24 15:10:27 - hirelens - INFO - routes.py:201 - Evaluating resume: Mock_Resume_2_Frontend_Developer.pdf
2026-01-24 15:10:27 - hirelens - INFO - routes.py:205 - Parsing resume from C:\Users\sharo\HireLens\uploads\Mock_Resume_2_Frontend_Developer.pdf
2026-01-24 15:10:27 - hirelens - INFO - resume_parser.py:363 - Parsing resume: C:\Users\sharo\HireLens\uploads\Mock_Resume_2_Frontend_Developer.pdf
2026-01-24 15:10:27 - hirelens - ERROR - resume_parser.py:399 - Error extracting resume components: 2 validation errors for Education
degree
  Field required [type=missing, input_value={'year': '2025'}, input_type=dict]
    For further information visit https://errors.pydantic.dev/2.12/v/missing
institution
  Field required [type=missing, input_value={'year': '2025'}, input_type=dict]
    For further information visit https://errors.pydantic.dev/2.12/v/missing
2026-01-24 15:10:27 - hirelens - INFO - resume_parser.py:416 - Resume parsed successfully. Found 0 skills
2026-01-24 15:10:27 - hirelens - INFO - resume_parser.py:436 - Resume saved to C:\Users\sharo\HireLens\data\parsed_resumes.json
2026-01-24 15:10:27 - hirelens - INFO - evaluation_engine.py:257 - Evaluating resume 7688d644-3700-4e56-9376-aef7f67bdf32 against job 412ac2c5-998c-4519-90b2-2602a9fb8716
2026-01-24 15:10:27 - hirelens - INFO - evaluation_engine.py:267 - Calculating TF-IDF similarity...
2026-01-24 15:10:27 - hirelens - INFO - evaluation_engine.py:269 - TF-IDF score: 0.114
2026-01-24 15:10:27 - hirelens - INFO - evaluation_engine.py:271 - Calculating fuzzy skill match...
2026-01-24 15:10:27 - hirelens - INFO - evaluation_engine.py:273 - Fuzzy match score: 0.000
2026-01-24 15:10:27 - hirelens - INFO - evaluation_engine.py:275 - Calculating embedding similarity...
2026-01-24 15:10:27 - hirelens - INFO - evaluation_engine.py:277 - Embedding score: 0.581
2026-01-24 15:10:27 - hirelens - INFO - evaluation_engine.py:281 - Hybrid score: 26.68
2026-01-24 15:10:27 - hirelens - INFO - evaluation_engine.py:285 - Classification: Not Fit
2026-01-24 15:10:27 - hirelens - INFO - evaluation_engine.py:304 - Evaluation complete. Matched: 0, Missing: 20
2026-01-24 15:10:27 - hirelens - INFO - evaluation_engine.py:324 - Evaluation saved to C:\Users\sharo\HireLens\data\evaluations.json
2026-01-24 15:10:27 - hirelens - INFO - skill_gap_analyzer.py:172 - Analyzing skill gaps for resume 7688d644-3700-4e56-9376-aef7f67bdf32
2026-01-24 15:10:27 - hirelens - INFO - skill_gap_analyzer.py:205 - Skill gap analysis complete. Critical gaps: 20, Moderate gaps: 0, Weak areas: 0
2026-01-24 15:10:27 - hirelens - INFO - skill_gap_analyzer.py:228 - Skill gaps saved to C:\Users\sharo\HireLens\data\skill_gaps.json
2026-01-24 15:10:27 - hirelens - INFO - course_recommender.py:110 - Generating course recommendations for gap 4e2f2039-d6ff-4b19-b0a0-6464c85a5661
2026-01-24 15:10:27 - hirelens - WARNING - course_recommender.py:90 - No courses found for skill: AI
2026-01-24 15:10:27 - hirelens - INFO - course_recommender.py:147 - Found 2 courses for Angular
2026-01-24 15:10:27 - hirelens - WARNING - course_recommender.py:90 - No courses found for skill: CSS
2026-01-24 15:10:27 - hirelens - WARNING - course_recommender.py:90 - No courses found for skill: Documentation
2026-01-24 15:10:27 - hirelens - WARNING - course_recommender.py:90 - No courses found for skill: Firebase
2026-01-24 15:10:27 - hirelens - INFO - course_recommender.py:147 - Found 2 courses for Git
2026-01-24 15:10:27 - hirelens - WARNING - course_recommender.py:90 - No courses found for skill: Github
2026-01-24 15:10:27 - hirelens - WARNING - course_recommender.py:90 - No courses found for skill: HTML
2026-01-24 15:10:27 - hirelens - INFO - course_recommender.py:147 - Found 3 courses for Java
2026-01-24 15:10:27 - hirelens - INFO - course_recommender.py:147 - Found 3 courses for Javascript
2026-01-24 15:10:27 - hirelens - WARNING - course_recommender.py:90 - No courses found for skill: Js
2026-01-24 15:10:27 - hirelens - WARNING - course_recommender.py:90 - No courses found for skill: Json
2026-01-24 15:10:27 - hirelens - WARNING - course_recommender.py:90 - No courses found for skill: ML
2026-01-24 15:10:27 - hirelens - INFO - course_recommender.py:147 - Found 2 courses for Mongodb
2026-01-24 15:10:27 - hirelens - WARNING - course_recommender.py:90 - No courses found for skill: Mysql
2026-01-24 15:10:27 - hirelens - WARNING - course_recommender.py:90 - No courses found for skill: Node
2026-01-24 15:10:27 - hirelens - INFO - course_recommender.py:147 - Found 2 courses for Node.Js
2026-01-24 15:10:27 - hirelens - INFO - course_recommender.py:147 - Found 3 courses for Python
2026-01-24 15:10:27 - hirelens - INFO - course_recommender.py:147 - Found 3 courses for React
2026-01-24 15:10:27 - hirelens - WARNING - course_recommender.py:90 - No courses found for skill: Vue
2026-01-24 15:10:27 - hirelens - INFO - course_recommender.py:149 - Generated recommendations for 8 skills
2026-01-24 15:10:27 - hirelens - INFO - course_recommender.py:172 - Recommendations saved to C:\Users\sharo\HireLens\data\recommendations.json
2026-01-24 15:10:27 - hirelens - INFO - feedback_generator.py:286 - Generating feedback for evaluation 65fc882a-57fa-465b-b1ef-b5c397cc8fd7
2026-01-24 15:10:27 - hirelens - INFO - feedback_generator.py:305 - Feedback generated successfully
2026-01-24 15:10:27 - hirelens - INFO - feedback_generator.py:325 - Feedback saved to C:\Users\sharo\HireLens\data\feedback.json
2026-01-24 15:10:27 - hirelens - INFO - routes.py:201 - Evaluating resume: Mock_Resume_1_Full_Stack_Developer.pdf
2026-01-24 15:10:27 - hirelens - INFO - routes.py:205 - Parsing resume from C:\Users\sharo\HireLens\uploads\Mock_Resume_1_Full_Stack_Developer.pdf
2026-01-24 15:10:27 - hirelens - INFO - resume_parser.py:363 - Parsing resume: C:\Users\sharo\HireLens\uploads\Mock_Resume_1_Full_Stack_Developer.pdf
2026-01-24 15:10:27 - hirelens - ERROR - resume_parser.py:399 - Error extracting resume components: 2 validation errors for Education
degree
  Field required [type=missing, input_value={'year': '2026'}, input_type=dict]
    For further information visit https://errors.pydantic.dev/2.12/v/missing
institution
  Field required [type=missing, input_value={'year': '2026'}, input_type=dict]
    For further information visit https://errors.pydantic.dev/2.12/v/missing
2026-01-24 15:10:27 - hirelens - INFO - resume_parser.py:416 - Resume parsed successfully. Found 0 skills
2026-01-24 15:10:27 - hirelens - INFO - resume_parser.py:436 - Resume saved to C:\Users\sharo\HireLens\data\parsed_resumes.json
2026-01-24 15:10:27 - hirelens - INFO - evaluation_engine.py:257 - Evaluating resume dcbd8f70-c6b6-4e55-a164-1ff510abe0ff against job 412ac2c5-998c-4519-90b2-2602a9fb8716
2026-01-24 15:10:27 - hirelens - INFO - evaluation_engine.py:267 - Calculating TF-IDF similarity...
2026-01-24 15:10:27 - hirelens - INFO - evaluation_engine.py:269 - TF-IDF score: 0.140
2026-01-24 15:10:27 - hirelens - INFO - evaluation_engine.py:271 - Calculating fuzzy skill match...
2026-01-24 15:10:27 - hirelens - INFO - evaluation_engine.py:273 - Fuzzy match score: 0.000
2026-01-24 15:10:27 - hirelens - INFO - evaluation_engine.py:275 - Calculating embedding similarity...
2026-01-24 15:10:28 - hirelens - INFO - evaluation_engine.py:277 - Embedding score: 0.634
2026-01-24 15:10:28 - hirelens - INFO - evaluation_engine.py:281 - Hybrid score: 29.56
2026-01-24 15:10:28 - hirelens - INFO - evaluation_engine.py:285 - Classification: Not Fit
2026-01-24 15:10:28 - hirelens - INFO - evaluation_engine.py:304 - Evaluation complete. Matched: 0, Missing: 20
2026-01-24 15:10:28 - hirelens - INFO - evaluation_engine.py:324 - Evaluation saved to C:\Users\sharo\HireLens\data\evaluations.json
2026-01-24 15:10:28 - hirelens - INFO - skill_gap_analyzer.py:172 - Analyzing skill gaps for resume dcbd8f70-c6b6-4e55-a164-1ff510abe0ff
2026-01-24 15:10:28 - hirelens - INFO - skill_gap_analyzer.py:205 - Skill gap analysis complete. Critical gaps: 20, Moderate gaps: 0, Weak areas: 0
2026-01-24 15:10:28 - hirelens - INFO - skill_gap_analyzer.py:228 - Skill gaps saved to C:\Users\sharo\HireLens\data\skill_gaps.json
2026-01-24 15:10:28 - hirelens - INFO - course_recommender.py:110 - Generating course recommendations for gap f2a86430-a1e8-44f8-9950-44927a9fb362
2026-01-24 15:10:28 - hirelens - WARNING - course_recommender.py:90 - No courses found for skill: AI
2026-01-24 15:10:28 - hirelens - INFO - course_recommender.py:147 - Found 2 courses for Angular
2026-01-24 15:10:28 - hirelens - WARNING - course_recommender.py:90 - No courses found for skill: CSS
2026-01-24 15:10:28 - hirelens - WARNING - course_recommender.py:90 - No courses found for skill: Documentation
2026-01-24 15:10:28 - hirelens - WARNING - course_recommender.py:90 - No courses found for skill: Firebase
2026-01-24 15:10:28 - hirelens - INFO - course_recommender.py:147 - Found 2 courses for Git
2026-01-24 15:10:28 - hirelens - WARNING - course_recommender.py:90 - No courses found for skill: Github
2026-01-24 15:10:28 - hirelens - WARNING - course_recommender.py:90 - No courses found for skill: HTML
2026-01-24 15:10:28 - hirelens - INFO - course_recommender.py:147 - Found 3 courses for Java
2026-01-24 15:10:28 - hirelens - INFO - course_recommender.py:147 - Found 3 courses for Javascript
2026-01-24 15:10:28 - hirelens - WARNING - course_recommender.py:90 - No courses found for skill: Js
2026-01-24 15:10:28 - hirelens - WARNING - course_recommender.py:90 - No courses found for skill: Json
2026-01-24 15:10:28 - hirelens - WARNING - course_recommender.py:90 - No courses found for skill: ML
2026-01-24 15:10:28 - hirelens - INFO - course_recommender.py:147 - Found 2 courses for Mongodb
2026-01-24 15:10:28 - hirelens - WARNING - course_recommender.py:90 - No courses found for skill: Mysql
2026-01-24 15:10:28 - hirelens - WARNING - course_recommender.py:90 - No courses found for skill: Node
2026-01-24 15:10:28 - hirelens - INFO - course_recommender.py:147 - Found 2 courses for Node.Js
2026-01-24 15:10:28 - hirelens - INFO - course_recommender.py:147 - Found 3 courses for Python
2026-01-24 15:10:28 - hirelens - INFO - course_recommender.py:147 - Found 3 courses for React
2026-01-24 15:10:28 - hirelens - WARNING - course_recommender.py:90 - No courses found for skill: Vue
2026-01-24 15:10:28 - hirelens - INFO - course_recommender.py:149 - Generated recommendations for 8 skills
2026-01-24 15:10:28 - hirelens - INFO - course_recommender.py:172 - Recommendations saved to C:\Users\sharo\HireLens\data\recommendations.json
2026-01-24 15:10:28 - hirelens - INFO - feedback_generator.py:286 - Generating feedback for evaluation fb335127-58ce-4965-ab15-8deefb737caa
2026-01-24 15:10:28 - hirelens - INFO - feedback_generator.py:305 - Feedback generated successfully
2026-01-24 15:10:28 - hirelens - INFO - feedback_generator.py:325 - Feedback saved to C:\Users\sharo\HireLens\data\feedback.json
2026-01-24 15:10:28 - hirelens - INFO - routes.py:251 - Batch evaluation complete. Evaluated 10 resumes, avg score: 22.22
2026-01-24 20:48:07 - hirelens - INFO - course_recommender.py:34 - Loaded courses for 31 skills
2026-01-24 20:52:23 - hirelens - INFO - routes.py:39 - Uploading resume: Mock_Resume_10_Python_Developer.pdf
2026-01-24 20:52:23 - hirelens - INFO - routes.py:55 - File saved to C:\Users\sharo\HireLens\uploads\Mock_Resume_10_Python_Developer.pdf
2026-01-24 20:52:23 - hirelens - INFO - resume_parser.py:363 - Parsing resume: C:\Users\sharo\HireLens\uploads\Mock_Resume_10_Python_Developer.pdf
2026-01-24 20:52:24 - hirelens - ERROR - resume_parser.py:399 - Error extracting resume components: 2 validation errors for Education
degree
  Field required [type=missing, input_value={'year': '2026'}, input_type=dict]
    For further information visit https://errors.pydantic.dev/2.12/v/missing
institution
  Field required [type=missing, input_value={'year': '2026'}, input_type=dict]
    For further information visit https://errors.pydantic.dev/2.12/v/missing
2026-01-24 20:52:24 - hirelens - INFO - resume_parser.py:416 - Resume parsed successfully. Found 0 skills
2026-01-24 20:52:24 - hirelens - INFO - resume_parser.py:436 - Resume saved to C:\Users\sharo\HireLens\data\parsed_resumes.json
2026-01-24 20:52:24 - hirelens - INFO - routes.py:39 - Uploading resume: Mock_Resume_9_UI_UX_Designer.pdf
2026-01-24 20:52:24 - hirelens - INFO - routes.py:55 - File saved to C:\Users\sharo\HireLens\uploads\Mock_Resume_9_UI_UX_Designer.pdf
2026-01-24 20:52:24 - hirelens - INFO - resume_parser.py:363 - Parsing resume: C:\Users\sharo\HireLens\uploads\Mock_Resume_9_UI_UX_Designer.pdf
2026-01-24 20:52:24 - hirelens - ERROR - resume_parser.py:399 - Error extracting resume components: 2 validation errors for Education
degree
  Field required [type=missing, input_value={'year': '2025'}, input_type=dict]
    For further information visit https://errors.pydantic.dev/2.12/v/missing
institution
  Field required [type=missing, input_value={'year': '2025'}, input_type=dict]
    For further information visit https://errors.pydantic.dev/2.12/v/missing
2026-01-24 20:52:24 - hirelens - INFO - resume_parser.py:416 - Resume parsed successfully. Found 0 skills
2026-01-24 20:52:24 - hirelens - INFO - resume_parser.py:436 - Resume saved to C:\Users\sharo\HireLens\data\parsed_resumes.json
2026-01-24 20:52:24 - hirelens - INFO - routes.py:39 - Uploading resume: Mock_Resume_8_Digital_Marketer.pdf
2026-01-24 20:52:24 - hirelens - INFO - routes.py:55 - File saved to C:\Users\sharo\HireLens\uploads\Mock_Resume_8_Digital_Marketer.pdf
2026-01-24 20:52:24 - hirelens - INFO - resume_parser.py:363 - Parsing resume: C:\Users\sharo\HireLens\uploads\Mock_Resume_8_Digital_Marketer.pdf
2026-01-24 20:52:24 - hirelens - ERROR - resume_parser.py:399 - Error extracting resume components: 2 validation errors for Education
degree
  Field required [type=missing, input_value={'year': '2024'}, input_type=dict]
    For further information visit https://errors.pydantic.dev/2.12/v/missing
institution
  Field required [type=missing, input_value={'year': '2024'}, input_type=dict]
    For further information visit https://errors.pydantic.dev/2.12/v/missing
2026-01-24 20:52:24 - hirelens - INFO - resume_parser.py:416 - Resume parsed successfully. Found 0 skills
2026-01-24 20:52:25 - hirelens - INFO - resume_parser.py:436 - Resume saved to C:\Users\sharo\HireLens\data\parsed_resumes.json
2026-01-24 20:52:25 - hirelens - INFO - routes.py:39 - Uploading resume: Mock_Resume_7_React_Developer.pdf
2026-01-24 20:52:25 - hirelens - INFO - routes.py:55 - File saved to C:\Users\sharo\HireLens\uploads\Mock_Resume_7_React_Developer.pdf
2026-01-24 20:52:25 - hirelens - INFO - resume_parser.py:363 - Parsing resume: C:\Users\sharo\HireLens\uploads\Mock_Resume_7_React_Developer.pdf
2026-01-24 20:52:25 - hirelens - ERROR - resume_parser.py:399 - Error extracting resume components: 1 validation error for Education
institution
  Field required [type=missing, input_value={'degree': 'B.Tech CSE, 2025', 'year': '2025'}, input_type=dict]
    For further information visit https://errors.pydantic.dev/2.12/v/missing
2026-01-24 20:52:25 - hirelens - INFO - resume_parser.py:416 - Resume parsed successfully. Found 0 skills
2026-01-24 20:52:25 - hirelens - INFO - resume_parser.py:436 - Resume saved to C:\Users\sharo\HireLens\data\parsed_resumes.json
2026-01-24 20:52:25 - hirelens - INFO - routes.py:39 - Uploading resume: Mock_Resume_6_Java_Developer.pdf
2026-01-24 20:52:25 - hirelens - INFO - routes.py:55 - File saved to C:\Users\sharo\HireLens\uploads\Mock_Resume_6_Java_Developer.pdf
2026-01-24 20:52:25 - hirelens - INFO - resume_parser.py:363 - Parsing resume: C:\Users\sharo\HireLens\uploads\Mock_Resume_6_Java_Developer.pdf
2026-01-24 20:52:25 - hirelens - ERROR - resume_parser.py:399 - Error extracting resume components: 2 validation errors for Education
degree
  Field required [type=missing, input_value={'year': '2026'}, input_type=dict]
    For further information visit https://errors.pydantic.dev/2.12/v/missing
institution
  Field required [type=missing, input_value={'year': '2026'}, input_type=dict]
    For further information visit https://errors.pydantic.dev/2.12/v/missing
2026-01-24 20:52:25 - hirelens - INFO - resume_parser.py:416 - Resume parsed successfully. Found 0 skills
2026-01-24 20:52:25 - hirelens - INFO - resume_parser.py:436 - Resume saved to C:\Users\sharo\HireLens\data\parsed_resumes.json
2026-01-24 20:52:25 - hirelens - INFO - routes.py:39 - Uploading resume: Mock_Resume_5_Data_Analyst.pdf
2026-01-24 20:52:25 - hirelens - INFO - routes.py:55 - File saved to C:\Users\sharo\HireLens\uploads\Mock_Resume_5_Data_Analyst.pdf
2026-01-24 20:52:25 - hirelens - INFO - resume_parser.py:363 - Parsing resume: C:\Users\sharo\HireLens\uploads\Mock_Resume_5_Data_Analyst.pdf
2026-01-24 20:52:25 - hirelens - ERROR - resume_parser.py:399 - Error extracting resume components: 2 validation errors for Education
degree
  Field required [type=missing, input_value={'year': '2025'}, input_type=dict]
    For further information visit https://errors.pydantic.dev/2.12/v/missing
institution
  Field required [type=missing, input_value={'year': '2025'}, input_type=dict]
    For further information visit https://errors.pydantic.dev/2.12/v/missing
2026-01-24 20:52:25 - hirelens - INFO - resume_parser.py:416 - Resume parsed successfully. Found 0 skills
2026-01-24 20:52:25 - hirelens - INFO - resume_parser.py:436 - Resume saved to C:\Users\sharo\HireLens\data\parsed_resumes.json
2026-01-24 20:52:25 - hirelens - INFO - routes.py:39 - Uploading resume: Mock_Resume_4_AI_Intern.pdf
2026-01-24 20:52:25 - hirelens - INFO - routes.py:55 - File saved to C:\Users\sharo\HireLens\uploads\Mock_Resume_4_AI_Intern.pdf
2026-01-24 20:52:25 - hirelens - INFO - resume_parser.py:363 - Parsing resume: C:\Users\sharo\HireLens\uploads\Mock_Resume_4_AI_Intern.pdf
2026-01-24 20:52:25 - hirelens - ERROR - resume_parser.py:399 - Error extracting resume components: 2 validation errors for Education
degree
  Field required [type=missing, input_value={'year': '2026'}, input_type=dict]
    For further information visit https://errors.pydantic.dev/2.12/v/missing
institution
  Field required [type=missing, input_value={'year': '2026'}, input_type=dict]
    For further information visit https://errors.pydantic.dev/2.12/v/missing
2026-01-24 20:52:25 - hirelens - INFO - resume_parser.py:416 - Resume parsed successfully. Found 0 skills
2026-01-24 20:52:25 - hirelens - INFO - resume_parser.py:436 - Resume saved to C:\Users\sharo\HireLens\data\parsed_resumes.json
2026-01-24 20:52:25 - hirelens - INFO - routes.py:39 - Uploading resume: Mock_Resume_3_Backend_Developer.pdf
2026-01-24 20:52:25 - hirelens - INFO - routes.py:55 - File saved to C:\Users\sharo\HireLens\uploads\Mock_Resume_3_Backend_Developer.pdf
2026-01-24 20:52:25 - hirelens - INFO - resume_parser.py:363 - Parsing resume: C:\Users\sharo\HireLens\uploads\Mock_Resume_3_Backend_Developer.pdf
2026-01-24 20:52:25 - hirelens - ERROR - resume_parser.py:399 - Error extracting resume components: 1 validation error for Education
institution
  Field required [type=missing, input_value={'degree': 'B.Tech IT, 2026', 'year': '2026'}, input_type=dict]
    For further information visit https://errors.pydantic.dev/2.12/v/missing
2026-01-24 20:52:25 - hirelens - INFO - resume_parser.py:416 - Resume parsed successfully. Found 0 skills
2026-01-24 20:52:25 - hirelens - INFO - resume_parser.py:436 - Resume saved to C:\Users\sharo\HireLens\data\parsed_resumes.json
2026-01-24 20:52:25 - hirelens - INFO - routes.py:39 - Uploading resume: Mock_Resume_2_Frontend_Developer.pdf
2026-01-24 20:52:25 - hirelens - INFO - routes.py:55 - File saved to C:\Users\sharo\HireLens\uploads\Mock_Resume_2_Frontend_Developer.pdf
2026-01-24 20:52:25 - hirelens - INFO - resume_parser.py:363 - Parsing resume: C:\Users\sharo\HireLens\uploads\Mock_Resume_2_Frontend_Developer.pdf
2026-01-24 20:52:25 - hirelens - ERROR - resume_parser.py:399 - Error extracting resume components: 2 validation errors for Education
degree
  Field required [type=missing, input_value={'year': '2025'}, input_type=dict]
    For further information visit https://errors.pydantic.dev/2.12/v/missing
institution
  Field required [type=missing, input_value={'year': '2025'}, input_type=dict]
    For further information visit https://errors.pydantic.dev/2.12/v/missing
2026-01-24 20:52:25 - hirelens - INFO - resume_parser.py:416 - Resume parsed successfully. Found 0 skills
2026-01-24 20:52:25 - hirelens - INFO - resume_parser.py:436 - Resume saved to C:\Users\sharo\HireLens\data\parsed_resumes.json
2026-01-24 20:52:25 - hirelens - INFO - routes.py:39 - Uploading resume: Mock_Resume_1_Full_Stack_Developer.pdf
2026-01-24 20:52:25 - hirelens - INFO - routes.py:55 - File saved to C:\Users\sharo\HireLens\uploads\Mock_Resume_1_Full_Stack_Developer.pdf
2026-01-24 20:52:25 - hirelens - INFO - resume_parser.py:363 - Parsing resume: C:\Users\sharo\HireLens\uploads\Mock_Resume_1_Full_Stack_Developer.pdf
2026-01-24 20:52:26 - hirelens - ERROR - resume_parser.py:399 - Error extracting resume components: 2 validation errors for Education
degree
  Field required [type=missing, input_value={'year': '2026'}, input_type=dict]
    For further information visit https://errors.pydantic.dev/2.12/v/missing
institution
  Field required [type=missing, input_value={'year': '2026'}, input_type=dict]
    For further information visit https://errors.pydantic.dev/2.12/v/missing
2026-01-24 20:52:26 - hirelens - INFO - resume_parser.py:416 - Resume parsed successfully. Found 0 skills
2026-01-24 20:52:26 - hirelens - INFO - resume_parser.py:436 - Resume saved to C:\Users\sharo\HireLens\data\parsed_resumes.json
2026-01-24 20:52:26 - hirelens - INFO - routes.py:185 - Starting batch evaluation of 10 resumes
2026-01-24 20:52:26 - hirelens - INFO - job_analyzer.py:255 - Analyzing job description...
2026-01-24 20:52:26 - hirelens - WARNING - job_analyzer.py:60 - No required skills found via patterns, scanning entire job description
2026-01-24 20:52:26 - hirelens - INFO - job_analyzer.py:65 - Extracted 17 required skills from job description
2026-01-24 20:52:26 - hirelens - INFO - job_analyzer.py:102 - Extracted 0 preferred skills from job description
2026-01-24 20:52:26 - hirelens - INFO - job_analyzer.py:279 - Job description analyzed. Found 17 required skills, 0 preferred skills
2026-01-24 20:52:26 - hirelens - INFO - job_analyzer.py:300 - Job description saved to C:\Users\sharo\HireLens\data\job_descriptions.json
2026-01-24 20:52:26 - hirelens - INFO - course_recommender.py:34 - Loaded courses for 31 skills
2026-01-24 20:52:26 - hirelens - INFO - routes.py:201 - Evaluating resume: Mock_Resume_10_Python_Developer.pdf
2026-01-24 20:52:26 - hirelens - INFO - routes.py:205 - Parsing resume from C:\Users\sharo\HireLens\uploads\Mock_Resume_10_Python_Developer.pdf
2026-01-24 20:52:26 - hirelens - INFO - resume_parser.py:363 - Parsing resume: C:\Users\sharo\HireLens\uploads\Mock_Resume_10_Python_Developer.pdf
2026-01-24 20:52:26 - hirelens - ERROR - resume_parser.py:399 - Error extracting resume components: 2 validation errors for Education
degree
  Field required [type=missing, input_value={'year': '2026'}, input_type=dict]
    For further information visit https://errors.pydantic.dev/2.12/v/missing
institution
  Field required [type=missing, input_value={'year': '2026'}, input_type=dict]
    For further information visit https://errors.pydantic.dev/2.12/v/missing
2026-01-24 20:52:26 - hirelens - INFO - resume_parser.py:416 - Resume parsed successfully. Found 0 skills
2026-01-24 20:52:26 - hirelens - INFO - resume_parser.py:436 - Resume saved to C:\Users\sharo\HireLens\data\parsed_resumes.json
2026-01-24 20:52:26 - hirelens - INFO - evaluation_engine.py:257 - Evaluating resume abb4c440-784f-4aa7-8af7-816a687b095a against job e1e7713a-9c36-46e2-a23a-a0c505834be1
2026-01-24 20:52:26 - hirelens - INFO - evaluation_engine.py:267 - Calculating TF-IDF similarity...
2026-01-24 20:52:26 - hirelens - INFO - evaluation_engine.py:269 - TF-IDF score: 0.045
2026-01-24 20:52:26 - hirelens - INFO - evaluation_engine.py:271 - Calculating fuzzy skill match...
2026-01-24 20:52:26 - hirelens - INFO - evaluation_engine.py:273 - Fuzzy match score: 0.000
2026-01-24 20:52:26 - hirelens - INFO - evaluation_engine.py:275 - Calculating embedding similarity...
2026-01-24 20:52:31 - hirelens - INFO - evaluation_engine.py:277 - Embedding score: 0.541
2026-01-24 20:52:31 - hirelens - INFO - evaluation_engine.py:281 - Hybrid score: 22.98
2026-01-24 20:52:31 - hirelens - INFO - evaluation_engine.py:285 - Classification: Not Fit
2026-01-24 20:52:31 - hirelens - INFO - evaluation_engine.py:304 - Evaluation complete. Matched: 0, Missing: 17
2026-01-24 20:52:31 - hirelens - INFO - evaluation_engine.py:324 - Evaluation saved to C:\Users\sharo\HireLens\data\evaluations.json
2026-01-24 20:52:31 - hirelens - INFO - skill_gap_analyzer.py:172 - Analyzing skill gaps for resume abb4c440-784f-4aa7-8af7-816a687b095a
2026-01-24 20:52:31 - hirelens - INFO - skill_gap_analyzer.py:205 - Skill gap analysis complete. Critical gaps: 17, Moderate gaps: 0, Weak areas: 0
2026-01-24 20:52:31 - hirelens - INFO - skill_gap_analyzer.py:228 - Skill gaps saved to C:\Users\sharo\HireLens\data\skill_gaps.json
2026-01-24 20:52:31 - hirelens - INFO - course_recommender.py:110 - Generating course recommendations for gap ca4c710f-6b7a-4725-8b20-7c0f10242dff
2026-01-24 20:52:31 - hirelens - WARNING - course_recommender.py:90 - No courses found for skill: AI
2026-01-24 20:52:31 - hirelens - INFO - course_recommender.py:147 - Found 2 courses for Angular
2026-01-24 20:52:31 - hirelens - WARNING - course_recommender.py:90 - No courses found for skill: CSS
2026-01-24 20:52:31 - hirelens - WARNING - course_recommender.py:90 - No courses found for skill: Documentation
2026-01-24 20:52:31 - hirelens - WARNING - course_recommender.py:90 - No courses found for skill: Firebase
2026-01-24 20:52:31 - hirelens - WARNING - course_recommender.py:90 - No courses found for skill: HTML
2026-01-24 20:52:31 - hirelens - INFO - course_recommender.py:147 - Found 3 courses for Java
2026-01-24 20:52:31 - hirelens - INFO - course_recommender.py:147 - Found 3 courses for Javascript
2026-01-24 20:52:31 - hirelens - WARNING - course_recommender.py:90 - No courses found for skill: Js
2026-01-24 20:52:31 - hirelens - WARNING - course_recommender.py:90 - No courses found for skill: Json
2026-01-24 20:52:31 - hirelens - INFO - course_recommender.py:147 - Found 2 courses for Mongodb
2026-01-24 20:52:31 - hirelens - WARNING - course_recommender.py:90 - No courses found for skill: Mysql
2026-01-24 20:52:31 - hirelens - WARNING - course_recommender.py:90 - No courses found for skill: Node
2026-01-24 20:52:31 - hirelens - INFO - course_recommender.py:147 - Found 2 courses for Node.Js
2026-01-24 20:52:31 - hirelens - INFO - course_recommender.py:147 - Found 3 courses for Python
2026-01-24 20:52:31 - hirelens - INFO - course_recommender.py:147 - Found 3 courses for React
2026-01-24 20:52:31 - hirelens - WARNING - course_recommender.py:90 - No courses found for skill: Vue
2026-01-24 20:52:31 - hirelens - INFO - course_recommender.py:149 - Generated recommendations for 7 skills
2026-01-24 20:52:31 - hirelens - INFO - course_recommender.py:172 - Recommendations saved to C:\Users\sharo\HireLens\data\recommendations.json
2026-01-24 20:52:31 - hirelens - INFO - feedback_generator.py:286 - Generating feedback for evaluation 959dd5d9-a47e-4036-a21f-0d100faeb8a8
2026-01-24 20:52:31 - hirelens - INFO - feedback_generator.py:305 - Feedback generated successfully
2026-01-24 20:52:31 - hirelens - INFO - feedback_generator.py:325 - Feedback saved to C:\Users\sharo\HireLens\data\feedback.json
2026-01-24 20:52:31 - hirelens - INFO - routes.py:201 - Evaluating resume: Mock_Resume_9_UI_UX_Designer.pdf
2026-01-24 20:52:31 - hirelens - INFO - routes.py:205 - Parsing resume from C:\Users\sharo\HireLens\uploads\Mock_Resume_9_UI_UX_Designer.pdf
2026-01-24 20:52:31 - hirelens - INFO - resume_parser.py:363 - Parsing resume: C:\Users\sharo\HireLens\uploads\Mock_Resume_9_UI_UX_Designer.pdf
2026-01-24 20:52:31 - hirelens - ERROR - resume_parser.py:399 - Error extracting resume components: 2 validation errors for Education
degree
  Field required [type=missing, input_value={'year': '2025'}, input_type=dict]
    For further information visit https://errors.pydantic.dev/2.12/v/missing
institution
  Field required [type=missing, input_value={'year': '2025'}, input_type=dict]
    For further information visit https://errors.pydantic.dev/2.12/v/missing
2026-01-24 20:52:31 - hirelens - INFO - resume_parser.py:416 - Resume parsed successfully. Found 0 skills
2026-01-24 20:52:31 - hirelens - INFO - resume_parser.py:436 - Resume saved to C:\Users\sharo\HireLens\data\parsed_resumes.json
2026-01-24 20:52:31 - hirelens - INFO - evaluation_engine.py:257 - Evaluating resume f0eca3d7-ca0a-4887-9fd3-6e6dcbd708b7 against job e1e7713a-9c36-46e2-a23a-a0c505834be1
2026-01-24 20:52:31 - hirelens - INFO - evaluation_engine.py:267 - Calculating TF-IDF similarity...
2026-01-24 20:52:31 - hirelens - INFO - evaluation_engine.py:269 - TF-IDF score: 0.028
2026-01-24 20:52:31 - hirelens - INFO - evaluation_engine.py:271 - Calculating fuzzy skill match...
2026-01-24 20:52:31 - hirelens - INFO - evaluation_engine.py:273 - Fuzzy match score: 0.000
2026-01-24 20:52:31 - hirelens - INFO - evaluation_engine.py:275 - Calculating embedding similarity...
2026-01-24 20:52:31 - hirelens - INFO - evaluation_engine.py:277 - Embedding score: 0.365
2026-01-24 20:52:31 - hirelens - INFO - evaluation_engine.py:281 - Hybrid score: 15.47
2026-01-24 20:52:31 - hirelens - INFO - evaluation_engine.py:285 - Classification: Not Fit
2026-01-24 20:52:31 - hirelens - INFO - evaluation_engine.py:304 - Evaluation complete. Matched: 0, Missing: 17
2026-01-24 20:52:31 - hirelens - INFO - evaluation_engine.py:324 - Evaluation saved to C:\Users\sharo\HireLens\data\evaluations.json
2026-01-24 20:52:31 - hirelens - INFO - skill_gap_analyzer.py:172 - Analyzing skill gaps for resume f0eca3d7-ca0a-4887-9fd3-6e6dcbd708b7
2026-01-24 20:52:31 - hirelens - INFO - skill_gap_analyzer.py:205 - Skill gap analysis complete. Critical gaps: 17, Moderate gaps: 0, Weak areas: 0
2026-01-24 20:52:31 - hirelens - INFO - skill_gap_analyzer.py:228 - Skill gaps saved to C:\Users\sharo\HireLens\data\skill_gaps.json
2026-01-24 20:52:31 - hirelens - INFO - course_recommender.py:110 - Generating course recommendations for gap 31e912fa-6bee-46b6-ba92-a1d2c4968a66
2026-01-24 20:52:31 - hirelens - WARNING - course_recommender.py:90 - No courses found for skill: AI
2026-01-24 20:52:31 - hirelens - INFO - course_recommender.py:147 - Found 2 courses for Angular
2026-01-24 20:52:31 - hirelens - WARNING - course_recommender.py:90 - No courses found for skill: CSS
2026-01-24 20:52:31 - hirelens - WARNING - course_recommender.py:90 - No courses found for skill: Documentation
2026-01-24 20:52:31 - hirelens - WARNING - course_recommender.py:90 - No courses found for skill: Firebase
2026-01-24 20:52:31 - hirelens - WARNING - course_recommender.py:90 - No courses found for skill: HTML
2026-01-24 20:52:31 - hirelens - INFO - course_recommender.py:147 - Found 3 courses for Java
2026-01-24 20:52:31 - hirelens - INFO - course_recommender.py:147 - Found 3 courses for Javascript
2026-01-24 20:52:31 - hirelens - WARNING - course_recommender.py:90 - No courses found for skill: Js
2026-01-24 20:52:31 - hirelens - WARNING - course_recommender.py:90 - No courses found for skill: Json
2026-01-24 20:52:31 - hirelens - INFO - course_recommender.py:147 - Found 2 courses for Mongodb
2026-01-24 20:52:31 - hirelens - WARNING - course_recommender.py:90 - No courses found for skill: Mysql
2026-01-24 20:52:31 - hirelens - WARNING - course_recommender.py:90 - No courses found for skill: Node
2026-01-24 20:52:31 - hirelens - INFO - course_recommender.py:147 - Found 2 courses for Node.Js
2026-01-24 20:52:31 - hirelens - INFO - course_recommender.py:147 - Found 3 courses for Python
2026-01-24 20:52:31 - hirelens - INFO - course_recommender.py:147 - Found 3 courses for React
2026-01-24 20:52:31 - hirelens - WARNING - course_recommender.py:90 - No courses found for skill: Vue
2026-01-24 20:52:31 - hirelens - INFO - course_recommender.py:149 - Generated recommendations for 7 skills
2026-01-24 20:52:31 - hirelens - INFO - course_recommender.py:172 - Recommendations saved to C:\Users\sharo\HireLens\data\recommendations.json
2026-01-24 20:52:31 - hirelens - INFO - feedback_generator.py:286 - Generating feedback for evaluation d8221c05-bff3-4010-b3d5-4b7b33642fca
2026-01-24 20:52:31 - hirelens - INFO - feedback_generator.py:305 - Feedback generated successfully
2026-01-24 20:52:31 - hirelens - INFO - feedback_generator.py:325 - Feedback saved to C:\Users\sharo\HireLens\data\feedback.json
2026-01-24 20:52:31 - hirelens - INFO - routes.py:201 - Evaluating resume: Mock_Resume_8_Digital_Marketer.pdf
2026-01-24 20:52:31 - hirelens - INFO - routes.py:205 - Parsing resume from C:\Users\sharo\HireLens\uploads\Mock_Resume_8_Digital_Marketer.pdf
2026-01-24 20:52:31 - hirelens - INFO - resume_parser.py:363 - Parsing resume: C:\Users\sharo\HireLens\uploads\Mock_Resume_8_Digital_Marketer.pdf
2026-01-24 20:52:31 - hirelens - ERROR - resume_parser.py:399 - Error extracting resume components: 2 validation errors for Education
degree
  Field required [type=missing, input_value={'year': '2024'}, input_type=dict]
    For further information visit https://errors.pydantic.dev/2.12/v/missing
institution
  Field required [type=missing, input_value={'year': '2024'}, input_type=dict]
    For further information visit https://errors.pydantic.dev/2.12/v/missing
2026-01-24 20:52:31 - hirelens - INFO - resume_parser.py:416 - Resume parsed successfully. Found 0 skills
2026-01-24 20:52:31 - hirelens - INFO - resume_parser.py:436 - Resume saved to C:\Users\sharo\HireLens\data\parsed_resumes.json
2026-01-24 20:52:31 - hirelens - INFO - evaluation_engine.py:257 - Evaluating resume 410ee167-066a-46fa-ad2d-9305ac1ac9ca against job e1e7713a-9c36-46e2-a23a-a0c505834be1
2026-01-24 20:52:31 - hirelens - INFO - evaluation_engine.py:267 - Calculating TF-IDF similarity...
2026-01-24 20:52:32 - hirelens - INFO - evaluation_engine.py:269 - TF-IDF score: 0.027
2026-01-24 20:52:32 - hirelens - INFO - evaluation_engine.py:271 - Calculating fuzzy skill match...
2026-01-24 20:52:32 - hirelens - INFO - evaluation_engine.py:273 - Fuzzy match score: 0.000
2026-01-24 20:52:32 - hirelens - INFO - evaluation_engine.py:275 - Calculating embedding similarity...
2026-01-24 20:52:32 - hirelens - INFO - evaluation_engine.py:277 - Embedding score: 0.430
2026-01-24 20:52:32 - hirelens - INFO - evaluation_engine.py:281 - Hybrid score: 18.01
2026-01-24 20:52:32 - hirelens - INFO - evaluation_engine.py:285 - Classification: Not Fit
2026-01-24 20:52:32 - hirelens - INFO - evaluation_engine.py:304 - Evaluation complete. Matched: 0, Missing: 17
2026-01-24 20:52:32 - hirelens - INFO - evaluation_engine.py:324 - Evaluation saved to C:\Users\sharo\HireLens\data\evaluations.json
2026-01-24 20:52:32 - hirelens - INFO - skill_gap_analyzer.py:172 - Analyzing skill gaps for resume 410ee167-066a-46fa-ad2d-9305ac1ac9ca
2026-01-24 20:52:32 - hirelens - INFO - skill_gap_analyzer.py:205 - Skill gap analysis complete. Critical gaps: 17, Moderate gaps: 0, Weak areas: 0
2026-01-24 20:52:32 - hirelens - INFO - skill_gap_analyzer.py:228 - Skill gaps saved to C:\Users\sharo\HireLens\data\skill_gaps.json
2026-01-24 20:52:32 - hirelens - INFO - course_recommender.py:110 - Generating course recommendations for gap f09f8d90-dd42-4f92-9275-b0281b4fda45
2026-01-24 20:52:32 - hirelens - WARNING - course_recommender.py:90 - No courses found for skill: AI
2026-01-24 20:52:32 - hirelens - INFO - course_recommender.py:147 - Found 2 courses for Angular
2026-01-24 20:52:32 - hirelens - WARNING - course_recommender.py:90 - No courses found for skill: CSS
2026-01-24 20:52:32 - hirelens - WARNING - course_recommender.py:90 - No courses found for skill: Documentation
2026-01-24 20:52:32 - hirelens - WARNING - course_recommender.py:90 - No courses found for skill: Firebase
2026-01-24 20:52:32 - hirelens - WARNING - course_recommender.py:90 - No courses found for skill: HTML
2026-01-24 20:52:32 - hirelens - INFO - course_recommender.py:147 - Found 3 courses for Java
2026-01-24 20:52:32 - hirelens - INFO - course_recommender.py:147 - Found 3 courses for Javascript
2026-01-24 20:52:32 - hirelens - WARNING - course_recommender.py:90 - No courses found for skill: Js
2026-01-24 20:52:32 - hirelens - WARNING - course_recommender.py:90 - No courses found for skill: Json
2026-01-24 20:52:32 - hirelens - INFO - course_recommender.py:147 - Found 2 courses for Mongodb
2026-01-24 20:52:32 - hirelens - WARNING - course_recommender.py:90 - No courses found for skill: Mysql
2026-01-24 20:52:32 - hirelens - WARNING - course_recommender.py:90 - No courses found for skill: Node
2026-01-24 20:52:32 - hirelens - INFO - course_recommender.py:147 - Found 2 courses for Node.Js
2026-01-24 20:52:32 - hirelens - INFO - course_recommender.py:147 - Found 3 courses for Python
2026-01-24 20:52:32 - hirelens - INFO - course_recommender.py:147 - Found 3 courses for React
2026-01-24 20:52:32 - hirelens - WARNING - course_recommender.py:90 - No courses found for skill: Vue
2026-01-24 20:52:32 - hirelens - INFO - course_recommender.py:149 - Generated recommendations for 7 skills
2026-01-24 20:52:32 - hirelens - INFO - course_recommender.py:172 - Recommendations saved to C:\Users\sharo\HireLens\data\recommendations.json
2026-01-24 20:52:32 - hirelens - INFO - feedback_generator.py:286 - Generating feedback for evaluation 83fe55b7-73fc-46ad-bc3b-db8c264c65f0
2026-01-24 20:52:32 - hirelens - INFO - feedback_generator.py:305 - Feedback generated successfully
2026-01-24 20:52:32 - hirelens - INFO - feedback_generator.py:325 - Feedback saved to C:\Users\sharo\HireLens\data\feedback.json
2026-01-24 20:52:32 - hirelens - INFO - routes.py:201 - Evaluating resume: Mock_Resume_7_React_Developer.pdf
2026-01-24 20:52:32 - hirelens - INFO - routes.py:205 - Parsing resume from C:\Users\sharo\HireLens\uploads\Mock_Resume_7_React_Developer.pdf
2026-01-24 20:52:32 - hirelens - INFO - resume_parser.py:363 - Parsing resume: C:\Users\sharo\HireLens\uploads\Mock_Resume_7_React_Developer.pdf
2026-01-24 20:52:32 - hirelens - ERROR - resume_parser.py:399 - Error extracting resume components: 1 validation error for Education
institution
  Field required [type=missing, input_value={'degree': 'B.Tech CSE, 2025', 'year': '2025'}, input_type=dict]
    For further information visit https://errors.pydantic.dev/2.12/v/missing
2026-01-24 20:52:32 - hirelens - INFO - resume_parser.py:416 - Resume parsed successfully. Found 0 skills
2026-01-24 20:52:32 - hirelens - INFO - resume_parser.py:436 - Resume saved to C:\Users\sharo\HireLens\data\parsed_resumes.json
2026-01-24 20:52:32 - hirelens - INFO - evaluation_engine.py:257 - Evaluating resume 0e6032ba-1905-48fd-b871-d9276ff8994d against job e1e7713a-9c36-46e2-a23a-a0c505834be1
2026-01-24 20:52:32 - hirelens - INFO - evaluation_engine.py:267 - Calculating TF-IDF similarity...
2026-01-24 20:52:32 - hirelens - INFO - evaluation_engine.py:269 - TF-IDF score: 0.063
2026-01-24 20:52:32 - hirelens - INFO - evaluation_engine.py:271 - Calculating fuzzy skill match...
2026-01-24 20:52:32 - hirelens - INFO - evaluation_engine.py:273 - Fuzzy match score: 0.000
2026-01-24 20:52:32 - hirelens - INFO - evaluation_engine.py:275 - Calculating embedding similarity...
2026-01-24 20:52:32 - hirelens - INFO - evaluation_engine.py:277 - Embedding score: 0.623
2026-01-24 20:52:32 - hirelens - INFO - evaluation_engine.py:281 - Hybrid score: 26.78
2026-01-24 20:52:32 - hirelens - INFO - evaluation_engine.py:285 - Classification: Not Fit
2026-01-24 20:52:32 - hirelens - INFO - evaluation_engine.py:304 - Evaluation complete. Matched: 0, Missing: 17
2026-01-24 20:52:32 - hirelens - INFO - evaluation_engine.py:324 - Evaluation saved to C:\Users\sharo\HireLens\data\evaluations.json
2026-01-24 20:52:32 - hirelens - INFO - skill_gap_analyzer.py:172 - Analyzing skill gaps for resume 0e6032ba-1905-48fd-b871-d9276ff8994d
2026-01-24 20:52:32 - hirelens - INFO - skill_gap_analyzer.py:205 - Skill gap analysis complete. Critical gaps: 17, Moderate gaps: 0, Weak areas: 0
2026-01-24 20:52:32 - hirelens - INFO - skill_gap_analyzer.py:228 - Skill gaps saved to C:\Users\sharo\HireLens\data\skill_gaps.json
2026-01-24 20:52:32 - hirelens - INFO - course_recommender.py:110 - Generating course recommendations for gap b719ecf3-337b-49d1-b0af-c82f4e09fca8
2026-01-24 20:52:32 - hirelens - WARNING - course_recommender.py:90 - No courses found for skill: AI
2026-01-24 20:52:32 - hirelens - INFO - course_recommender.py:147 - Found 2 courses for Angular
2026-01-24 20:52:32 - hirelens - WARNING - course_recommender.py:90 - No courses found for skill: CSS
2026-01-24 20:52:32 - hirelens - WARNING - course_recommender.py:90 - No courses found for skill: Documentation
2026-01-24 20:52:32 - hirelens - WARNING - course_recommender.py:90 - No courses found for skill: Firebase
2026-01-24 20:52:32 - hirelens - WARNING - course_recommender.py:90 - No courses found for skill: HTML
2026-01-24 20:52:32 - hirelens - INFO - course_recommender.py:147 - Found 3 courses for Java
2026-01-24 20:52:32 - hirelens - INFO - course_recommender.py:147 - Found 3 courses for Javascript
2026-01-24 20:52:32 - hirelens - WARNING - course_recommender.py:90 - No courses found for skill: Js
2026-01-24 20:52:32 - hirelens - WARNING - course_recommender.py:90 - No courses found for skill: Json
2026-01-24 20:52:32 - hirelens - INFO - course_recommender.py:147 - Found 2 courses for Mongodb
2026-01-24 20:52:32 - hirelens - WARNING - course_recommender.py:90 - No courses found for skill: Mysql
2026-01-24 20:52:32 - hirelens - WARNING - course_recommender.py:90 - No courses found for skill: Node
2026-01-24 20:52:32 - hirelens - INFO - course_recommender.py:147 - Found 2 courses for Node.Js
2026-01-24 20:52:32 - hirelens - INFO - course_recommender.py:147 - Found 3 courses for Python
2026-01-24 20:52:32 - hirelens - INFO - course_recommender.py:147 - Found 3 courses for React
2026-01-24 20:52:32 - hirelens - WARNING - course_recommender.py:90 - No courses found for skill: Vue
2026-01-24 20:52:32 - hirelens - INFO - course_recommender.py:149 - Generated recommendations for 7 skills
2026-01-24 20:52:32 - hirelens - INFO - course_recommender.py:172 - Recommendations saved to C:\Users\sharo\HireLens\data\recommendations.json
2026-01-24 20:52:32 - hirelens - INFO - feedback_generator.py:286 - Generating feedback for evaluation 64e68351-327b-4a88-b094-755890428b86
2026-01-24 20:52:32 - hirelens - INFO - feedback_generator.py:305 - Feedback generated successfully
2026-01-24 20:52:32 - hirelens - INFO - feedback_generator.py:325 - Feedback saved to C:\Users\sharo\HireLens\data\feedback.json
2026-01-24 20:52:32 - hirelens - INFO - routes.py:201 - Evaluating resume: Mock_Resume_6_Java_Developer.pdf
2026-01-24 20:52:32 - hirelens - INFO - routes.py:205 - Parsing resume from C:\Users\sharo\HireLens\uploads\Mock_Resume_6_Java_Developer.pdf
2026-01-24 20:52:32 - hirelens - INFO - resume_parser.py:363 - Parsing resume: C:\Users\sharo\HireLens\uploads\Mock_Resume_6_Java_Developer.pdf
2026-01-24 20:52:32 - hirelens - ERROR - resume_parser.py:399 - Error extracting resume components: 2 validation errors for Education
degree
  Field required [type=missing, input_value={'year': '2026'}, input_type=dict]
    For further information visit https://errors.pydantic.dev/2.12/v/missing
institution
  Field required [type=missing, input_value={'year': '2026'}, input_type=dict]
    For further information visit https://errors.pydantic.dev/2.12/v/missing
2026-01-24 20:52:32 - hirelens - INFO - resume_parser.py:416 - Resume parsed successfully. Found 0 skills
2026-01-24 20:52:32 - hirelens - INFO - resume_parser.py:436 - Resume saved to C:\Users\sharo\HireLens\data\parsed_resumes.json
2026-01-24 20:52:32 - hirelens - INFO - evaluation_engine.py:257 - Evaluating resume 64c24c53-773a-48c2-90cf-3c418da4f78d against job e1e7713a-9c36-46e2-a23a-a0c505834be1
2026-01-24 20:52:32 - hirelens - INFO - evaluation_engine.py:267 - Calculating TF-IDF similarity...
2026-01-24 20:52:32 - hirelens - INFO - evaluation_engine.py:269 - TF-IDF score: 0.050
2026-01-24 20:52:32 - hirelens - INFO - evaluation_engine.py:271 - Calculating fuzzy skill match...
2026-01-24 20:52:32 - hirelens - INFO - evaluation_engine.py:273 - Fuzzy match score: 0.000
2026-01-24 20:52:32 - hirelens - INFO - evaluation_engine.py:275 - Calculating embedding similarity...
2026-01-24 20:52:32 - hirelens - INFO - evaluation_engine.py:277 - Embedding score: 0.516
2026-01-24 20:52:32 - hirelens - INFO - evaluation_engine.py:281 - Hybrid score: 22.15
2026-01-24 20:52:32 - hirelens - INFO - evaluation_engine.py:285 - Classification: Not Fit
2026-01-24 20:52:32 - hirelens - INFO - evaluation_engine.py:304 - Evaluation complete. Matched: 0, Missing: 17
2026-01-24 20:52:32 - hirelens - INFO - evaluation_engine.py:324 - Evaluation saved to C:\Users\sharo\HireLens\data\evaluations.json
2026-01-24 20:52:32 - hirelens - INFO - skill_gap_analyzer.py:172 - Analyzing skill gaps for resume 64c24c53-773a-48c2-90cf-3c418da4f78d
2026-01-24 20:52:32 - hirelens - INFO - skill_gap_analyzer.py:205 - Skill gap analysis complete. Critical gaps: 17, Moderate gaps: 0, Weak areas: 0
2026-01-24 20:52:32 - hirelens - INFO - skill_gap_analyzer.py:228 - Skill gaps saved to C:\Users\sharo\HireLens\data\skill_gaps.json
2026-01-24 20:52:32 - hirelens - INFO - course_recommender.py:110 - Generating course recommendations for gap dcb198ff-e48a-4051-af96-f9bbc73bf538
2026-01-24 20:52:32 - hirelens - WARNING - course_recommender.py:90 - No courses found for skill: AI
2026-01-24 20:52:32 - hirelens - INFO - course_recommender.py:147 - Found 2 courses for Angular
2026-01-24 20:52:32 - hirelens - WARNING - course_recommender.py:90 - No courses found for skill: CSS
2026-01-24 20:52:32 - hirelens - WARNING - course_recommender.py:90 - No courses found for skill: Documentation
2026-01-24 20:52:32 - hirelens - WARNING - course_recommender.py:90 - No courses found for skill: Firebase
2026-01-24 20:52:32 - hirelens - WARNING - course_recommender.py:90 - No courses found for skill: HTML
2026-01-24 20:52:32 - hirelens - INFO - course_recommender.py:147 - Found 3 courses for Java
2026-01-24 20:52:32 - hirelens - INFO - course_recommender.py:147 - Found 3 courses for Javascript
2026-01-24 20:52:32 - hirelens - WARNING - course_recommender.py:90 - No courses found for skill: Js
2026-01-24 20:52:32 - hirelens - WARNING - course_recommender.py:90 - No courses found for skill: Json
2026-01-24 20:52:32 - hirelens - INFO - course_recommender.py:147 - Found 2 courses for Mongodb
2026-01-24 20:52:32 - hirelens - WARNING - course_recommender.py:90 - No courses found for skill: Mysql
2026-01-24 20:52:32 - hirelens - WARNING - course_recommender.py:90 - No courses found for skill: Node
2026-01-24 20:52:32 - hirelens - INFO - course_recommender.py:147 - Found 2 courses for Node.Js
2026-01-24 20:52:32 - hirelens - INFO - course_recommender.py:147 - Found 3 courses for Python
2026-01-24 20:52:32 - hirelens - INFO - course_recommender.py:147 - Found 3 courses for React
2026-01-24 20:52:32 - hirelens - WARNING - course_recommender.py:90 - No courses found for skill: Vue
2026-01-24 20:52:32 - hirelens - INFO - course_recommender.py:149 - Generated recommendations for 7 skills
2026-01-24 20:52:33 - hirelens - INFO - course_recommender.py:172 - Recommendations saved to C:\Users\sharo\HireLens\data\recommendations.json
2026-01-24 20:52:33 - hirelens - INFO - feedback_generator.py:286 - Generating feedback for evaluation d68a0c52-71ed-4e08-9e5c-3f3c0493aba3
2026-01-24 20:52:33 - hirelens - INFO - feedback_generator.py:305 - Feedback generated successfully
2026-01-24 20:52:33 - hirelens - INFO - feedback_generator.py:325 - Feedback saved to C:\Users\sharo\HireLens\data\feedback.json
2026-01-24 20:52:33 - hirelens - INFO - routes.py:201 - Evaluating resume: Mock_Resume_5_Data_Analyst.pdf
2026-01-24 20:52:33 - hirelens - INFO - routes.py:205 - Parsing resume from C:\Users\sharo\HireLens\uploads\Mock_Resume_5_Data_Analyst.pdf
2026-01-24 20:52:33 - hirelens - INFO - resume_parser.py:363 - Parsing resume: C:\Users\sharo\HireLens\uploads\Mock_Resume_5_Data_Analyst.pdf
2026-01-24 20:52:33 - hirelens - ERROR - resume_parser.py:399 - Error extracting resume components: 2 validation errors for Education
degree
  Field required [type=missing, input_value={'year': '2025'}, input_type=dict]
    For further information visit https://errors.pydantic.dev/2.12/v/missing
institution
  Field required [type=missing, input_value={'year': '2025'}, input_type=dict]
    For further information visit https://errors.pydantic.dev/2.12/v/missing
2026-01-24 20:52:33 - hirelens - INFO - resume_parser.py:416 - Resume parsed successfully. Found 0 skills
2026-01-24 20:52:33 - hirelens - INFO - resume_parser.py:436 - Resume saved to C:\Users\sharo\HireLens\data\parsed_resumes.json
2026-01-24 20:52:33 - hirelens - INFO - evaluation_engine.py:257 - Evaluating resume f96d92da-4cee-4e51-9839-7ef11995e6cc against job e1e7713a-9c36-46e2-a23a-a0c505834be1
2026-01-24 20:52:33 - hirelens - INFO - evaluation_engine.py:267 - Calculating TF-IDF similarity...
2026-01-24 20:52:33 - hirelens - INFO - evaluation_engine.py:269 - TF-IDF score: 0.032
2026-01-24 20:52:33 - hirelens - INFO - evaluation_engine.py:271 - Calculating fuzzy skill match...
2026-01-24 20:52:33 - hirelens - INFO - evaluation_engine.py:273 - Fuzzy match score: 0.000
2026-01-24 20:52:33 - hirelens - INFO - evaluation_engine.py:275 - Calculating embedding similarity...
2026-01-24 20:52:33 - hirelens - INFO - evaluation_engine.py:277 - Embedding score: 0.437
2026-01-24 20:52:33 - hirelens - INFO - evaluation_engine.py:281 - Hybrid score: 18.43
2026-01-24 20:52:33 - hirelens - INFO - evaluation_engine.py:285 - Classification: Not Fit
2026-01-24 20:52:33 - hirelens - INFO - evaluation_engine.py:304 - Evaluation complete. Matched: 0, Missing: 17
2026-01-24 20:52:33 - hirelens - INFO - evaluation_engine.py:324 - Evaluation saved to C:\Users\sharo\HireLens\data\evaluations.json
2026-01-24 20:52:33 - hirelens - INFO - skill_gap_analyzer.py:172 - Analyzing skill gaps for resume f96d92da-4cee-4e51-9839-7ef11995e6cc
2026-01-24 20:52:33 - hirelens - INFO - skill_gap_analyzer.py:205 - Skill gap analysis complete. Critical gaps: 17, Moderate gaps: 0, Weak areas: 0
2026-01-24 20:52:33 - hirelens - INFO - skill_gap_analyzer.py:228 - Skill gaps saved to C:\Users\sharo\HireLens\data\skill_gaps.json
2026-01-24 20:52:33 - hirelens - INFO - course_recommender.py:110 - Generating course recommendations for gap 50ce693f-e96d-4811-8237-ec0f900b71d4
2026-01-24 20:52:33 - hirelens - WARNING - course_recommender.py:90 - No courses found for skill: AI
2026-01-24 20:52:33 - hirelens - INFO - course_recommender.py:147 - Found 2 courses for Angular
2026-01-24 20:52:33 - hirelens - WARNING - course_recommender.py:90 - No courses found for skill: CSS
2026-01-24 20:52:33 - hirelens - WARNING - course_recommender.py:90 - No courses found for skill: Documentation
2026-01-24 20:52:33 - hirelens - WARNING - course_recommender.py:90 - No courses found for skill: Firebase
2026-01-24 20:52:33 - hirelens - WARNING - course_recommender.py:90 - No courses found for skill: HTML
2026-01-24 20:52:33 - hirelens - INFO - course_recommender.py:147 - Found 3 courses for Java
2026-01-24 20:52:33 - hirelens - INFO - course_recommender.py:147 - Found 3 courses for Javascript
2026-01-24 20:52:33 - hirelens - WARNING - course_recommender.py:90 - No courses found for skill: Js
2026-01-24 20:52:33 - hirelens - WARNING - course_recommender.py:90 - No courses found for skill: Json
2026-01-24 20:52:33 - hirelens - INFO - course_recommender.py:147 - Found 2 courses for Mongodb
2026-01-24 20:52:33 - hirelens - WARNING - course_recommender.py:90 - No courses found for skill: Mysql
2026-01-24 20:52:33 - hirelens - WARNING - course_recommender.py:90 - No courses found for skill: Node
2026-01-24 20:52:33 - hirelens - INFO - course_recommender.py:147 - Found 2 courses for Node.Js
2026-01-24 20:52:33 - hirelens - INFO - course_recommender.py:147 - Found 3 courses for Python
2026-01-24 20:52:33 - hirelens - INFO - course_recommender.py:147 - Found 3 courses for React
2026-01-24 20:52:33 - hirelens - WARNING - course_recommender.py:90 - No courses found for skill: Vue
2026-01-24 20:52:33 - hirelens - INFO - course_recommender.py:149 - Generated recommendations for 7 skills
2026-01-24 20:52:33 - hirelens - INFO - course_recommender.py:172 - Recommendations saved to C:\Users\sharo\HireLens\data\recommendations.json
2026-01-24 20:52:33 - hirelens - INFO - feedback_generator.py:286 - Generating feedback for evaluation cc3db00d-2b7b-4ebf-9d89-be3c28e88a38
2026-01-24 20:52:33 - hirelens - INFO - feedback_generator.py:305 - Feedback generated successfully
2026-01-24 20:52:33 - hirelens - INFO - feedback_generator.py:325 - Feedback saved to C:\Users\sharo\HireLens\data\feedback.json
2026-01-24 20:52:33 - hirelens - INFO - routes.py:201 - Evaluating resume: Mock_Resume_4_AI_Intern.pdf
2026-01-24 20:52:33 - hirelens - INFO - routes.py:205 - Parsing resume from C:\Users\sharo\HireLens\uploads\Mock_Resume_4_AI_Intern.pdf
2026-01-24 20:52:33 - hirelens - INFO - resume_parser.py:363 - Parsing resume: C:\Users\sharo\HireLens\uploads\Mock_Resume_4_AI_Intern.pdf
2026-01-24 20:52:33 - hirelens - ERROR - resume_parser.py:399 - Error extracting resume components: 2 validation errors for Education
degree
  Field required [type=missing, input_value={'year': '2026'}, input_type=dict]
    For further information visit https://errors.pydantic.dev/2.12/v/missing
institution
  Field required [type=missing, input_value={'year': '2026'}, input_type=dict]
    For further information visit https://errors.pydantic.dev/2.12/v/missing
2026-01-24 20:52:33 - hirelens - INFO - resume_parser.py:416 - Resume parsed successfully. Found 0 skills
2026-01-24 20:52:33 - hirelens - INFO - resume_parser.py:436 - Resume saved to C:\Users\sharo\HireLens\data\parsed_resumes.json
2026-01-24 20:52:33 - hirelens - INFO - evaluation_engine.py:257 - Evaluating resume da668a89-4e47-4759-bd94-c29b4d025530 against job e1e7713a-9c36-46e2-a23a-a0c505834be1
2026-01-24 20:52:33 - hirelens - INFO - evaluation_engine.py:267 - Calculating TF-IDF similarity...
2026-01-24 20:52:33 - hirelens - INFO - evaluation_engine.py:269 - TF-IDF score: 0.042
2026-01-24 20:52:33 - hirelens - INFO - evaluation_engine.py:271 - Calculating fuzzy skill match...
2026-01-24 20:52:33 - hirelens - INFO - evaluation_engine.py:273 - Fuzzy match score: 0.000
2026-01-24 20:52:33 - hirelens - INFO - evaluation_engine.py:275 - Calculating embedding similarity...
2026-01-24 20:52:33 - hirelens - INFO - evaluation_engine.py:277 - Embedding score: 0.426
2026-01-24 20:52:33 - hirelens - INFO - evaluation_engine.py:281 - Hybrid score: 18.31
2026-01-24 20:52:33 - hirelens - INFO - evaluation_engine.py:285 - Classification: Not Fit
2026-01-24 20:52:33 - hirelens - INFO - evaluation_engine.py:304 - Evaluation complete. Matched: 0, Missing: 17
2026-01-24 20:52:33 - hirelens - INFO - evaluation_engine.py:324 - Evaluation saved to C:\Users\sharo\HireLens\data\evaluations.json
2026-01-24 20:52:33 - hirelens - INFO - skill_gap_analyzer.py:172 - Analyzing skill gaps for resume da668a89-4e47-4759-bd94-c29b4d025530
2026-01-24 20:52:33 - hirelens - INFO - skill_gap_analyzer.py:205 - Skill gap analysis complete. Critical gaps: 17, Moderate gaps: 0, Weak areas: 0
2026-01-24 20:52:33 - hirelens - INFO - skill_gap_analyzer.py:228 - Skill gaps saved to C:\Users\sharo\HireLens\data\skill_gaps.json
2026-01-24 20:52:33 - hirelens - INFO - course_recommender.py:110 - Generating course recommendations for gap 9c218a99-902c-4007-92f1-38b53d998702
2026-01-24 20:52:33 - hirelens - WARNING - course_recommender.py:90 - No courses found for skill: AI
2026-01-24 20:52:33 - hirelens - INFO - course_recommender.py:147 - Found 2 courses for Angular
2026-01-24 20:52:33 - hirelens - WARNING - course_recommender.py:90 - No courses found for skill: CSS
2026-01-24 20:52:33 - hirelens - WARNING - course_recommender.py:90 - No courses found for skill: Documentation
2026-01-24 20:52:33 - hirelens - WARNING - course_recommender.py:90 - No courses found for skill: Firebase
2026-01-24 20:52:33 - hirelens - WARNING - course_recommender.py:90 - No courses found for skill: HTML
2026-01-24 20:52:33 - hirelens - INFO - course_recommender.py:147 - Found 3 courses for Java
2026-01-24 20:52:33 - hirelens - INFO - course_recommender.py:147 - Found 3 courses for Javascript
2026-01-24 20:52:33 - hirelens - WARNING - course_recommender.py:90 - No courses found for skill: Js
2026-01-24 20:52:33 - hirelens - WARNING - course_recommender.py:90 - No courses found for skill: Json
2026-01-24 20:52:33 - hirelens - INFO - course_recommender.py:147 - Found 2 courses for Mongodb
2026-01-24 20:52:33 - hirelens - WARNING - course_recommender.py:90 - No courses found for skill: Mysql
2026-01-24 20:52:33 - hirelens - WARNING - course_recommender.py:90 - No courses found for skill: Node
2026-01-24 20:52:33 - hirelens - INFO - course_recommender.py:147 - Found 2 courses for Node.Js
2026-01-24 20:52:33 - hirelens - INFO - course_recommender.py:147 - Found 3 courses for Python
2026-01-24 20:52:33 - hirelens - INFO - course_recommender.py:147 - Found 3 courses for React
2026-01-24 20:52:33 - hirelens - WARNING - course_recommender.py:90 - No courses found for skill: Vue
2026-01-24 20:52:33 - hirelens - INFO - course_recommender.py:149 - Generated recommendations for 7 skills
2026-01-24 20:52:33 - hirelens - INFO - course_recommender.py:172 - Recommendations saved to C:\Users\sharo\HireLens\data\recommendations.json
2026-01-24 20:52:33 - hirelens - INFO - feedback_generator.py:286 - Generating feedback for evaluation 8e29b129-dc9d-4878-9dec-0a298eacd32e
2026-01-24 20:52:33 - hirelens - INFO - feedback_generator.py:305 - Feedback generated successfully
2026-01-24 20:52:33 - hirelens - INFO - feedback_generator.py:325 - Feedback saved to C:\Users\sharo\HireLens\data\feedback.json
2026-01-24 20:52:33 - hirelens - INFO - routes.py:201 - Evaluating resume: Mock_Resume_3_Backend_Developer.pdf
2026-01-24 20:52:33 - hirelens - INFO - routes.py:205 - Parsing resume from C:\Users\sharo\HireLens\uploads\Mock_Resume_3_Backend_Developer.pdf
2026-01-24 20:52:33 - hirelens - INFO - resume_parser.py:363 - Parsing resume: C:\Users\sharo\HireLens\uploads\Mock_Resume_3_Backend_Developer.pdf
2026-01-24 20:52:33 - hirelens - ERROR - resume_parser.py:399 - Error extracting resume components: 1 validation error for Education
institution
  Field required [type=missing, input_value={'degree': 'B.Tech IT, 2026', 'year': '2026'}, input_type=dict]
    For further information visit https://errors.pydantic.dev/2.12/v/missing
2026-01-24 20:52:33 - hirelens - INFO - resume_parser.py:416 - Resume parsed successfully. Found 0 skills
2026-01-24 20:52:33 - hirelens - INFO - resume_parser.py:436 - Resume saved to C:\Users\sharo\HireLens\data\parsed_resumes.json
2026-01-24 20:52:33 - hirelens - INFO - evaluation_engine.py:257 - Evaluating resume db785abe-a866-4000-86aa-bf4101d7153e against job e1e7713a-9c36-46e2-a23a-a0c505834be1
2026-01-24 20:52:33 - hirelens - INFO - evaluation_engine.py:267 - Calculating TF-IDF similarity...
2026-01-24 20:52:33 - hirelens - INFO - evaluation_engine.py:269 - TF-IDF score: 0.053
2026-01-24 20:52:33 - hirelens - INFO - evaluation_engine.py:271 - Calculating fuzzy skill match...
2026-01-24 20:52:33 - hirelens - INFO - evaluation_engine.py:273 - Fuzzy match score: 0.000
2026-01-24 20:52:33 - hirelens - INFO - evaluation_engine.py:275 - Calculating embedding similarity...
2026-01-24 20:52:34 - hirelens - INFO - evaluation_engine.py:277 - Embedding score: 0.631
2026-01-24 20:52:34 - hirelens - INFO - evaluation_engine.py:281 - Hybrid score: 26.84
2026-01-24 20:52:34 - hirelens - INFO - evaluation_engine.py:285 - Classification: Not Fit
2026-01-24 20:52:34 - hirelens - INFO - evaluation_engine.py:304 - Evaluation complete. Matched: 0, Missing: 17
2026-01-24 20:52:34 - hirelens - INFO - evaluation_engine.py:324 - Evaluation saved to C:\Users\sharo\HireLens\data\evaluations.json
2026-01-24 20:52:34 - hirelens - INFO - skill_gap_analyzer.py:172 - Analyzing skill gaps for resume db785abe-a866-4000-86aa-bf4101d7153e
2026-01-24 20:52:34 - hirelens - INFO - skill_gap_analyzer.py:205 - Skill gap analysis complete. Critical gaps: 17, Moderate gaps: 0, Weak areas: 0
2026-01-24 20:52:34 - hirelens - INFO - skill_gap_analyzer.py:228 - Skill gaps saved to C:\Users\sharo\HireLens\data\skill_gaps.json
2026-01-24 20:52:34 - hirelens - INFO - course_recommender.py:110 - Generating course recommendations for gap 01550b87-b208-4242-b23d-f6898fceba6b
2026-01-24 20:52:34 - hirelens - WARNING - course_recommender.py:90 - No courses found for skill: AI
2026-01-24 20:52:34 - hirelens - INFO - course_recommender.py:147 - Found 2 courses for Angular
2026-01-24 20:52:34 - hirelens - WARNING - course_recommender.py:90 - No courses found for skill: CSS
2026-01-24 20:52:34 - hirelens - WARNING - course_recommender.py:90 - No courses found for skill: Documentation
2026-01-24 20:52:34 - hirelens - WARNING - course_recommender.py:90 - No courses found for skill: Firebase
2026-01-24 20:52:34 - hirelens - WARNING - course_recommender.py:90 - No courses found for skill: HTML
2026-01-24 20:52:34 - hirelens - INFO - course_recommender.py:147 - Found 3 courses for Java
2026-01-24 20:52:34 - hirelens - INFO - course_recommender.py:147 - Found 3 courses for Javascript
2026-01-24 20:52:34 - hirelens - WARNING - course_recommender.py:90 - No courses found for skill: Js
2026-01-24 20:52:34 - hirelens - WARNING - course_recommender.py:90 - No courses found for skill: Json
2026-01-24 20:52:34 - hirelens - INFO - course_recommender.py:147 - Found 2 courses for Mongodb
2026-01-24 20:52:34 - hirelens - WARNING - course_recommender.py:90 - No courses found for skill: Mysql
2026-01-24 20:52:34 - hirelens - WARNING - course_recommender.py:90 - No courses found for skill: Node
2026-01-24 20:52:34 - hirelens - INFO - course_recommender.py:147 - Found 2 courses for Node.Js
2026-01-24 20:52:34 - hirelens - INFO - course_recommender.py:147 - Found 3 courses for Python
2026-01-24 20:52:34 - hirelens - INFO - course_recommender.py:147 - Found 3 courses for React
2026-01-24 20:52:34 - hirelens - WARNING - course_recommender.py:90 - No courses found for skill: Vue
2026-01-24 20:52:34 - hirelens - INFO - course_recommender.py:149 - Generated recommendations for 7 skills
2026-01-24 20:52:34 - hirelens - INFO - course_recommender.py:172 - Recommendations saved to C:\Users\sharo\HireLens\data\recommendations.json
2026-01-24 20:52:34 - hirelens - INFO - feedback_generator.py:286 - Generating feedback for evaluation cab3ea49-3ef7-4531-8f25-a97c885c7888
2026-01-24 20:52:34 - hirelens - INFO - feedback_generator.py:305 - Feedback generated successfully
2026-01-24 20:52:34 - hirelens - INFO - feedback_generator.py:325 - Feedback saved to C:\Users\sharo\HireLens\data\feedback.json
2026-01-24 20:52:34 - hirelens - INFO - routes.py:201 - Evaluating resume: Mock_Resume_2_Frontend_Developer.pdf
2026-01-24 20:52:34 - hirelens - INFO - routes.py:205 - Parsing resume from C:\Users\sharo\HireLens\uploads\Mock_Resume_2_Frontend_Developer.pdf
2026-01-24 20:52:34 - hirelens - INFO - resume_parser.py:363 - Parsing resume: C:\Users\sharo\HireLens\uploads\Mock_Resume_2_Frontend_Developer.pdf
2026-01-24 20:52:34 - hirelens - ERROR - resume_parser.py:399 - Error extracting resume components: 2 validation errors for Education
degree
  Field required [type=missing, input_value={'year': '2025'}, input_type=dict]
    For further information visit https://errors.pydantic.dev/2.12/v/missing
institution
  Field required [type=missing, input_value={'year': '2025'}, input_type=dict]
    For further information visit https://errors.pydantic.dev/2.12/v/missing
2026-01-24 20:52:34 - hirelens - INFO - resume_parser.py:416 - Resume parsed successfully. Found 0 skills
2026-01-24 20:52:34 - hirelens - INFO - resume_parser.py:436 - Resume saved to C:\Users\sharo\HireLens\data\parsed_resumes.json
2026-01-24 20:52:34 - hirelens - INFO - evaluation_engine.py:257 - Evaluating resume 8cb996ff-e412-41ff-a3a7-6eaadbff32e4 against job e1e7713a-9c36-46e2-a23a-a0c505834be1
2026-01-24 20:52:34 - hirelens - INFO - evaluation_engine.py:267 - Calculating TF-IDF similarity...
2026-01-24 20:52:34 - hirelens - INFO - evaluation_engine.py:269 - TF-IDF score: 0.103
2026-01-24 20:52:34 - hirelens - INFO - evaluation_engine.py:271 - Calculating fuzzy skill match...
2026-01-24 20:52:34 - hirelens - INFO - evaluation_engine.py:273 - Fuzzy match score: 0.000
2026-01-24 20:52:34 - hirelens - INFO - evaluation_engine.py:275 - Calculating embedding similarity...
2026-01-24 20:52:34 - hirelens - INFO - evaluation_engine.py:277 - Embedding score: 0.606
2026-01-24 20:52:34 - hirelens - INFO - evaluation_engine.py:281 - Hybrid score: 27.30
2026-01-24 20:52:34 - hirelens - INFO - evaluation_engine.py:285 - Classification: Not Fit
2026-01-24 20:52:34 - hirelens - INFO - evaluation_engine.py:304 - Evaluation complete. Matched: 0, Missing: 17
2026-01-24 20:52:34 - hirelens - INFO - evaluation_engine.py:324 - Evaluation saved to C:\Users\sharo\HireLens\data\evaluations.json
2026-01-24 20:52:34 - hirelens - INFO - skill_gap_analyzer.py:172 - Analyzing skill gaps for resume 8cb996ff-e412-41ff-a3a7-6eaadbff32e4
2026-01-24 20:52:34 - hirelens - INFO - skill_gap_analyzer.py:205 - Skill gap analysis complete. Critical gaps: 17, Moderate gaps: 0, Weak areas: 0
2026-01-24 20:52:34 - hirelens - INFO - skill_gap_analyzer.py:228 - Skill gaps saved to C:\Users\sharo\HireLens\data\skill_gaps.json
2026-01-24 20:52:34 - hirelens - INFO - course_recommender.py:110 - Generating course recommendations for gap 5a63a008-8f05-4a65-9f39-672a8c85c17f
2026-01-24 20:52:34 - hirelens - WARNING - course_recommender.py:90 - No courses found for skill: AI
2026-01-24 20:52:34 - hirelens - INFO - course_recommender.py:147 - Found 2 courses for Angular
2026-01-24 20:52:34 - hirelens - WARNING - course_recommender.py:90 - No courses found for skill: CSS
2026-01-24 20:52:34 - hirelens - WARNING - course_recommender.py:90 - No courses found for skill: Documentation
2026-01-24 20:52:34 - hirelens - WARNING - course_recommender.py:90 - No courses found for skill: Firebase
2026-01-24 20:52:34 - hirelens - WARNING - course_recommender.py:90 - No courses found for skill: HTML
2026-01-24 20:52:34 - hirelens - INFO - course_recommender.py:147 - Found 3 courses for Java
2026-01-24 20:52:34 - hirelens - INFO - course_recommender.py:147 - Found 3 courses for Javascript
2026-01-24 20:52:34 - hirelens - WARNING - course_recommender.py:90 - No courses found for skill: Js
2026-01-24 20:52:34 - hirelens - WARNING - course_recommender.py:90 - No courses found for skill: Json
2026-01-24 20:52:34 - hirelens - INFO - course_recommender.py:147 - Found 2 courses for Mongodb
2026-01-24 20:52:34 - hirelens - WARNING - course_recommender.py:90 - No courses found for skill: Mysql
2026-01-24 20:52:34 - hirelens - WARNING - course_recommender.py:90 - No courses found for skill: Node
2026-01-24 20:52:34 - hirelens - INFO - course_recommender.py:147 - Found 2 courses for Node.Js
2026-01-24 20:52:34 - hirelens - INFO - course_recommender.py:147 - Found 3 courses for Python
2026-01-24 20:52:34 - hirelens - INFO - course_recommender.py:147 - Found 3 courses for React
2026-01-24 20:52:34 - hirelens - WARNING - course_recommender.py:90 - No courses found for skill: Vue
2026-01-24 20:52:34 - hirelens - INFO - course_recommender.py:149 - Generated recommendations for 7 skills
2026-01-24 20:52:34 - hirelens - INFO - course_recommender.py:172 - Recommendations saved to C:\Users\sharo\HireLens\data\recommendations.json
2026-01-24 20:52:34 - hirelens - INFO - feedback_generator.py:286 - Generating feedback for evaluation 8c09888c-590f-4cfe-9f68-bf9d9ffd12fd
2026-01-24 20:52:34 - hirelens - INFO - feedback_generator.py:305 - Feedback generated successfully
2026-01-24 20:52:34 - hirelens - INFO - feedback_generator.py:325 - Feedback saved to C:\Users\sharo\HireLens\data\feedback.json
2026-01-24 20:52:34 - hirelens - INFO - routes.py:201 - Evaluating resume: Mock_Resume_1_Full_Stack_Developer.pdf
2026-01-24 20:52:34 - hirelens - INFO - routes.py:205 - Parsing resume from C:\Users\sharo\HireLens\uploads\Mock_Resume_1_Full_Stack_Developer.pdf
2026-01-24 20:52:34 - hirelens - INFO - resume_parser.py:363 - Parsing resume: C:\Users\sharo\HireLens\uploads\Mock_Resume_1_Full_Stack_Developer.pdf
2026-01-24 20:52:34 - hirelens - ERROR - resume_parser.py:399 - Error extracting resume components: 2 validation errors for Education
degree
  Field required [type=missing, input_value={'year': '2026'}, input_type=dict]
    For further information visit https://errors.pydantic.dev/2.12/v/missing
institution
  Field required [type=missing, input_value={'year': '2026'}, input_type=dict]
    For further information visit https://errors.pydantic.dev/2.12/v/missing
2026-01-24 20:52:34 - hirelens - INFO - resume_parser.py:416 - Resume parsed successfully. Found 0 skills
2026-01-24 20:52:34 - hirelens - INFO - resume_parser.py:436 - Resume saved to C:\Users\sharo\HireLens\data\parsed_resumes.json
2026-01-24 20:52:34 - hirelens - INFO - evaluation_engine.py:257 - Evaluating resume 2edf6b20-ef70-404e-92ba-5628f85028e0 against job e1e7713a-9c36-46e2-a23a-a0c505834be1
2026-01-24 20:52:34 - hirelens - INFO - evaluation_engine.py:267 - Calculating TF-IDF similarity...
2026-01-24 20:52:34 - hirelens - INFO - evaluation_engine.py:269 - TF-IDF score: 0.148
2026-01-24 20:52:34 - hirelens - INFO - evaluation_engine.py:271 - Calculating fuzzy skill match...
2026-01-24 20:52:34 - hirelens - INFO - evaluation_engine.py:273 - Fuzzy match score: 0.000
2026-01-24 20:52:34 - hirelens - INFO - evaluation_engine.py:275 - Calculating embedding similarity...
2026-01-24 20:52:34 - hirelens - INFO - evaluation_engine.py:277 - Embedding score: 0.661
2026-01-24 20:52:34 - hirelens - INFO - evaluation_engine.py:281 - Hybrid score: 30.89
2026-01-24 20:52:34 - hirelens - INFO - evaluation_engine.py:285 - Classification: Not Fit
2026-01-24 20:52:34 - hirelens - INFO - evaluation_engine.py:304 - Evaluation complete. Matched: 0, Missing: 17
2026-01-24 20:52:34 - hirelens - INFO - evaluation_engine.py:324 - Evaluation saved to C:\Users\sharo\HireLens\data\evaluations.json
2026-01-24 20:52:34 - hirelens - INFO - skill_gap_analyzer.py:172 - Analyzing skill gaps for resume 2edf6b20-ef70-404e-92ba-5628f85028e0
2026-01-24 20:52:34 - hirelens - INFO - skill_gap_analyzer.py:205 - Skill gap analysis complete. Critical gaps: 17, Moderate gaps: 0, Weak areas: 0
2026-01-24 20:52:34 - hirelens - INFO - skill_gap_analyzer.py:228 - Skill gaps saved to C:\Users\sharo\HireLens\data\skill_gaps.json
2026-01-24 20:52:34 - hirelens - INFO - course_recommender.py:110 - Generating course recommendations for gap 03a94e79-1d2f-4166-8801-c7b103f7e7d7
2026-01-24 20:52:34 - hirelens - WARNING - course_recommender.py:90 - No courses found for skill: AI
2026-01-24 20:52:34 - hirelens - INFO - course_recommender.py:147 - Found 2 courses for Angular
2026-01-24 20:52:34 - hirelens - WARNING - course_recommender.py:90 - No courses found for skill: CSS
2026-01-24 20:52:34 - hirelens - WARNING - course_recommender.py:90 - No courses found for skill: Documentation
2026-01-24 20:52:34 - hirelens - WARNING - course_recommender.py:90 - No courses found for skill: Firebase
2026-01-24 20:52:34 - hirelens - WARNING - course_recommender.py:90 - No courses found for skill: HTML
2026-01-24 20:52:34 - hirelens - INFO - course_recommender.py:147 - Found 3 courses for Java
2026-01-24 20:52:34 - hirelens - INFO - course_recommender.py:147 - Found 3 courses for Javascript
2026-01-24 20:52:35 - hirelens - WARNING - course_recommender.py:90 - No courses found for skill: Js
2026-01-24 20:52:35 - hirelens - WARNING - course_recommender.py:90 - No courses found for skill: Json
2026-01-24 20:52:35 - hirelens - INFO - course_recommender.py:147 - Found 2 courses for Mongodb
2026-01-24 20:52:35 - hirelens - WARNING - course_recommender.py:90 - No courses found for skill: Mysql
2026-01-24 20:52:35 - hirelens - WARNING - course_recommender.py:90 - No courses found for skill: Node
2026-01-24 20:52:35 - hirelens - INFO - course_recommender.py:147 - Found 2 courses for Node.Js
2026-01-24 20:52:35 - hirelens - INFO - course_recommender.py:147 - Found 3 courses for Python
2026-01-24 20:52:35 - hirelens - INFO - course_recommender.py:147 - Found 3 courses for React
2026-01-24 20:52:35 - hirelens - WARNING - course_recommender.py:90 - No courses found for skill: Vue
2026-01-24 20:52:35 - hirelens - INFO - course_recommender.py:149 - Generated recommendations for 7 skills
2026-01-24 20:52:35 - hirelens - INFO - course_recommender.py:172 - Recommendations saved to C:\Users\sharo\HireLens\data\recommendations.json
2026-01-24 20:52:35 - hirelens - INFO - feedback_generator.py:286 - Generating feedback for evaluation 176629ba-a9f4-4ec7-ac6c-a2f6f2574e83
2026-01-24 20:52:35 - hirelens - INFO - feedback_generator.py:305 - Feedback generated successfully
2026-01-24 20:52:35 - hirelens - INFO - feedback_generator.py:325 - Feedback saved to C:\Users\sharo\HireLens\data\feedback.json
2026-01-24 20:52:35 - hirelens - INFO - routes.py:251 - Batch evaluation complete. Evaluated 10 resumes, avg score: 22.72
2026-01-24 20:52:57 - hirelens - INFO - routes.py:39 - Uploading resume: Mock_Resume_10_Python_Developer.pdf
2026-01-24 20:52:57 - hirelens - INFO - routes.py:55 - File saved to C:\Users\sharo\HireLens\uploads\Mock_Resume_10_Python_Developer.pdf
2026-01-24 20:52:57 - hirelens - INFO - resume_parser.py:363 - Parsing resume: C:\Users\sharo\HireLens\uploads\Mock_Resume_10_Python_Developer.pdf
2026-01-24 20:52:57 - hirelens - ERROR - resume_parser.py:399 - Error extracting resume components: 2 validation errors for Education
degree
  Field required [type=missing, input_value={'year': '2026'}, input_type=dict]
    For further information visit https://errors.pydantic.dev/2.12/v/missing
institution
  Field required [type=missing, input_value={'year': '2026'}, input_type=dict]
    For further information visit https://errors.pydantic.dev/2.12/v/missing
2026-01-24 20:52:57 - hirelens - INFO - resume_parser.py:416 - Resume parsed successfully. Found 0 skills
2026-01-24 20:52:57 - hirelens - INFO - resume_parser.py:436 - Resume saved to C:\Users\sharo\HireLens\data\parsed_resumes.json
2026-01-24 20:52:57 - hirelens - INFO - routes.py:39 - Uploading resume: Mock_Resume_9_UI_UX_Designer.pdf
2026-01-24 20:52:57 - hirelens - INFO - routes.py:55 - File saved to C:\Users\sharo\HireLens\uploads\Mock_Resume_9_UI_UX_Designer.pdf
2026-01-24 20:52:57 - hirelens - INFO - resume_parser.py:363 - Parsing resume: C:\Users\sharo\HireLens\uploads\Mock_Resume_9_UI_UX_Designer.pdf
2026-01-24 20:52:57 - hirelens - ERROR - resume_parser.py:399 - Error extracting resume components: 2 validation errors for Education
degree
  Field required [type=missing, input_value={'year': '2025'}, input_type=dict]
    For further information visit https://errors.pydantic.dev/2.12/v/missing
institution
  Field required [type=missing, input_value={'year': '2025'}, input_type=dict]
    For further information visit https://errors.pydantic.dev/2.12/v/missing
2026-01-24 20:52:57 - hirelens - INFO - resume_parser.py:416 - Resume parsed successfully. Found 0 skills
2026-01-24 20:52:57 - hirelens - INFO - resume_parser.py:436 - Resume saved to C:\Users\sharo\HireLens\data\parsed_resumes.json
2026-01-24 20:52:57 - hirelens - INFO - routes.py:39 - Uploading resume: Mock_Resume_8_Digital_Marketer.pdf
2026-01-24 20:52:57 - hirelens - INFO - routes.py:55 - File saved to C:\Users\sharo\HireLens\uploads\Mock_Resume_8_Digital_Marketer.pdf
2026-01-24 20:52:57 - hirelens - INFO - resume_parser.py:363 - Parsing resume: C:\Users\sharo\HireLens\uploads\Mock_Resume_8_Digital_Marketer.pdf
2026-01-24 20:52:58 - hirelens - ERROR - resume_parser.py:399 - Error extracting resume components: 2 validation errors for Education
degree
  Field required [type=missing, input_value={'year': '2024'}, input_type=dict]
    For further information visit https://errors.pydantic.dev/2.12/v/missing
institution
  Field required [type=missing, input_value={'year': '2024'}, input_type=dict]
    For further information visit https://errors.pydantic.dev/2.12/v/missing
2026-01-24 20:52:58 - hirelens - INFO - resume_parser.py:416 - Resume parsed successfully. Found 0 skills
2026-01-24 20:52:58 - hirelens - INFO - resume_parser.py:436 - Resume saved to C:\Users\sharo\HireLens\data\parsed_resumes.json
2026-01-24 20:52:58 - hirelens - INFO - routes.py:39 - Uploading resume: Mock_Resume_7_React_Developer.pdf
2026-01-24 20:52:58 - hirelens - INFO - routes.py:55 - File saved to C:\Users\sharo\HireLens\uploads\Mock_Resume_7_React_Developer.pdf
2026-01-24 20:52:58 - hirelens - INFO - resume_parser.py:363 - Parsing resume: C:\Users\sharo\HireLens\uploads\Mock_Resume_7_React_Developer.pdf
2026-01-24 20:52:58 - hirelens - ERROR - resume_parser.py:399 - Error extracting resume components: 1 validation error for Education
institution
  Field required [type=missing, input_value={'degree': 'B.Tech CSE, 2025', 'year': '2025'}, input_type=dict]
    For further information visit https://errors.pydantic.dev/2.12/v/missing
2026-01-24 20:52:58 - hirelens - INFO - resume_parser.py:416 - Resume parsed successfully. Found 0 skills
2026-01-24 20:52:58 - hirelens - INFO - resume_parser.py:436 - Resume saved to C:\Users\sharo\HireLens\data\parsed_resumes.json
2026-01-24 20:52:58 - hirelens - INFO - routes.py:39 - Uploading resume: Mock_Resume_6_Java_Developer.pdf
2026-01-24 20:52:58 - hirelens - INFO - routes.py:55 - File saved to C:\Users\sharo\HireLens\uploads\Mock_Resume_6_Java_Developer.pdf
2026-01-24 20:52:58 - hirelens - INFO - resume_parser.py:363 - Parsing resume: C:\Users\sharo\HireLens\uploads\Mock_Resume_6_Java_Developer.pdf
2026-01-24 20:52:58 - hirelens - ERROR - resume_parser.py:399 - Error extracting resume components: 2 validation errors for Education
degree
  Field required [type=missing, input_value={'year': '2026'}, input_type=dict]
    For further information visit https://errors.pydantic.dev/2.12/v/missing
institution
  Field required [type=missing, input_value={'year': '2026'}, input_type=dict]
    For further information visit https://errors.pydantic.dev/2.12/v/missing
2026-01-24 20:52:58 - hirelens - INFO - resume_parser.py:416 - Resume parsed successfully. Found 0 skills
2026-01-24 20:52:58 - hirelens - INFO - resume_parser.py:436 - Resume saved to C:\Users\sharo\HireLens\data\parsed_resumes.json
2026-01-24 20:52:58 - hirelens - INFO - routes.py:39 - Uploading resume: Mock_Resume_5_Data_Analyst.pdf
2026-01-24 20:52:58 - hirelens - INFO - routes.py:55 - File saved to C:\Users\sharo\HireLens\uploads\Mock_Resume_5_Data_Analyst.pdf
2026-01-24 20:52:58 - hirelens - INFO - resume_parser.py:363 - Parsing resume: C:\Users\sharo\HireLens\uploads\Mock_Resume_5_Data_Analyst.pdf
2026-01-24 20:52:58 - hirelens - ERROR - resume_parser.py:399 - Error extracting resume components: 2 validation errors for Education
degree
  Field required [type=missing, input_value={'year': '2025'}, input_type=dict]
    For further information visit https://errors.pydantic.dev/2.12/v/missing
institution
  Field required [type=missing, input_value={'year': '2025'}, input_type=dict]
    For further information visit https://errors.pydantic.dev/2.12/v/missing
2026-01-24 20:52:58 - hirelens - INFO - resume_parser.py:416 - Resume parsed successfully. Found 0 skills
2026-01-24 20:52:58 - hirelens - INFO - resume_parser.py:436 - Resume saved to C:\Users\sharo\HireLens\data\parsed_resumes.json
2026-01-24 20:52:58 - hirelens - INFO - routes.py:39 - Uploading resume: Mock_Resume_4_AI_Intern.pdf
2026-01-24 20:52:58 - hirelens - INFO - routes.py:55 - File saved to C:\Users\sharo\HireLens\uploads\Mock_Resume_4_AI_Intern.pdf
2026-01-24 20:52:58 - hirelens - INFO - resume_parser.py:363 - Parsing resume: C:\Users\sharo\HireLens\uploads\Mock_Resume_4_AI_Intern.pdf
2026-01-24 20:52:58 - hirelens - ERROR - resume_parser.py:399 - Error extracting resume components: 2 validation errors for Education
degree
  Field required [type=missing, input_value={'year': '2026'}, input_type=dict]
    For further information visit https://errors.pydantic.dev/2.12/v/missing
institution
  Field required [type=missing, input_value={'year': '2026'}, input_type=dict]
    For further information visit https://errors.pydantic.dev/2.12/v/missing
2026-01-24 20:52:58 - hirelens - INFO - resume_parser.py:416 - Resume parsed successfully. Found 0 skills
2026-01-24 20:52:58 - hirelens - INFO - resume_parser.py:436 - Resume saved to C:\Users\sharo\HireLens\data\parsed_resumes.json
2026-01-24 20:52:58 - hirelens - INFO - routes.py:39 - Uploading resume: Mock_Resume_3_Backend_Developer.pdf
2026-01-24 20:52:58 - hirelens - INFO - routes.py:55 - File saved to C:\Users\sharo\HireLens\uploads\Mock_Resume_3_Backend_Developer.pdf
2026-01-24 20:52:58 - hirelens - INFO - resume_parser.py:363 - Parsing resume: C:\Users\sharo\HireLens\uploads\Mock_Resume_3_Backend_Developer.pdf
2026-01-24 20:52:58 - hirelens - ERROR - resume_parser.py:399 - Error extracting resume components: 1 validation error for Education
institution
  Field required [type=missing, input_value={'degree': 'B.Tech IT, 2026', 'year': '2026'}, input_type=dict]
    For further information visit https://errors.pydantic.dev/2.12/v/missing
2026-01-24 20:52:58 - hirelens - INFO - resume_parser.py:416 - Resume parsed successfully. Found 0 skills
2026-01-24 20:52:58 - hirelens - INFO - resume_parser.py:436 - Resume saved to C:\Users\sharo\HireLens\data\parsed_resumes.json
2026-01-24 20:52:58 - hirelens - INFO - routes.py:39 - Uploading resume: Mock_Resume_2_Frontend_Developer.pdf
2026-01-24 20:52:58 - hirelens - INFO - routes.py:55 - File saved to C:\Users\sharo\HireLens\uploads\Mock_Resume_2_Frontend_Developer.pdf
2026-01-24 20:52:58 - hirelens - INFO - resume_parser.py:363 - Parsing resume: C:\Users\sharo\HireLens\uploads\Mock_Resume_2_Frontend_Developer.pdf
2026-01-24 20:52:58 - hirelens - ERROR - resume_parser.py:399 - Error extracting resume components: 2 validation errors for Education
degree
  Field required [type=missing, input_value={'year': '2025'}, input_type=dict]
    For further information visit https://errors.pydantic.dev/2.12/v/missing
institution
  Field required [type=missing, input_value={'year': '2025'}, input_type=dict]
    For further information visit https://errors.pydantic.dev/2.12/v/missing
2026-01-24 20:52:58 - hirelens - INFO - resume_parser.py:416 - Resume parsed successfully. Found 0 skills
2026-01-24 20:52:58 - hirelens - INFO - resume_parser.py:436 - Resume saved to C:\Users\sharo\HireLens\data\parsed_resumes.json
2026-01-24 20:52:58 - hirelens - INFO - routes.py:39 - Uploading resume: Mock_Resume_1_Full_Stack_Developer.pdf
2026-01-24 20:52:58 - hirelens - INFO - routes.py:55 - File saved to C:\Users\sharo\HireLens\uploads\Mock_Resume_1_Full_Stack_Developer.pdf
2026-01-24 20:52:58 - hirelens - INFO - resume_parser.py:363 - Parsing resume: C:\Users\sharo\HireLens\uploads\Mock_Resume_1_Full_Stack_Developer.pdf
2026-01-24 20:52:58 - hirelens - ERROR - resume_parser.py:399 - Error extracting resume components: 2 validation errors for Education
degree
  Field required [type=missing, input_value={'year': '2026'}, input_type=dict]
    For further information visit https://errors.pydantic.dev/2.12/v/missing
institution
  Field required [type=missing, input_value={'year': '2026'}, input_type=dict]
    For further information visit https://errors.pydantic.dev/2.12/v/missing
2026-01-24 20:52:58 - hirelens - INFO - resume_parser.py:416 - Resume parsed successfully. Found 0 skills
2026-01-24 20:52:58 - hirelens - INFO - resume_parser.py:436 - Resume saved to C:\Users\sharo\HireLens\data\parsed_resumes.json
2026-01-24 20:52:58 - hirelens - INFO - routes.py:185 - Starting batch evaluation of 10 resumes
2026-01-24 20:52:58 - hirelens - INFO - job_analyzer.py:255 - Analyzing job description...
2026-01-24 20:52:59 - hirelens - WARNING - job_analyzer.py:60 - No required skills found via patterns, scanning entire job description
2026-01-24 20:52:59 - hirelens - INFO - job_analyzer.py:65 - Extracted 17 required skills from job description
2026-01-24 20:52:59 - hirelens - INFO - job_analyzer.py:102 - Extracted 0 preferred skills from job description
2026-01-24 20:52:59 - hirelens - INFO - job_analyzer.py:279 - Job description analyzed. Found 17 required skills, 0 preferred skills
2026-01-24 20:52:59 - hirelens - INFO - job_analyzer.py:300 - Job description saved to C:\Users\sharo\HireLens\data\job_descriptions.json
2026-01-24 20:52:59 - hirelens - INFO - course_recommender.py:34 - Loaded courses for 31 skills
2026-01-24 20:52:59 - hirelens - INFO - routes.py:201 - Evaluating resume: Mock_Resume_10_Python_Developer.pdf
2026-01-24 20:52:59 - hirelens - INFO - routes.py:205 - Parsing resume from C:\Users\sharo\HireLens\uploads\Mock_Resume_10_Python_Developer.pdf
2026-01-24 20:52:59 - hirelens - INFO - resume_parser.py:363 - Parsing resume: C:\Users\sharo\HireLens\uploads\Mock_Resume_10_Python_Developer.pdf
2026-01-24 20:52:59 - hirelens - ERROR - resume_parser.py:399 - Error extracting resume components: 2 validation errors for Education
degree
  Field required [type=missing, input_value={'year': '2026'}, input_type=dict]
    For further information visit https://errors.pydantic.dev/2.12/v/missing
institution
  Field required [type=missing, input_value={'year': '2026'}, input_type=dict]
    For further information visit https://errors.pydantic.dev/2.12/v/missing
2026-01-24 20:52:59 - hirelens - INFO - resume_parser.py:416 - Resume parsed successfully. Found 0 skills
2026-01-24 20:52:59 - hirelens - INFO - resume_parser.py:436 - Resume saved to C:\Users\sharo\HireLens\data\parsed_resumes.json
2026-01-24 20:52:59 - hirelens - INFO - evaluation_engine.py:257 - Evaluating resume be3f518e-fc5d-484c-a490-e5492546b5dd against job 944bc135-c8e2-4d57-9826-b4ede9925ea0
2026-01-24 20:52:59 - hirelens - INFO - evaluation_engine.py:267 - Calculating TF-IDF similarity...
2026-01-24 20:52:59 - hirelens - INFO - evaluation_engine.py:269 - TF-IDF score: 0.045
2026-01-24 20:52:59 - hirelens - INFO - evaluation_engine.py:271 - Calculating fuzzy skill match...
2026-01-24 20:52:59 - hirelens - INFO - evaluation_engine.py:273 - Fuzzy match score: 0.000
2026-01-24 20:52:59 - hirelens - INFO - evaluation_engine.py:275 - Calculating embedding similarity...
2026-01-24 20:52:59 - hirelens - INFO - evaluation_engine.py:277 - Embedding score: 0.541
2026-01-24 20:52:59 - hirelens - INFO - evaluation_engine.py:281 - Hybrid score: 22.98
2026-01-24 20:52:59 - hirelens - INFO - evaluation_engine.py:285 - Classification: Not Fit
2026-01-24 20:52:59 - hirelens - INFO - evaluation_engine.py:304 - Evaluation complete. Matched: 0, Missing: 17
2026-01-24 20:52:59 - hirelens - INFO - evaluation_engine.py:324 - Evaluation saved to C:\Users\sharo\HireLens\data\evaluations.json
2026-01-24 20:52:59 - hirelens - INFO - skill_gap_analyzer.py:172 - Analyzing skill gaps for resume be3f518e-fc5d-484c-a490-e5492546b5dd
2026-01-24 20:52:59 - hirelens - INFO - skill_gap_analyzer.py:205 - Skill gap analysis complete. Critical gaps: 17, Moderate gaps: 0, Weak areas: 0
2026-01-24 20:52:59 - hirelens - INFO - skill_gap_analyzer.py:228 - Skill gaps saved to C:\Users\sharo\HireLens\data\skill_gaps.json
2026-01-24 20:52:59 - hirelens - INFO - course_recommender.py:110 - Generating course recommendations for gap e00874b6-9291-4b34-9b4b-81c924915ea5
2026-01-24 20:52:59 - hirelens - WARNING - course_recommender.py:90 - No courses found for skill: AI
2026-01-24 20:52:59 - hirelens - INFO - course_recommender.py:147 - Found 2 courses for Angular
2026-01-24 20:52:59 - hirelens - WARNING - course_recommender.py:90 - No courses found for skill: CSS
2026-01-24 20:52:59 - hirelens - WARNING - course_recommender.py:90 - No courses found for skill: Documentation
2026-01-24 20:52:59 - hirelens - WARNING - course_recommender.py:90 - No courses found for skill: Firebase
2026-01-24 20:52:59 - hirelens - WARNING - course_recommender.py:90 - No courses found for skill: HTML
2026-01-24 20:52:59 - hirelens - INFO - course_recommender.py:147 - Found 3 courses for Java
2026-01-24 20:52:59 - hirelens - INFO - course_recommender.py:147 - Found 3 courses for Javascript
2026-01-24 20:52:59 - hirelens - WARNING - course_recommender.py:90 - No courses found for skill: Js
2026-01-24 20:52:59 - hirelens - WARNING - course_recommender.py:90 - No courses found for skill: Json
2026-01-24 20:52:59 - hirelens - INFO - course_recommender.py:147 - Found 2 courses for Mongodb
2026-01-24 20:52:59 - hirelens - WARNING - course_recommender.py:90 - No courses found for skill: Mysql
2026-01-24 20:52:59 - hirelens - WARNING - course_recommender.py:90 - No courses found for skill: Node
2026-01-24 20:52:59 - hirelens - INFO - course_recommender.py:147 - Found 2 courses for Node.Js
2026-01-24 20:52:59 - hirelens - INFO - course_recommender.py:147 - Found 3 courses for Python
2026-01-24 20:52:59 - hirelens - INFO - course_recommender.py:147 - Found 3 courses for React
2026-01-24 20:52:59 - hirelens - WARNING - course_recommender.py:90 - No courses found for skill: Vue
2026-01-24 20:52:59 - hirelens - INFO - course_recommender.py:149 - Generated recommendations for 7 skills
2026-01-24 20:52:59 - hirelens - INFO - course_recommender.py:172 - Recommendations saved to C:\Users\sharo\HireLens\data\recommendations.json
2026-01-24 20:52:59 - hirelens - INFO - feedback_generator.py:286 - Generating feedback for evaluation 9098c576-84fa-461c-9569-9fe51c315042
2026-01-24 20:52:59 - hirelens - INFO - feedback_generator.py:305 - Feedback generated successfully
2026-01-24 20:52:59 - hirelens - INFO - feedback_generator.py:325 - Feedback saved to C:\Users\sharo\HireLens\data\feedback.json
2026-01-24 20:52:59 - hirelens - INFO - routes.py:201 - Evaluating resume: Mock_Resume_9_UI_UX_Designer.pdf
2026-01-24 20:52:59 - hirelens - INFO - routes.py:205 - Parsing resume from C:\Users\sharo\HireLens\uploads\Mock_Resume_9_UI_UX_Designer.pdf
2026-01-24 20:52:59 - hirelens - INFO - resume_parser.py:363 - Parsing resume: C:\Users\sharo\HireLens\uploads\Mock_Resume_9_UI_UX_Designer.pdf
2026-01-24 20:52:59 - hirelens - ERROR - resume_parser.py:399 - Error extracting resume components: 2 validation errors for Education
degree
  Field required [type=missing, input_value={'year': '2025'}, input_type=dict]
    For further information visit https://errors.pydantic.dev/2.12/v/missing
institution
  Field required [type=missing, input_value={'year': '2025'}, input_type=dict]
    For further information visit https://errors.pydantic.dev/2.12/v/missing
2026-01-24 20:52:59 - hirelens - INFO - resume_parser.py:416 - Resume parsed successfully. Found 0 skills
2026-01-24 20:52:59 - hirelens - INFO - resume_parser.py:436 - Resume saved to C:\Users\sharo\HireLens\data\parsed_resumes.json
2026-01-24 20:52:59 - hirelens - INFO - evaluation_engine.py:257 - Evaluating resume 022dea8a-2b12-43a1-a494-6f3ceec0b728 against job 944bc135-c8e2-4d57-9826-b4ede9925ea0
2026-01-24 20:52:59 - hirelens - INFO - evaluation_engine.py:267 - Calculating TF-IDF similarity...
2026-01-24 20:52:59 - hirelens - INFO - evaluation_engine.py:269 - TF-IDF score: 0.028
2026-01-24 20:52:59 - hirelens - INFO - evaluation_engine.py:271 - Calculating fuzzy skill match...
2026-01-24 20:52:59 - hirelens - INFO - evaluation_engine.py:273 - Fuzzy match score: 0.000
2026-01-24 20:52:59 - hirelens - INFO - evaluation_engine.py:275 - Calculating embedding similarity...
2026-01-24 20:52:59 - hirelens - INFO - evaluation_engine.py:277 - Embedding score: 0.365
2026-01-24 20:52:59 - hirelens - INFO - evaluation_engine.py:281 - Hybrid score: 15.47
2026-01-24 20:52:59 - hirelens - INFO - evaluation_engine.py:285 - Classification: Not Fit
2026-01-24 20:52:59 - hirelens - INFO - evaluation_engine.py:304 - Evaluation complete. Matched: 0, Missing: 17
2026-01-24 20:52:59 - hirelens - INFO - evaluation_engine.py:324 - Evaluation saved to C:\Users\sharo\HireLens\data\evaluations.json
2026-01-24 20:52:59 - hirelens - INFO - skill_gap_analyzer.py:172 - Analyzing skill gaps for resume 022dea8a-2b12-43a1-a494-6f3ceec0b728
2026-01-24 20:52:59 - hirelens - INFO - skill_gap_analyzer.py:205 - Skill gap analysis complete. Critical gaps: 17, Moderate gaps: 0, Weak areas: 0
2026-01-24 20:52:59 - hirelens - INFO - skill_gap_analyzer.py:228 - Skill gaps saved to C:\Users\sharo\HireLens\data\skill_gaps.json
2026-01-24 20:52:59 - hirelens - INFO - course_recommender.py:110 - Generating course recommendations for gap 47ea89db-d14c-4384-8ff2-5f87ebc6f3af
2026-01-24 20:52:59 - hirelens - WARNING - course_recommender.py:90 - No courses found for skill: AI
2026-01-24 20:52:59 - hirelens - INFO - course_recommender.py:147 - Found 2 courses for Angular
2026-01-24 20:52:59 - hirelens - WARNING - course_recommender.py:90 - No courses found for skill: CSS
2026-01-24 20:52:59 - hirelens - WARNING - course_recommender.py:90 - No courses found for skill: Documentation
2026-01-24 20:52:59 - hirelens - WARNING - course_recommender.py:90 - No courses found for skill: Firebase
2026-01-24 20:52:59 - hirelens - WARNING - course_recommender.py:90 - No courses found for skill: HTML
2026-01-24 20:52:59 - hirelens - INFO - course_recommender.py:147 - Found 3 courses for Java
2026-01-24 20:52:59 - hirelens - INFO - course_recommender.py:147 - Found 3 courses for Javascript
2026-01-24 20:52:59 - hirelens - WARNING - course_recommender.py:90 - No courses found for skill: Js
2026-01-24 20:52:59 - hirelens - WARNING - course_recommender.py:90 - No courses found for skill: Json
2026-01-24 20:52:59 - hirelens - INFO - course_recommender.py:147 - Found 2 courses for Mongodb
2026-01-24 20:52:59 - hirelens - WARNING - course_recommender.py:90 - No courses found for skill: Mysql
2026-01-24 20:52:59 - hirelens - WARNING - course_recommender.py:90 - No courses found for skill: Node
2026-01-24 20:52:59 - hirelens - INFO - course_recommender.py:147 - Found 2 courses for Node.Js
2026-01-24 20:52:59 - hirelens - INFO - course_recommender.py:147 - Found 3 courses for Python
2026-01-24 20:52:59 - hirelens - INFO - course_recommender.py:147 - Found 3 courses for React
2026-01-24 20:52:59 - hirelens - WARNING - course_recommender.py:90 - No courses found for skill: Vue
2026-01-24 20:52:59 - hirelens - INFO - course_recommender.py:149 - Generated recommendations for 7 skills
2026-01-24 20:52:59 - hirelens - INFO - course_recommender.py:172 - Recommendations saved to C:\Users\sharo\HireLens\data\recommendations.json
2026-01-24 20:52:59 - hirelens - INFO - feedback_generator.py:286 - Generating feedback for evaluation 40cec3c9-0ffe-4b1f-9bcc-7dd0c81898e5
2026-01-24 20:52:59 - hirelens - INFO - feedback_generator.py:305 - Feedback generated successfully
2026-01-24 20:52:59 - hirelens - INFO - feedback_generator.py:325 - Feedback saved to C:\Users\sharo\HireLens\data\feedback.json
2026-01-24 20:52:59 - hirelens - INFO - routes.py:201 - Evaluating resume: Mock_Resume_8_Digital_Marketer.pdf
2026-01-24 20:52:59 - hirelens - INFO - routes.py:205 - Parsing resume from C:\Users\sharo\HireLens\uploads\Mock_Resume_8_Digital_Marketer.pdf
2026-01-24 20:52:59 - hirelens - INFO - resume_parser.py:363 - Parsing resume: C:\Users\sharo\HireLens\uploads\Mock_Resume_8_Digital_Marketer.pdf
2026-01-24 20:53:00 - hirelens - ERROR - resume_parser.py:399 - Error extracting resume components: 2 validation errors for Education
degree
  Field required [type=missing, input_value={'year': '2024'}, input_type=dict]
    For further information visit https://errors.pydantic.dev/2.12/v/missing
institution
  Field required [type=missing, input_value={'year': '2024'}, input_type=dict]
    For further information visit https://errors.pydantic.dev/2.12/v/missing
2026-01-24 20:53:00 - hirelens - INFO - resume_parser.py:416 - Resume parsed successfully. Found 0 skills
2026-01-24 20:53:00 - hirelens - INFO - resume_parser.py:436 - Resume saved to C:\Users\sharo\HireLens\data\parsed_resumes.json
2026-01-24 20:53:00 - hirelens - INFO - evaluation_engine.py:257 - Evaluating resume 69099dad-799a-4699-8892-d2fbd80c9c4e against job 944bc135-c8e2-4d57-9826-b4ede9925ea0
2026-01-24 20:53:00 - hirelens - INFO - evaluation_engine.py:267 - Calculating TF-IDF similarity...
2026-01-24 20:53:00 - hirelens - INFO - evaluation_engine.py:269 - TF-IDF score: 0.027
2026-01-24 20:53:00 - hirelens - INFO - evaluation_engine.py:271 - Calculating fuzzy skill match...
2026-01-24 20:53:00 - hirelens - INFO - evaluation_engine.py:273 - Fuzzy match score: 0.000
2026-01-24 20:53:00 - hirelens - INFO - evaluation_engine.py:275 - Calculating embedding similarity...
2026-01-24 20:53:00 - hirelens - INFO - evaluation_engine.py:277 - Embedding score: 0.430
2026-01-24 20:53:00 - hirelens - INFO - evaluation_engine.py:281 - Hybrid score: 18.01
2026-01-24 20:53:00 - hirelens - INFO - evaluation_engine.py:285 - Classification: Not Fit
2026-01-24 20:53:00 - hirelens - INFO - evaluation_engine.py:304 - Evaluation complete. Matched: 0, Missing: 17
2026-01-24 20:53:00 - hirelens - INFO - evaluation_engine.py:324 - Evaluation saved to C:\Users\sharo\HireLens\data\evaluations.json
2026-01-24 20:53:00 - hirelens - INFO - skill_gap_analyzer.py:172 - Analyzing skill gaps for resume 69099dad-799a-4699-8892-d2fbd80c9c4e
2026-01-24 20:53:00 - hirelens - INFO - skill_gap_analyzer.py:205 - Skill gap analysis complete. Critical gaps: 17, Moderate gaps: 0, Weak areas: 0
2026-01-24 20:53:00 - hirelens - INFO - skill_gap_analyzer.py:228 - Skill gaps saved to C:\Users\sharo\HireLens\data\skill_gaps.json
2026-01-24 20:53:00 - hirelens - INFO - course_recommender.py:110 - Generating course recommendations for gap aac8bc23-0ba7-4753-a3cb-ba97d0e05764
2026-01-24 20:53:00 - hirelens - WARNING - course_recommender.py:90 - No courses found for skill: AI
2026-01-24 20:53:00 - hirelens - INFO - course_recommender.py:147 - Found 2 courses for Angular
2026-01-24 20:53:00 - hirelens - WARNING - course_recommender.py:90 - No courses found for skill: CSS
2026-01-24 20:53:00 - hirelens - WARNING - course_recommender.py:90 - No courses found for skill: Documentation
2026-01-24 20:53:00 - hirelens - WARNING - course_recommender.py:90 - No courses found for skill: Firebase
2026-01-24 20:53:00 - hirelens - WARNING - course_recommender.py:90 - No courses found for skill: HTML
2026-01-24 20:53:00 - hirelens - INFO - course_recommender.py:147 - Found 3 courses for Java
2026-01-24 20:53:00 - hirelens - INFO - course_recommender.py:147 - Found 3 courses for Javascript
2026-01-24 20:53:00 - hirelens - WARNING - course_recommender.py:90 - No courses found for skill: Js
2026-01-24 20:53:00 - hirelens - WARNING - course_recommender.py:90 - No courses found for skill: Json
2026-01-24 20:53:00 - hirelens - INFO - course_recommender.py:147 - Found 2 courses for Mongodb
2026-01-24 20:53:00 - hirelens - WARNING - course_recommender.py:90 - No courses found for skill: Mysql
2026-01-24 20:53:00 - hirelens - WARNING - course_recommender.py:90 - No courses found for skill: Node
2026-01-24 20:53:00 - hirelens - INFO - course_recommender.py:147 - Found 2 courses for Node.Js
2026-01-24 20:53:00 - hirelens - INFO - course_recommender.py:147 - Found 3 courses for Python
2026-01-24 20:53:00 - hirelens - INFO - course_recommender.py:147 - Found 3 courses for React
2026-01-24 20:53:00 - hirelens - WARNING - course_recommender.py:90 - No courses found for skill: Vue
2026-01-24 20:53:00 - hirelens - INFO - course_recommender.py:149 - Generated recommendations for 7 skills
2026-01-24 20:53:00 - hirelens - INFO - course_recommender.py:172 - Recommendations saved to C:\Users\sharo\HireLens\data\recommendations.json
2026-01-24 20:53:00 - hirelens - INFO - feedback_generator.py:286 - Generating feedback for evaluation aa3c77f5-f601-44e2-a0ea-a7bb2efd8f5f
2026-01-24 20:53:00 - hirelens - INFO - feedback_generator.py:305 - Feedback generated successfully
2026-01-24 20:53:00 - hirelens - INFO - feedback_generator.py:325 - Feedback saved to C:\Users\sharo\HireLens\data\feedback.json
2026-01-24 20:53:00 - hirelens - INFO - routes.py:201 - Evaluating resume: Mock_Resume_7_React_Developer.pdf
2026-01-24 20:53:00 - hirelens - INFO - routes.py:205 - Parsing resume from C:\Users\sharo\HireLens\uploads\Mock_Resume_7_React_Developer.pdf
2026-01-24 20:53:00 - hirelens - INFO - resume_parser.py:363 - Parsing resume: C:\Users\sharo\HireLens\uploads\Mock_Resume_7_React_Developer.pdf
2026-01-24 20:53:00 - hirelens - ERROR - resume_parser.py:399 - Error extracting resume components: 1 validation error for Education
institution
  Field required [type=missing, input_value={'degree': 'B.Tech CSE, 2025', 'year': '2025'}, input_type=dict]
    For further information visit https://errors.pydantic.dev/2.12/v/missing
2026-01-24 20:53:00 - hirelens - INFO - resume_parser.py:416 - Resume parsed successfully. Found 0 skills
2026-01-24 20:53:00 - hirelens - INFO - resume_parser.py:436 - Resume saved to C:\Users\sharo\HireLens\data\parsed_resumes.json
2026-01-24 20:53:00 - hirelens - INFO - evaluation_engine.py:257 - Evaluating resume cefc9e3a-8d0e-4e80-8061-fa96116141d3 against job 944bc135-c8e2-4d57-9826-b4ede9925ea0
2026-01-24 20:53:00 - hirelens - INFO - evaluation_engine.py:267 - Calculating TF-IDF similarity...
2026-01-24 20:53:00 - hirelens - INFO - evaluation_engine.py:269 - TF-IDF score: 0.063
2026-01-24 20:53:00 - hirelens - INFO - evaluation_engine.py:271 - Calculating fuzzy skill match...
2026-01-24 20:53:00 - hirelens - INFO - evaluation_engine.py:273 - Fuzzy match score: 0.000
2026-01-24 20:53:00 - hirelens - INFO - evaluation_engine.py:275 - Calculating embedding similarity...
2026-01-24 20:53:00 - hirelens - INFO - evaluation_engine.py:277 - Embedding score: 0.623
2026-01-24 20:53:00 - hirelens - INFO - evaluation_engine.py:281 - Hybrid score: 26.78
2026-01-24 20:53:00 - hirelens - INFO - evaluation_engine.py:285 - Classification: Not Fit
2026-01-24 20:53:00 - hirelens - INFO - evaluation_engine.py:304 - Evaluation complete. Matched: 0, Missing: 17
2026-01-24 20:53:00 - hirelens - INFO - evaluation_engine.py:324 - Evaluation saved to C:\Users\sharo\HireLens\data\evaluations.json
2026-01-24 20:53:00 - hirelens - INFO - skill_gap_analyzer.py:172 - Analyzing skill gaps for resume cefc9e3a-8d0e-4e80-8061-fa96116141d3
2026-01-24 20:53:00 - hirelens - INFO - skill_gap_analyzer.py:205 - Skill gap analysis complete. Critical gaps: 17, Moderate gaps: 0, Weak areas: 0
2026-01-24 20:53:00 - hirelens - INFO - skill_gap_analyzer.py:228 - Skill gaps saved to C:\Users\sharo\HireLens\data\skill_gaps.json
2026-01-24 20:53:00 - hirelens - INFO - course_recommender.py:110 - Generating course recommendations for gap 993fce76-90d7-4951-b36a-52af2761f66f
2026-01-24 20:53:00 - hirelens - WARNING - course_recommender.py:90 - No courses found for skill: AI
2026-01-24 20:53:00 - hirelens - INFO - course_recommender.py:147 - Found 2 courses for Angular
2026-01-24 20:53:00 - hirelens - WARNING - course_recommender.py:90 - No courses found for skill: CSS
2026-01-24 20:53:00 - hirelens - WARNING - course_recommender.py:90 - No courses found for skill: Documentation
2026-01-24 20:53:00 - hirelens - WARNING - course_recommender.py:90 - No courses found for skill: Firebase
2026-01-24 20:53:00 - hirelens - WARNING - course_recommender.py:90 - No courses found for skill: HTML
2026-01-24 20:53:00 - hirelens - INFO - course_recommender.py:147 - Found 3 courses for Java
2026-01-24 20:53:00 - hirelens - INFO - course_recommender.py:147 - Found 3 courses for Javascript
2026-01-24 20:53:00 - hirelens - WARNING - course_recommender.py:90 - No courses found for skill: Js
2026-01-24 20:53:00 - hirelens - WARNING - course_recommender.py:90 - No courses found for skill: Json
2026-01-24 20:53:00 - hirelens - INFO - course_recommender.py:147 - Found 2 courses for Mongodb
2026-01-24 20:53:00 - hirelens - WARNING - course_recommender.py:90 - No courses found for skill: Mysql
2026-01-24 20:53:00 - hirelens - WARNING - course_recommender.py:90 - No courses found for skill: Node
2026-01-24 20:53:00 - hirelens - INFO - course_recommender.py:147 - Found 2 courses for Node.Js
2026-01-24 20:53:00 - hirelens - INFO - course_recommender.py:147 - Found 3 courses for Python
2026-01-24 20:53:00 - hirelens - INFO - course_recommender.py:147 - Found 3 courses for React
2026-01-24 20:53:00 - hirelens - WARNING - course_recommender.py:90 - No courses found for skill: Vue
2026-01-24 20:53:00 - hirelens - INFO - course_recommender.py:149 - Generated recommendations for 7 skills
2026-01-24 20:53:00 - hirelens - INFO - course_recommender.py:172 - Recommendations saved to C:\Users\sharo\HireLens\data\recommendations.json
2026-01-24 20:53:00 - hirelens - INFO - feedback_generator.py:286 - Generating feedback for evaluation 25c881e3-0362-43f8-b6b9-033397f66d7c
2026-01-24 20:53:00 - hirelens - INFO - feedback_generator.py:305 - Feedback generated successfully
2026-01-24 20:53:00 - hirelens - INFO - feedback_generator.py:325 - Feedback saved to C:\Users\sharo\HireLens\data\feedback.json
2026-01-24 20:53:00 - hirelens - INFO - routes.py:201 - Evaluating resume: Mock_Resume_6_Java_Developer.pdf
2026-01-24 20:53:00 - hirelens - INFO - routes.py:205 - Parsing resume from C:\Users\sharo\HireLens\uploads\Mock_Resume_6_Java_Developer.pdf
2026-01-24 20:53:00 - hirelens - INFO - resume_parser.py:363 - Parsing resume: C:\Users\sharo\HireLens\uploads\Mock_Resume_6_Java_Developer.pdf
2026-01-24 20:53:00 - hirelens - ERROR - resume_parser.py:399 - Error extracting resume components: 2 validation errors for Education
degree
  Field required [type=missing, input_value={'year': '2026'}, input_type=dict]
    For further information visit https://errors.pydantic.dev/2.12/v/missing
institution
  Field required [type=missing, input_value={'year': '2026'}, input_type=dict]
    For further information visit https://errors.pydantic.dev/2.12/v/missing
2026-01-24 20:53:00 - hirelens - INFO - resume_parser.py:416 - Resume parsed successfully. Found 0 skills
2026-01-24 20:53:00 - hirelens - INFO - resume_parser.py:436 - Resume saved to C:\Users\sharo\HireLens\data\parsed_resumes.json
2026-01-24 20:53:00 - hirelens - INFO - evaluation_engine.py:257 - Evaluating resume 248d50f0-5d8b-4f2b-a368-9481361903f1 against job 944bc135-c8e2-4d57-9826-b4ede9925ea0
2026-01-24 20:53:00 - hirelens - INFO - evaluation_engine.py:267 - Calculating TF-IDF similarity...
2026-01-24 20:53:00 - hirelens - INFO - evaluation_engine.py:269 - TF-IDF score: 0.050
2026-01-24 20:53:00 - hirelens - INFO - evaluation_engine.py:271 - Calculating fuzzy skill match...
2026-01-24 20:53:00 - hirelens - INFO - evaluation_engine.py:273 - Fuzzy match score: 0.000
2026-01-24 20:53:00 - hirelens - INFO - evaluation_engine.py:275 - Calculating embedding similarity...
2026-01-24 20:53:00 - hirelens - INFO - evaluation_engine.py:277 - Embedding score: 0.516
2026-01-24 20:53:00 - hirelens - INFO - evaluation_engine.py:281 - Hybrid score: 22.15
2026-01-24 20:53:00 - hirelens - INFO - evaluation_engine.py:285 - Classification: Not Fit
2026-01-24 20:53:00 - hirelens - INFO - evaluation_engine.py:304 - Evaluation complete. Matched: 0, Missing: 17
2026-01-24 20:53:00 - hirelens - INFO - evaluation_engine.py:324 - Evaluation saved to C:\Users\sharo\HireLens\data\evaluations.json
2026-01-24 20:53:00 - hirelens - INFO - skill_gap_analyzer.py:172 - Analyzing skill gaps for resume 248d50f0-5d8b-4f2b-a368-9481361903f1
2026-01-24 20:53:00 - hirelens - INFO - skill_gap_analyzer.py:205 - Skill gap analysis complete. Critical gaps: 17, Moderate gaps: 0, Weak areas: 0
2026-01-24 20:53:01 - hirelens - INFO - skill_gap_analyzer.py:228 - Skill gaps saved to C:\Users\sharo\HireLens\data\skill_gaps.json
2026-01-24 20:53:01 - hirelens - INFO - course_recommender.py:110 - Generating course recommendations for gap b6870e0a-8e2d-4440-a119-91139899da54
2026-01-24 20:53:01 - hirelens - WARNING - course_recommender.py:90 - No courses found for skill: AI
2026-01-24 20:53:01 - hirelens - INFO - course_recommender.py:147 - Found 2 courses for Angular
2026-01-24 20:53:01 - hirelens - WARNING - course_recommender.py:90 - No courses found for skill: CSS
2026-01-24 20:53:01 - hirelens - WARNING - course_recommender.py:90 - No courses found for skill: Documentation
2026-01-24 20:53:01 - hirelens - WARNING - course_recommender.py:90 - No courses found for skill: Firebase
2026-01-24 20:53:01 - hirelens - WARNING - course_recommender.py:90 - No courses found for skill: HTML
2026-01-24 20:53:01 - hirelens - INFO - course_recommender.py:147 - Found 3 courses for Java
2026-01-24 20:53:01 - hirelens - INFO - course_recommender.py:147 - Found 3 courses for Javascript
2026-01-24 20:53:01 - hirelens - WARNING - course_recommender.py:90 - No courses found for skill: Js
2026-01-24 20:53:01 - hirelens - WARNING - course_recommender.py:90 - No courses found for skill: Json
2026-01-24 20:53:01 - hirelens - INFO - course_recommender.py:147 - Found 2 courses for Mongodb
2026-01-24 20:53:01 - hirelens - WARNING - course_recommender.py:90 - No courses found for skill: Mysql
2026-01-24 20:53:01 - hirelens - WARNING - course_recommender.py:90 - No courses found for skill: Node
2026-01-24 20:53:01 - hirelens - INFO - course_recommender.py:147 - Found 2 courses for Node.Js
2026-01-24 20:53:01 - hirelens - INFO - course_recommender.py:147 - Found 3 courses for Python
2026-01-24 20:53:01 - hirelens - INFO - course_recommender.py:147 - Found 3 courses for React
2026-01-24 20:53:01 - hirelens - WARNING - course_recommender.py:90 - No courses found for skill: Vue
2026-01-24 20:53:01 - hirelens - INFO - course_recommender.py:149 - Generated recommendations for 7 skills
2026-01-24 20:53:01 - hirelens - INFO - course_recommender.py:172 - Recommendations saved to C:\Users\sharo\HireLens\data\recommendations.json
2026-01-24 20:53:01 - hirelens - INFO - feedback_generator.py:286 - Generating feedback for evaluation e2b0ae5d-adae-42d5-ab81-52b517409fab
2026-01-24 20:53:01 - hirelens - INFO - feedback_generator.py:305 - Feedback generated successfully
2026-01-24 20:53:01 - hirelens - INFO - feedback_generator.py:325 - Feedback saved to C:\Users\sharo\HireLens\data\feedback.json
2026-01-24 20:53:01 - hirelens - INFO - routes.py:201 - Evaluating resume: Mock_Resume_5_Data_Analyst.pdf
2026-01-24 20:53:01 - hirelens - INFO - routes.py:205 - Parsing resume from C:\Users\sharo\HireLens\uploads\Mock_Resume_5_Data_Analyst.pdf
2026-01-24 20:53:01 - hirelens - INFO - resume_parser.py:363 - Parsing resume: C:\Users\sharo\HireLens\uploads\Mock_Resume_5_Data_Analyst.pdf
2026-01-24 20:53:01 - hirelens - ERROR - resume_parser.py:399 - Error extracting resume components: 2 validation errors for Education
degree
  Field required [type=missing, input_value={'year': '2025'}, input_type=dict]
    For further information visit https://errors.pydantic.dev/2.12/v/missing
institution
  Field required [type=missing, input_value={'year': '2025'}, input_type=dict]
    For further information visit https://errors.pydantic.dev/2.12/v/missing
2026-01-24 20:53:01 - hirelens - INFO - resume_parser.py:416 - Resume parsed successfully. Found 0 skills
2026-01-24 20:53:01 - hirelens - INFO - resume_parser.py:436 - Resume saved to C:\Users\sharo\HireLens\data\parsed_resumes.json
2026-01-24 20:53:01 - hirelens - INFO - evaluation_engine.py:257 - Evaluating resume 05a5fd15-d76c-4d07-8765-28d30faa294f against job 944bc135-c8e2-4d57-9826-b4ede9925ea0
2026-01-24 20:53:01 - hirelens - INFO - evaluation_engine.py:267 - Calculating TF-IDF similarity...
2026-01-24 20:53:01 - hirelens - INFO - evaluation_engine.py:269 - TF-IDF score: 0.032
2026-01-24 20:53:01 - hirelens - INFO - evaluation_engine.py:271 - Calculating fuzzy skill match...
2026-01-24 20:53:01 - hirelens - INFO - evaluation_engine.py:273 - Fuzzy match score: 0.000
2026-01-24 20:53:01 - hirelens - INFO - evaluation_engine.py:275 - Calculating embedding similarity...
2026-01-24 20:53:01 - hirelens - INFO - evaluation_engine.py:277 - Embedding score: 0.437
2026-01-24 20:53:01 - hirelens - INFO - evaluation_engine.py:281 - Hybrid score: 18.43
2026-01-24 20:53:01 - hirelens - INFO - evaluation_engine.py:285 - Classification: Not Fit
2026-01-24 20:53:01 - hirelens - INFO - evaluation_engine.py:304 - Evaluation complete. Matched: 0, Missing: 17
2026-01-24 20:53:01 - hirelens - INFO - evaluation_engine.py:324 - Evaluation saved to C:\Users\sharo\HireLens\data\evaluations.json
2026-01-24 20:53:01 - hirelens - INFO - skill_gap_analyzer.py:172 - Analyzing skill gaps for resume 05a5fd15-d76c-4d07-8765-28d30faa294f
2026-01-24 20:53:01 - hirelens - INFO - skill_gap_analyzer.py:205 - Skill gap analysis complete. Critical gaps: 17, Moderate gaps: 0, Weak areas: 0
2026-01-24 20:53:01 - hirelens - INFO - skill_gap_analyzer.py:228 - Skill gaps saved to C:\Users\sharo\HireLens\data\skill_gaps.json
2026-01-24 20:53:01 - hirelens - INFO - course_recommender.py:110 - Generating course recommendations for gap f2e1ef1e-dfe8-4ae7-9a6b-bcc9d58fd2be
2026-01-24 20:53:01 - hirelens - WARNING - course_recommender.py:90 - No courses found for skill: AI
2026-01-24 20:53:01 - hirelens - INFO - course_recommender.py:147 - Found 2 courses for Angular
2026-01-24 20:53:01 - hirelens - WARNING - course_recommender.py:90 - No courses found for skill: CSS
2026-01-24 20:53:01 - hirelens - WARNING - course_recommender.py:90 - No courses found for skill: Documentation
2026-01-24 20:53:01 - hirelens - WARNING - course_recommender.py:90 - No courses found for skill: Firebase
2026-01-24 20:53:01 - hirelens - WARNING - course_recommender.py:90 - No courses found for skill: HTML
2026-01-24 20:53:01 - hirelens - INFO - course_recommender.py:147 - Found 3 courses for Java
2026-01-24 20:53:01 - hirelens - INFO - course_recommender.py:147 - Found 3 courses for Javascript
2026-01-24 20:53:01 - hirelens - WARNING - course_recommender.py:90 - No courses found for skill: Js
2026-01-24 20:53:01 - hirelens - WARNING - course_recommender.py:90 - No courses found for skill: Json
2026-01-24 20:53:01 - hirelens - INFO - course_recommender.py:147 - Found 2 courses for Mongodb
2026-01-24 20:53:01 - hirelens - WARNING - course_recommender.py:90 - No courses found for skill: Mysql
2026-01-24 20:53:01 - hirelens - WARNING - course_recommender.py:90 - No courses found for skill: Node
2026-01-24 20:53:01 - hirelens - INFO - course_recommender.py:147 - Found 2 courses for Node.Js
2026-01-24 20:53:01 - hirelens - INFO - course_recommender.py:147 - Found 3 courses for Python
2026-01-24 20:53:01 - hirelens - INFO - course_recommender.py:147 - Found 3 courses for React
2026-01-24 20:53:01 - hirelens - WARNING - course_recommender.py:90 - No courses found for skill: Vue
2026-01-24 20:53:01 - hirelens - INFO - course_recommender.py:149 - Generated recommendations for 7 skills
2026-01-24 20:53:01 - hirelens - INFO - course_recommender.py:172 - Recommendations saved to C:\Users\sharo\HireLens\data\recommendations.json
2026-01-24 20:53:01 - hirelens - INFO - feedback_generator.py:286 - Generating feedback for evaluation 1774cb65-0b3d-45a4-ac72-595f6728b9f7
2026-01-24 20:53:01 - hirelens - INFO - feedback_generator.py:305 - Feedback generated successfully
2026-01-24 20:53:01 - hirelens - INFO - feedback_generator.py:325 - Feedback saved to C:\Users\sharo\HireLens\data\feedback.json
2026-01-24 20:53:01 - hirelens - INFO - routes.py:201 - Evaluating resume: Mock_Resume_4_AI_Intern.pdf
2026-01-24 20:53:01 - hirelens - INFO - routes.py:205 - Parsing resume from C:\Users\sharo\HireLens\uploads\Mock_Resume_4_AI_Intern.pdf
2026-01-24 20:53:01 - hirelens - INFO - resume_parser.py:363 - Parsing resume: C:\Users\sharo\HireLens\uploads\Mock_Resume_4_AI_Intern.pdf
2026-01-24 20:53:01 - hirelens - ERROR - resume_parser.py:399 - Error extracting resume components: 2 validation errors for Education
degree
  Field required [type=missing, input_value={'year': '2026'}, input_type=dict]
    For further information visit https://errors.pydantic.dev/2.12/v/missing
institution
  Field required [type=missing, input_value={'year': '2026'}, input_type=dict]
    For further information visit https://errors.pydantic.dev/2.12/v/missing
2026-01-24 20:53:01 - hirelens - INFO - resume_parser.py:416 - Resume parsed successfully. Found 0 skills
2026-01-24 20:53:01 - hirelens - INFO - resume_parser.py:436 - Resume saved to C:\Users\sharo\HireLens\data\parsed_resumes.json
2026-01-24 20:53:01 - hirelens - INFO - evaluation_engine.py:257 - Evaluating resume d5ba0162-1a9a-417d-8427-56d79ee93431 against job 944bc135-c8e2-4d57-9826-b4ede9925ea0
2026-01-24 20:53:01 - hirelens - INFO - evaluation_engine.py:267 - Calculating TF-IDF similarity...
2026-01-24 20:53:01 - hirelens - INFO - evaluation_engine.py:269 - TF-IDF score: 0.042
2026-01-24 20:53:01 - hirelens - INFO - evaluation_engine.py:271 - Calculating fuzzy skill match...
2026-01-24 20:53:01 - hirelens - INFO - evaluation_engine.py:273 - Fuzzy match score: 0.000
2026-01-24 20:53:01 - hirelens - INFO - evaluation_engine.py:275 - Calculating embedding similarity...
2026-01-24 20:53:01 - hirelens - INFO - evaluation_engine.py:277 - Embedding score: 0.426
2026-01-24 20:53:01 - hirelens - INFO - evaluation_engine.py:281 - Hybrid score: 18.31
2026-01-24 20:53:01 - hirelens - INFO - evaluation_engine.py:285 - Classification: Not Fit
2026-01-24 20:53:01 - hirelens - INFO - evaluation_engine.py:304 - Evaluation complete. Matched: 0, Missing: 17
2026-01-24 20:53:01 - hirelens - INFO - evaluation_engine.py:324 - Evaluation saved to C:\Users\sharo\HireLens\data\evaluations.json
2026-01-24 20:53:01 - hirelens - INFO - skill_gap_analyzer.py:172 - Analyzing skill gaps for resume d5ba0162-1a9a-417d-8427-56d79ee93431
2026-01-24 20:53:01 - hirelens - INFO - skill_gap_analyzer.py:205 - Skill gap analysis complete. Critical gaps: 17, Moderate gaps: 0, Weak areas: 0
2026-01-24 20:53:01 - hirelens - INFO - skill_gap_analyzer.py:228 - Skill gaps saved to C:\Users\sharo\HireLens\data\skill_gaps.json
2026-01-24 20:53:01 - hirelens - INFO - course_recommender.py:110 - Generating course recommendations for gap ac295075-e26c-455b-b8d9-b70535d88509
2026-01-24 20:53:01 - hirelens - WARNING - course_recommender.py:90 - No courses found for skill: AI
2026-01-24 20:53:01 - hirelens - INFO - course_recommender.py:147 - Found 2 courses for Angular
2026-01-24 20:53:01 - hirelens - WARNING - course_recommender.py:90 - No courses found for skill: CSS
2026-01-24 20:53:01 - hirelens - WARNING - course_recommender.py:90 - No courses found for skill: Documentation
2026-01-24 20:53:01 - hirelens - WARNING - course_recommender.py:90 - No courses found for skill: Firebase
2026-01-24 20:53:01 - hirelens - WARNING - course_recommender.py:90 - No courses found for skill: HTML
2026-01-24 20:53:01 - hirelens - INFO - course_recommender.py:147 - Found 3 courses for Java
2026-01-24 20:53:01 - hirelens - INFO - course_recommender.py:147 - Found 3 courses for Javascript
2026-01-24 20:53:01 - hirelens - WARNING - course_recommender.py:90 - No courses found for skill: Js
2026-01-24 20:53:01 - hirelens - WARNING - course_recommender.py:90 - No courses found for skill: Json
2026-01-24 20:53:01 - hirelens - INFO - course_recommender.py:147 - Found 2 courses for Mongodb
2026-01-24 20:53:01 - hirelens - WARNING - course_recommender.py:90 - No courses found for skill: Mysql
2026-01-24 20:53:01 - hirelens - WARNING - course_recommender.py:90 - No courses found for skill: Node
2026-01-24 20:53:01 - hirelens - INFO - course_recommender.py:147 - Found 2 courses for Node.Js
2026-01-24 20:53:01 - hirelens - INFO - course_recommender.py:147 - Found 3 courses for Python
2026-01-24 20:53:01 - hirelens - INFO - course_recommender.py:147 - Found 3 courses for React
2026-01-24 20:53:01 - hirelens - WARNING - course_recommender.py:90 - No courses found for skill: Vue
2026-01-24 20:53:01 - hirelens - INFO - course_recommender.py:149 - Generated recommendations for 7 skills
2026-01-24 20:53:01 - hirelens - INFO - course_recommender.py:172 - Recommendations saved to C:\Users\sharo\HireLens\data\recommendations.json
2026-01-24 20:53:01 - hirelens - INFO - feedback_generator.py:286 - Generating feedback for evaluation 0ea3b91a-a9e5-4d34-b4e6-fcb299492313
2026-01-24 20:53:01 - hirelens - INFO - feedback_generator.py:305 - Feedback generated successfully
2026-01-24 20:53:01 - hirelens - INFO - feedback_generator.py:325 - Feedback saved to C:\Users\sharo\HireLens\data\feedback.json
2026-01-24 20:53:01 - hirelens - INFO - routes.py:201 - Evaluating resume: Mock_Resume_3_Backend_Developer.pdf
2026-01-24 20:53:01 - hirelens - INFO - routes.py:205 - Parsing resume from C:\Users\sharo\HireLens\uploads\Mock_Resume_3_Backend_Developer.pdf
2026-01-24 20:53:01 - hirelens - INFO - resume_parser.py:363 - Parsing resume: C:\Users\sharo\HireLens\uploads\Mock_Resume_3_Backend_Developer.pdf
2026-01-24 20:53:01 - hirelens - ERROR - resume_parser.py:399 - Error extracting resume components: 1 validation error for Education
institution
  Field required [type=missing, input_value={'degree': 'B.Tech IT, 2026', 'year': '2026'}, input_type=dict]
    For further information visit https://errors.pydantic.dev/2.12/v/missing
2026-01-24 20:53:01 - hirelens - INFO - resume_parser.py:416 - Resume parsed successfully. Found 0 skills
2026-01-24 20:53:02 - hirelens - INFO - resume_parser.py:436 - Resume saved to C:\Users\sharo\HireLens\data\parsed_resumes.json
2026-01-24 20:53:02 - hirelens - INFO - evaluation_engine.py:257 - Evaluating resume f9adb583-5ab6-4b56-b94c-c96dfea62ff0 against job 944bc135-c8e2-4d57-9826-b4ede9925ea0
2026-01-24 20:53:02 - hirelens - INFO - evaluation_engine.py:267 - Calculating TF-IDF similarity...
2026-01-24 20:53:02 - hirelens - INFO - evaluation_engine.py:269 - TF-IDF score: 0.053
2026-01-24 20:53:02 - hirelens - INFO - evaluation_engine.py:271 - Calculating fuzzy skill match...
2026-01-24 20:53:02 - hirelens - INFO - evaluation_engine.py:273 - Fuzzy match score: 0.000
2026-01-24 20:53:02 - hirelens - INFO - evaluation_engine.py:275 - Calculating embedding similarity...
2026-01-24 20:53:02 - hirelens - INFO - evaluation_engine.py:277 - Embedding score: 0.631
2026-01-24 20:53:02 - hirelens - INFO - evaluation_engine.py:281 - Hybrid score: 26.84
2026-01-24 20:53:02 - hirelens - INFO - evaluation_engine.py:285 - Classification: Not Fit
2026-01-24 20:53:02 - hirelens - INFO - evaluation_engine.py:304 - Evaluation complete. Matched: 0, Missing: 17
2026-01-24 20:53:02 - hirelens - INFO - evaluation_engine.py:324 - Evaluation saved to C:\Users\sharo\HireLens\data\evaluations.json
2026-01-24 20:53:02 - hirelens - INFO - skill_gap_analyzer.py:172 - Analyzing skill gaps for resume f9adb583-5ab6-4b56-b94c-c96dfea62ff0
2026-01-24 20:53:02 - hirelens - INFO - skill_gap_analyzer.py:205 - Skill gap analysis complete. Critical gaps: 17, Moderate gaps: 0, Weak areas: 0
2026-01-24 20:53:02 - hirelens - INFO - skill_gap_analyzer.py:228 - Skill gaps saved to C:\Users\sharo\HireLens\data\skill_gaps.json
2026-01-24 20:53:02 - hirelens - INFO - course_recommender.py:110 - Generating course recommendations for gap 8c850436-cb79-4c33-a54c-a4659fe0675d
2026-01-24 20:53:02 - hirelens - WARNING - course_recommender.py:90 - No courses found for skill: AI
2026-01-24 20:53:02 - hirelens - INFO - course_recommender.py:147 - Found 2 courses for Angular
2026-01-24 20:53:02 - hirelens - WARNING - course_recommender.py:90 - No courses found for skill: CSS
2026-01-24 20:53:02 - hirelens - WARNING - course_recommender.py:90 - No courses found for skill: Documentation
2026-01-24 20:53:02 - hirelens - WARNING - course_recommender.py:90 - No courses found for skill: Firebase
2026-01-24 20:53:02 - hirelens - WARNING - course_recommender.py:90 - No courses found for skill: HTML
2026-01-24 20:53:02 - hirelens - INFO - course_recommender.py:147 - Found 3 courses for Java
2026-01-24 20:53:02 - hirelens - INFO - course_recommender.py:147 - Found 3 courses for Javascript
2026-01-24 20:53:02 - hirelens - WARNING - course_recommender.py:90 - No courses found for skill: Js
2026-01-24 20:53:02 - hirelens - WARNING - course_recommender.py:90 - No courses found for skill: Json
2026-01-24 20:53:02 - hirelens - INFO - course_recommender.py:147 - Found 2 courses for Mongodb
2026-01-24 20:53:02 - hirelens - WARNING - course_recommender.py:90 - No courses found for skill: Mysql
2026-01-24 20:53:02 - hirelens - WARNING - course_recommender.py:90 - No courses found for skill: Node
2026-01-24 20:53:02 - hirelens - INFO - course_recommender.py:147 - Found 2 courses for Node.Js
2026-01-24 20:53:02 - hirelens - INFO - course_recommender.py:147 - Found 3 courses for Python
2026-01-24 20:53:02 - hirelens - INFO - course_recommender.py:147 - Found 3 courses for React
2026-01-24 20:53:02 - hirelens - WARNING - course_recommender.py:90 - No courses found for skill: Vue
2026-01-24 20:53:02 - hirelens - INFO - course_recommender.py:149 - Generated recommendations for 7 skills
2026-01-24 20:53:02 - hirelens - INFO - course_recommender.py:172 - Recommendations saved to C:\Users\sharo\HireLens\data\recommendations.json
2026-01-24 20:53:02 - hirelens - INFO - feedback_generator.py:286 - Generating feedback for evaluation 5ab53c3d-925c-4d27-9691-47f09a828482
2026-01-24 20:53:02 - hirelens - INFO - feedback_generator.py:305 - Feedback generated successfully
2026-01-24 20:53:02 - hirelens - INFO - feedback_generator.py:325 - Feedback saved to C:\Users\sharo\HireLens\data\feedback.json
2026-01-24 20:53:02 - hirelens - INFO - routes.py:201 - Evaluating resume: Mock_Resume_2_Frontend_Developer.pdf
2026-01-24 20:53:02 - hirelens - INFO - routes.py:205 - Parsing resume from C:\Users\sharo\HireLens\uploads\Mock_Resume_2_Frontend_Developer.pdf
2026-01-24 20:53:02 - hirelens - INFO - resume_parser.py:363 - Parsing resume: C:\Users\sharo\HireLens\uploads\Mock_Resume_2_Frontend_Developer.pdf
2026-01-24 20:53:02 - hirelens - ERROR - resume_parser.py:399 - Error extracting resume components: 2 validation errors for Education
degree
  Field required [type=missing, input_value={'year': '2025'}, input_type=dict]
    For further information visit https://errors.pydantic.dev/2.12/v/missing
institution
  Field required [type=missing, input_value={'year': '2025'}, input_type=dict]
    For further information visit https://errors.pydantic.dev/2.12/v/missing
2026-01-24 20:53:02 - hirelens - INFO - resume_parser.py:416 - Resume parsed successfully. Found 0 skills
2026-01-24 20:53:02 - hirelens - INFO - resume_parser.py:436 - Resume saved to C:\Users\sharo\HireLens\data\parsed_resumes.json
2026-01-24 20:53:02 - hirelens - INFO - evaluation_engine.py:257 - Evaluating resume 4ca3f8ca-ee6c-4f8c-a307-a34326d6a5d9 against job 944bc135-c8e2-4d57-9826-b4ede9925ea0
2026-01-24 20:53:02 - hirelens - INFO - evaluation_engine.py:267 - Calculating TF-IDF similarity...
2026-01-24 20:53:02 - hirelens - INFO - evaluation_engine.py:269 - TF-IDF score: 0.103
2026-01-24 20:53:02 - hirelens - INFO - evaluation_engine.py:271 - Calculating fuzzy skill match...
2026-01-24 20:53:02 - hirelens - INFO - evaluation_engine.py:273 - Fuzzy match score: 0.000
2026-01-24 20:53:02 - hirelens - INFO - evaluation_engine.py:275 - Calculating embedding similarity...
2026-01-24 20:53:02 - hirelens - INFO - evaluation_engine.py:277 - Embedding score: 0.606
2026-01-24 20:53:02 - hirelens - INFO - evaluation_engine.py:281 - Hybrid score: 27.30
2026-01-24 20:53:02 - hirelens - INFO - evaluation_engine.py:285 - Classification: Not Fit
2026-01-24 20:53:02 - hirelens - INFO - evaluation_engine.py:304 - Evaluation complete. Matched: 0, Missing: 17
2026-01-24 20:53:02 - hirelens - INFO - evaluation_engine.py:324 - Evaluation saved to C:\Users\sharo\HireLens\data\evaluations.json
2026-01-24 20:53:02 - hirelens - INFO - skill_gap_analyzer.py:172 - Analyzing skill gaps for resume 4ca3f8ca-ee6c-4f8c-a307-a34326d6a5d9
2026-01-24 20:53:02 - hirelens - INFO - skill_gap_analyzer.py:205 - Skill gap analysis complete. Critical gaps: 17, Moderate gaps: 0, Weak areas: 0
2026-01-24 20:53:02 - hirelens - INFO - skill_gap_analyzer.py:228 - Skill gaps saved to C:\Users\sharo\HireLens\data\skill_gaps.json
2026-01-24 20:53:02 - hirelens - INFO - course_recommender.py:110 - Generating course recommendations for gap 596fd05d-ee29-4ed3-a4f5-b61a858b2f61
2026-01-24 20:53:02 - hirelens - WARNING - course_recommender.py:90 - No courses found for skill: AI
2026-01-24 20:53:02 - hirelens - INFO - course_recommender.py:147 - Found 2 courses for Angular
2026-01-24 20:53:02 - hirelens - WARNING - course_recommender.py:90 - No courses found for skill: CSS
2026-01-24 20:53:02 - hirelens - WARNING - course_recommender.py:90 - No courses found for skill: Documentation
2026-01-24 20:53:02 - hirelens - WARNING - course_recommender.py:90 - No courses found for skill: Firebase
2026-01-24 20:53:02 - hirelens - WARNING - course_recommender.py:90 - No courses found for skill: HTML
2026-01-24 20:53:02 - hirelens - INFO - course_recommender.py:147 - Found 3 courses for Java
2026-01-24 20:53:02 - hirelens - INFO - course_recommender.py:147 - Found 3 courses for Javascript
2026-01-24 20:53:02 - hirelens - WARNING - course_recommender.py:90 - No courses found for skill: Js
2026-01-24 20:53:02 - hirelens - WARNING - course_recommender.py:90 - No courses found for skill: Json
2026-01-24 20:53:02 - hirelens - INFO - course_recommender.py:147 - Found 2 courses for Mongodb
2026-01-24 20:53:02 - hirelens - WARNING - course_recommender.py:90 - No courses found for skill: Mysql
2026-01-24 20:53:02 - hirelens - WARNING - course_recommender.py:90 - No courses found for skill: Node
2026-01-24 20:53:02 - hirelens - INFO - course_recommender.py:147 - Found 2 courses for Node.Js
2026-01-24 20:53:02 - hirelens - INFO - course_recommender.py:147 - Found 3 courses for Python
2026-01-24 20:53:02 - hirelens - INFO - course_recommender.py:147 - Found 3 courses for React
2026-01-24 20:53:02 - hirelens - WARNING - course_recommender.py:90 - No courses found for skill: Vue
2026-01-24 20:53:02 - hirelens - INFO - course_recommender.py:149 - Generated recommendations for 7 skills
2026-01-24 20:53:02 - hirelens - INFO - course_recommender.py:172 - Recommendations saved to C:\Users\sharo\HireLens\data\recommendations.json
2026-01-24 20:53:02 - hirelens - INFO - feedback_generator.py:286 - Generating feedback for evaluation 9f98918a-7a2d-4398-9da3-0f8fafcaf78a
2026-01-24 20:53:02 - hirelens - INFO - feedback_generator.py:305 - Feedback generated successfully
2026-01-24 20:53:02 - hirelens - INFO - feedback_generator.py:325 - Feedback saved to C:\Users\sharo\HireLens\data\feedback.json
2026-01-24 20:53:02 - hirelens - INFO - routes.py:201 - Evaluating resume: Mock_Resume_1_Full_Stack_Developer.pdf
2026-01-24 20:53:02 - hirelens - INFO - routes.py:205 - Parsing resume from C:\Users\sharo\HireLens\uploads\Mock_Resume_1_Full_Stack_Developer.pdf
2026-01-24 20:53:02 - hirelens - INFO - resume_parser.py:363 - Parsing resume: C:\Users\sharo\HireLens\uploads\Mock_Resume_1_Full_Stack_Developer.pdf
2026-01-24 20:53:02 - hirelens - ERROR - resume_parser.py:399 - Error extracting resume components: 2 validation errors for Education
degree
  Field required [type=missing, input_value={'year': '2026'}, input_type=dict]
    For further information visit https://errors.pydantic.dev/2.12/v/missing
institution
  Field required [type=missing, input_value={'year': '2026'}, input_type=dict]
    For further information visit https://errors.pydantic.dev/2.12/v/missing
2026-01-24 20:53:02 - hirelens - INFO - resume_parser.py:416 - Resume parsed successfully. Found 0 skills
2026-01-24 20:53:02 - hirelens - INFO - resume_parser.py:436 - Resume saved to C:\Users\sharo\HireLens\data\parsed_resumes.json
2026-01-24 20:53:02 - hirelens - INFO - evaluation_engine.py:257 - Evaluating resume 5ba0aa61-fd35-497a-8af2-8ff357639195 against job 944bc135-c8e2-4d57-9826-b4ede9925ea0
2026-01-24 20:53:02 - hirelens - INFO - evaluation_engine.py:267 - Calculating TF-IDF similarity...
2026-01-24 20:53:02 - hirelens - INFO - evaluation_engine.py:269 - TF-IDF score: 0.148
2026-01-24 20:53:02 - hirelens - INFO - evaluation_engine.py:271 - Calculating fuzzy skill match...
2026-01-24 20:53:02 - hirelens - INFO - evaluation_engine.py:273 - Fuzzy match score: 0.000
2026-01-24 20:53:02 - hirelens - INFO - evaluation_engine.py:275 - Calculating embedding similarity...
2026-01-24 20:53:02 - hirelens - INFO - evaluation_engine.py:277 - Embedding score: 0.661
2026-01-24 20:53:02 - hirelens - INFO - evaluation_engine.py:281 - Hybrid score: 30.89
2026-01-24 20:53:02 - hirelens - INFO - evaluation_engine.py:285 - Classification: Not Fit
2026-01-24 20:53:02 - hirelens - INFO - evaluation_engine.py:304 - Evaluation complete. Matched: 0, Missing: 17
2026-01-24 20:53:02 - hirelens - INFO - evaluation_engine.py:324 - Evaluation saved to C:\Users\sharo\HireLens\data\evaluations.json
2026-01-24 20:53:02 - hirelens - INFO - skill_gap_analyzer.py:172 - Analyzing skill gaps for resume 5ba0aa61-fd35-497a-8af2-8ff357639195
2026-01-24 20:53:02 - hirelens - INFO - skill_gap_analyzer.py:205 - Skill gap analysis complete. Critical gaps: 17, Moderate gaps: 0, Weak areas: 0
2026-01-24 20:53:02 - hirelens - INFO - skill_gap_analyzer.py:228 - Skill gaps saved to C:\Users\sharo\HireLens\data\skill_gaps.json
2026-01-24 20:53:02 - hirelens - INFO - course_recommender.py:110 - Generating course recommendations for gap e930fc78-ee0b-4aaa-be13-9ac853d44e55
2026-01-24 20:53:02 - hirelens - WARNING - course_recommender.py:90 - No courses found for skill: AI
2026-01-24 20:53:02 - hirelens - INFO - course_recommender.py:147 - Found 2 courses for Angular
2026-01-24 20:53:02 - hirelens - WARNING - course_recommender.py:90 - No courses found for skill: CSS
2026-01-24 20:53:02 - hirelens - WARNING - course_recommender.py:90 - No courses found for skill: Documentation
2026-01-24 20:53:02 - hirelens - WARNING - course_recommender.py:90 - No courses found for skill: Firebase
2026-01-24 20:53:02 - hirelens - WARNING - course_recommender.py:90 - No courses found for skill: HTML
2026-01-24 20:53:02 - hirelens - INFO - course_recommender.py:147 - Found 3 courses for Java
2026-01-24 20:53:02 - hirelens - INFO - course_recommender.py:147 - Found 3 courses for Javascript
2026-01-24 20:53:02 - hirelens - WARNING - course_recommender.py:90 - No courses found for skill: Js
2026-01-24 20:53:02 - hirelens - WARNING - course_recommender.py:90 - No courses found for skill: Json
2026-01-24 20:53:02 - hirelens - INFO - course_recommender.py:147 - Found 2 courses for Mongodb
2026-01-24 20:53:02 - hirelens - WARNING - course_recommender.py:90 - No courses found for skill: Mysql
2026-01-24 20:53:02 - hirelens - WARNING - course_recommender.py:90 - No courses found for skill: Node
2026-01-24 20:53:02 - hirelens - INFO - course_recommender.py:147 - Found 2 courses for Node.Js
2026-01-24 20:53:02 - hirelens - INFO - course_recommender.py:147 - Found 3 courses for Python
2026-01-24 20:53:02 - hirelens - INFO - course_recommender.py:147 - Found 3 courses for React
2026-01-24 20:53:02 - hirelens - WARNING - course_recommender.py:90 - No courses found for skill: Vue
2026-01-24 20:53:02 - hirelens - INFO - course_recommender.py:149 - Generated recommendations for 7 skills
2026-01-24 20:53:03 - hirelens - INFO - course_recommender.py:172 - Recommendations saved to C:\Users\sharo\HireLens\data\recommendations.json
2026-01-24 20:53:03 - hirelens - INFO - feedback_generator.py:286 - Generating feedback for evaluation cf06689c-95ad-439b-b6bb-02c32c505ee4
2026-01-24 20:53:03 - hirelens - INFO - feedback_generator.py:305 - Feedback generated successfully
2026-01-24 20:53:03 - hirelens - INFO - feedback_generator.py:325 - Feedback saved to C:\Users\sharo\HireLens\data\feedback.json
2026-01-24 20:53:03 - hirelens - INFO - routes.py:251 - Batch evaluation complete. Evaluated 10 resumes, avg score: 22.72
2026-01-24 20:56:37 - hirelens - INFO - routes.py:39 - Uploading resume: Mock_Resume_10_Python_Developer.pdf
2026-01-24 20:56:37 - hirelens - INFO - routes.py:55 - File saved to C:\Users\sharo\HireLens\uploads\Mock_Resume_10_Python_Developer.pdf
2026-01-24 20:56:37 - hirelens - INFO - resume_parser.py:363 - Parsing resume: C:\Users\sharo\HireLens\uploads\Mock_Resume_10_Python_Developer.pdf
2026-01-24 20:56:37 - hirelens - ERROR - resume_parser.py:399 - Error extracting resume components: 2 validation errors for Education
degree
  Field required [type=missing, input_value={'year': '2026'}, input_type=dict]
    For further information visit https://errors.pydantic.dev/2.12/v/missing
institution
  Field required [type=missing, input_value={'year': '2026'}, input_type=dict]
    For further information visit https://errors.pydantic.dev/2.12/v/missing
2026-01-24 20:56:37 - hirelens - INFO - resume_parser.py:416 - Resume parsed successfully. Found 0 skills
2026-01-24 20:56:37 - hirelens - INFO - resume_parser.py:436 - Resume saved to C:\Users\sharo\HireLens\data\parsed_resumes.json
2026-01-24 20:56:37 - hirelens - INFO - routes.py:39 - Uploading resume: Mock_Resume_9_UI_UX_Designer.pdf
2026-01-24 20:56:37 - hirelens - INFO - routes.py:55 - File saved to C:\Users\sharo\HireLens\uploads\Mock_Resume_9_UI_UX_Designer.pdf
2026-01-24 20:56:37 - hirelens - INFO - resume_parser.py:363 - Parsing resume: C:\Users\sharo\HireLens\uploads\Mock_Resume_9_UI_UX_Designer.pdf
2026-01-24 20:56:37 - hirelens - ERROR - resume_parser.py:399 - Error extracting resume components: 2 validation errors for Education
degree
  Field required [type=missing, input_value={'year': '2025'}, input_type=dict]
    For further information visit https://errors.pydantic.dev/2.12/v/missing
institution
  Field required [type=missing, input_value={'year': '2025'}, input_type=dict]
    For further information visit https://errors.pydantic.dev/2.12/v/missing
2026-01-24 20:56:37 - hirelens - INFO - resume_parser.py:416 - Resume parsed successfully. Found 0 skills
2026-01-24 20:56:37 - hirelens - INFO - resume_parser.py:436 - Resume saved to C:\Users\sharo\HireLens\data\parsed_resumes.json
2026-01-24 20:56:37 - hirelens - INFO - routes.py:39 - Uploading resume: Mock_Resume_8_Digital_Marketer.pdf
2026-01-24 20:56:37 - hirelens - INFO - routes.py:55 - File saved to C:\Users\sharo\HireLens\uploads\Mock_Resume_8_Digital_Marketer.pdf
2026-01-24 20:56:37 - hirelens - INFO - resume_parser.py:363 - Parsing resume: C:\Users\sharo\HireLens\uploads\Mock_Resume_8_Digital_Marketer.pdf
2026-01-24 20:56:37 - hirelens - ERROR - resume_parser.py:399 - Error extracting resume components: 2 validation errors for Education
degree
  Field required [type=missing, input_value={'year': '2024'}, input_type=dict]
    For further information visit https://errors.pydantic.dev/2.12/v/missing
institution
  Field required [type=missing, input_value={'year': '2024'}, input_type=dict]
    For further information visit https://errors.pydantic.dev/2.12/v/missing
2026-01-24 20:56:37 - hirelens - INFO - resume_parser.py:416 - Resume parsed successfully. Found 0 skills
2026-01-24 20:56:37 - hirelens - INFO - resume_parser.py:436 - Resume saved to C:\Users\sharo\HireLens\data\parsed_resumes.json
2026-01-24 20:56:37 - hirelens - INFO - routes.py:39 - Uploading resume: Mock_Resume_7_React_Developer.pdf
2026-01-24 20:56:37 - hirelens - INFO - routes.py:55 - File saved to C:\Users\sharo\HireLens\uploads\Mock_Resume_7_React_Developer.pdf
2026-01-24 20:56:37 - hirelens - INFO - resume_parser.py:363 - Parsing resume: C:\Users\sharo\HireLens\uploads\Mock_Resume_7_React_Developer.pdf
2026-01-24 20:56:37 - hirelens - ERROR - resume_parser.py:399 - Error extracting resume components: 1 validation error for Education
institution
  Field required [type=missing, input_value={'degree': 'B.Tech CSE, 2025', 'year': '2025'}, input_type=dict]
    For further information visit https://errors.pydantic.dev/2.12/v/missing
2026-01-24 20:56:37 - hirelens - INFO - resume_parser.py:416 - Resume parsed successfully. Found 0 skills
2026-01-24 20:56:37 - hirelens - INFO - resume_parser.py:436 - Resume saved to C:\Users\sharo\HireLens\data\parsed_resumes.json
2026-01-24 20:56:37 - hirelens - INFO - routes.py:39 - Uploading resume: Mock_Resume_6_Java_Developer.pdf
2026-01-24 20:56:37 - hirelens - INFO - routes.py:55 - File saved to C:\Users\sharo\HireLens\uploads\Mock_Resume_6_Java_Developer.pdf
2026-01-24 20:56:37 - hirelens - INFO - resume_parser.py:363 - Parsing resume: C:\Users\sharo\HireLens\uploads\Mock_Resume_6_Java_Developer.pdf
2026-01-24 20:56:37 - hirelens - ERROR - resume_parser.py:399 - Error extracting resume components: 2 validation errors for Education
degree
  Field required [type=missing, input_value={'year': '2026'}, input_type=dict]
    For further information visit https://errors.pydantic.dev/2.12/v/missing
institution
  Field required [type=missing, input_value={'year': '2026'}, input_type=dict]
    For further information visit https://errors.pydantic.dev/2.12/v/missing
2026-01-24 20:56:37 - hirelens - INFO - resume_parser.py:416 - Resume parsed successfully. Found 0 skills
2026-01-24 20:56:37 - hirelens - INFO - resume_parser.py:436 - Resume saved to C:\Users\sharo\HireLens\data\parsed_resumes.json
2026-01-24 20:56:37 - hirelens - INFO - routes.py:39 - Uploading resume: Mock_Resume_5_Data_Analyst.pdf
2026-01-24 20:56:37 - hirelens - INFO - routes.py:55 - File saved to C:\Users\sharo\HireLens\uploads\Mock_Resume_5_Data_Analyst.pdf
2026-01-24 20:56:37 - hirelens - INFO - resume_parser.py:363 - Parsing resume: C:\Users\sharo\HireLens\uploads\Mock_Resume_5_Data_Analyst.pdf
2026-01-24 20:56:37 - hirelens - ERROR - resume_parser.py:399 - Error extracting resume components: 2 validation errors for Education
degree
  Field required [type=missing, input_value={'year': '2025'}, input_type=dict]
    For further information visit https://errors.pydantic.dev/2.12/v/missing
institution
  Field required [type=missing, input_value={'year': '2025'}, input_type=dict]
    For further information visit https://errors.pydantic.dev/2.12/v/missing
2026-01-24 20:56:37 - hirelens - INFO - resume_parser.py:416 - Resume parsed successfully. Found 0 skills
2026-01-24 20:56:37 - hirelens - INFO - resume_parser.py:436 - Resume saved to C:\Users\sharo\HireLens\data\parsed_resumes.json
2026-01-24 20:56:37 - hirelens - INFO - routes.py:39 - Uploading resume: Mock_Resume_4_AI_Intern.pdf
2026-01-24 20:56:37 - hirelens - INFO - routes.py:55 - File saved to C:\Users\sharo\HireLens\uploads\Mock_Resume_4_AI_Intern.pdf
2026-01-24 20:56:37 - hirelens - INFO - resume_parser.py:363 - Parsing resume: C:\Users\sharo\HireLens\uploads\Mock_Resume_4_AI_Intern.pdf
2026-01-24 20:56:37 - hirelens - ERROR - resume_parser.py:399 - Error extracting resume components: 2 validation errors for Education
degree
  Field required [type=missing, input_value={'year': '2026'}, input_type=dict]
    For further information visit https://errors.pydantic.dev/2.12/v/missing
institution
  Field required [type=missing, input_value={'year': '2026'}, input_type=dict]
    For further information visit https://errors.pydantic.dev/2.12/v/missing
2026-01-24 20:56:37 - hirelens - INFO - resume_parser.py:416 - Resume parsed successfully. Found 0 skills
2026-01-24 20:56:38 - hirelens - INFO - resume_parser.py:436 - Resume saved to C:\Users\sharo\HireLens\data\parsed_resumes.json
2026-01-24 20:56:38 - hirelens - INFO - routes.py:39 - Uploading resume: Mock_Resume_3_Backend_Developer.pdf
2026-01-24 20:56:38 - hirelens - INFO - routes.py:55 - File saved to C:\Users\sharo\HireLens\uploads\Mock_Resume_3_Backend_Developer.pdf
2026-01-24 20:56:38 - hirelens - INFO - resume_parser.py:363 - Parsing resume: C:\Users\sharo\HireLens\uploads\Mock_Resume_3_Backend_Developer.pdf
2026-01-24 20:56:38 - hirelens - ERROR - resume_parser.py:399 - Error extracting resume components: 1 validation error for Education
institution
  Field required [type=missing, input_value={'degree': 'B.Tech IT, 2026', 'year': '2026'}, input_type=dict]
    For further information visit https://errors.pydantic.dev/2.12/v/missing
2026-01-24 20:56:38 - hirelens - INFO - resume_parser.py:416 - Resume parsed successfully. Found 0 skills
2026-01-24 20:56:38 - hirelens - INFO - resume_parser.py:436 - Resume saved to C:\Users\sharo\HireLens\data\parsed_resumes.json
2026-01-24 20:56:38 - hirelens - INFO - routes.py:39 - Uploading resume: Mock_Resume_2_Frontend_Developer.pdf
2026-01-24 20:56:38 - hirelens - INFO - routes.py:55 - File saved to C:\Users\sharo\HireLens\uploads\Mock_Resume_2_Frontend_Developer.pdf
2026-01-24 20:56:38 - hirelens - INFO - resume_parser.py:363 - Parsing resume: C:\Users\sharo\HireLens\uploads\Mock_Resume_2_Frontend_Developer.pdf
2026-01-24 20:56:38 - hirelens - ERROR - resume_parser.py:399 - Error extracting resume components: 2 validation errors for Education
degree
  Field required [type=missing, input_value={'year': '2025'}, input_type=dict]
    For further information visit https://errors.pydantic.dev/2.12/v/missing
institution
  Field required [type=missing, input_value={'year': '2025'}, input_type=dict]
    For further information visit https://errors.pydantic.dev/2.12/v/missing
2026-01-24 20:56:38 - hirelens - INFO - resume_parser.py:416 - Resume parsed successfully. Found 0 skills
2026-01-24 20:56:38 - hirelens - INFO - resume_parser.py:436 - Resume saved to C:\Users\sharo\HireLens\data\parsed_resumes.json
2026-01-24 20:56:38 - hirelens - INFO - routes.py:39 - Uploading resume: Mock_Resume_1_Full_Stack_Developer.pdf
2026-01-24 20:56:38 - hirelens - INFO - routes.py:55 - File saved to C:\Users\sharo\HireLens\uploads\Mock_Resume_1_Full_Stack_Developer.pdf
2026-01-24 20:56:38 - hirelens - INFO - resume_parser.py:363 - Parsing resume: C:\Users\sharo\HireLens\uploads\Mock_Resume_1_Full_Stack_Developer.pdf
2026-01-24 20:56:38 - hirelens - ERROR - resume_parser.py:399 - Error extracting resume components: 2 validation errors for Education
degree
  Field required [type=missing, input_value={'year': '2026'}, input_type=dict]
    For further information visit https://errors.pydantic.dev/2.12/v/missing
institution
  Field required [type=missing, input_value={'year': '2026'}, input_type=dict]
    For further information visit https://errors.pydantic.dev/2.12/v/missing
2026-01-24 20:56:38 - hirelens - INFO - resume_parser.py:416 - Resume parsed successfully. Found 0 skills
2026-01-24 20:56:38 - hirelens - INFO - resume_parser.py:436 - Resume saved to C:\Users\sharo\HireLens\data\parsed_resumes.json
2026-01-24 20:56:38 - hirelens - INFO - routes.py:185 - Starting batch evaluation of 10 resumes
2026-01-24 20:56:38 - hirelens - INFO - job_analyzer.py:255 - Analyzing job description...
2026-01-24 20:56:38 - hirelens - WARNING - job_analyzer.py:60 - No required skills found via patterns, scanning entire job description
2026-01-24 20:56:38 - hirelens - INFO - job_analyzer.py:65 - Extracted 17 required skills from job description
2026-01-24 20:56:38 - hirelens - INFO - job_analyzer.py:102 - Extracted 0 preferred skills from job description
2026-01-24 20:56:38 - hirelens - INFO - job_analyzer.py:279 - Job description analyzed. Found 17 required skills, 0 preferred skills
2026-01-24 20:56:38 - hirelens - INFO - job_analyzer.py:300 - Job description saved to C:\Users\sharo\HireLens\data\job_descriptions.json
2026-01-24 20:56:38 - hirelens - INFO - course_recommender.py:34 - Loaded courses for 31 skills
2026-01-24 20:56:38 - hirelens - INFO - routes.py:201 - Evaluating resume: Mock_Resume_10_Python_Developer.pdf
2026-01-24 20:56:38 - hirelens - INFO - routes.py:205 - Parsing resume from C:\Users\sharo\HireLens\uploads\Mock_Resume_10_Python_Developer.pdf
2026-01-24 20:56:38 - hirelens - INFO - resume_parser.py:363 - Parsing resume: C:\Users\sharo\HireLens\uploads\Mock_Resume_10_Python_Developer.pdf
2026-01-24 20:56:38 - hirelens - ERROR - resume_parser.py:399 - Error extracting resume components: 2 validation errors for Education
degree
  Field required [type=missing, input_value={'year': '2026'}, input_type=dict]
    For further information visit https://errors.pydantic.dev/2.12/v/missing
institution
  Field required [type=missing, input_value={'year': '2026'}, input_type=dict]
    For further information visit https://errors.pydantic.dev/2.12/v/missing
2026-01-24 20:56:38 - hirelens - INFO - resume_parser.py:416 - Resume parsed successfully. Found 0 skills
2026-01-24 20:56:38 - hirelens - INFO - resume_parser.py:436 - Resume saved to C:\Users\sharo\HireLens\data\parsed_resumes.json
2026-01-24 20:56:38 - hirelens - INFO - evaluation_engine.py:257 - Evaluating resume 8cff34bd-995b-4a9d-9a5d-583b4466d660 against job de637257-b2c1-4683-b39e-a964f88ccea3
2026-01-24 20:56:38 - hirelens - INFO - evaluation_engine.py:267 - Calculating TF-IDF similarity...
2026-01-24 20:56:38 - hirelens - INFO - evaluation_engine.py:269 - TF-IDF score: 0.045
2026-01-24 20:56:38 - hirelens - INFO - evaluation_engine.py:271 - Calculating fuzzy skill match...
2026-01-24 20:56:38 - hirelens - INFO - evaluation_engine.py:273 - Fuzzy match score: 0.000
2026-01-24 20:56:38 - hirelens - INFO - evaluation_engine.py:275 - Calculating embedding similarity...
2026-01-24 20:56:38 - hirelens - INFO - evaluation_engine.py:277 - Embedding score: 0.541
2026-01-24 20:56:38 - hirelens - INFO - evaluation_engine.py:281 - Hybrid score: 22.98
2026-01-24 20:56:38 - hirelens - INFO - evaluation_engine.py:285 - Classification: Not Fit
2026-01-24 20:56:38 - hirelens - INFO - evaluation_engine.py:304 - Evaluation complete. Matched: 0, Missing: 17
2026-01-24 20:56:38 - hirelens - INFO - evaluation_engine.py:324 - Evaluation saved to C:\Users\sharo\HireLens\data\evaluations.json
2026-01-24 20:56:38 - hirelens - INFO - skill_gap_analyzer.py:172 - Analyzing skill gaps for resume 8cff34bd-995b-4a9d-9a5d-583b4466d660
2026-01-24 20:56:38 - hirelens - INFO - skill_gap_analyzer.py:205 - Skill gap analysis complete. Critical gaps: 17, Moderate gaps: 0, Weak areas: 0
2026-01-24 20:56:38 - hirelens - INFO - skill_gap_analyzer.py:228 - Skill gaps saved to C:\Users\sharo\HireLens\data\skill_gaps.json
2026-01-24 20:56:38 - hirelens - INFO - course_recommender.py:110 - Generating course recommendations for gap 34acfe80-b886-4569-a1d2-db0dd5bad9f6
2026-01-24 20:56:38 - hirelens - WARNING - course_recommender.py:90 - No courses found for skill: AI
2026-01-24 20:56:38 - hirelens - INFO - course_recommender.py:147 - Found 2 courses for Angular
2026-01-24 20:56:38 - hirelens - WARNING - course_recommender.py:90 - No courses found for skill: CSS
2026-01-24 20:56:38 - hirelens - WARNING - course_recommender.py:90 - No courses found for skill: Documentation
2026-01-24 20:56:38 - hirelens - WARNING - course_recommender.py:90 - No courses found for skill: Firebase
2026-01-24 20:56:38 - hirelens - WARNING - course_recommender.py:90 - No courses found for skill: HTML
2026-01-24 20:56:38 - hirelens - INFO - course_recommender.py:147 - Found 3 courses for Java
2026-01-24 20:56:38 - hirelens - INFO - course_recommender.py:147 - Found 3 courses for Javascript
2026-01-24 20:56:38 - hirelens - WARNING - course_recommender.py:90 - No courses found for skill: Js
2026-01-24 20:56:38 - hirelens - WARNING - course_recommender.py:90 - No courses found for skill: Json
2026-01-24 20:56:38 - hirelens - INFO - course_recommender.py:147 - Found 2 courses for Mongodb
2026-01-24 20:56:38 - hirelens - WARNING - course_recommender.py:90 - No courses found for skill: Mysql
2026-01-24 20:56:38 - hirelens - WARNING - course_recommender.py:90 - No courses found for skill: Node
2026-01-24 20:56:38 - hirelens - INFO - course_recommender.py:147 - Found 2 courses for Node.Js
2026-01-24 20:56:38 - hirelens - INFO - course_recommender.py:147 - Found 3 courses for Python
2026-01-24 20:56:38 - hirelens - INFO - course_recommender.py:147 - Found 3 courses for React
2026-01-24 20:56:38 - hirelens - WARNING - course_recommender.py:90 - No courses found for skill: Vue
2026-01-24 20:56:38 - hirelens - INFO - course_recommender.py:149 - Generated recommendations for 7 skills
2026-01-24 20:56:39 - hirelens - INFO - course_recommender.py:172 - Recommendations saved to C:\Users\sharo\HireLens\data\recommendations.json
2026-01-24 20:56:39 - hirelens - INFO - feedback_generator.py:286 - Generating feedback for evaluation 4594fb79-aed9-488d-871e-7ad2e7a9ea38
2026-01-24 20:56:39 - hirelens - INFO - feedback_generator.py:305 - Feedback generated successfully
2026-01-24 20:56:39 - hirelens - INFO - feedback_generator.py:325 - Feedback saved to C:\Users\sharo\HireLens\data\feedback.json
2026-01-24 20:56:39 - hirelens - INFO - routes.py:201 - Evaluating resume: Mock_Resume_9_UI_UX_Designer.pdf
2026-01-24 20:56:39 - hirelens - INFO - routes.py:205 - Parsing resume from C:\Users\sharo\HireLens\uploads\Mock_Resume_9_UI_UX_Designer.pdf
2026-01-24 20:56:39 - hirelens - INFO - resume_parser.py:363 - Parsing resume: C:\Users\sharo\HireLens\uploads\Mock_Resume_9_UI_UX_Designer.pdf
2026-01-24 20:56:39 - hirelens - ERROR - resume_parser.py:399 - Error extracting resume components: 2 validation errors for Education
degree
  Field required [type=missing, input_value={'year': '2025'}, input_type=dict]
    For further information visit https://errors.pydantic.dev/2.12/v/missing
institution
  Field required [type=missing, input_value={'year': '2025'}, input_type=dict]
    For further information visit https://errors.pydantic.dev/2.12/v/missing
2026-01-24 20:56:39 - hirelens - INFO - resume_parser.py:416 - Resume parsed successfully. Found 0 skills
2026-01-24 20:56:39 - hirelens - INFO - resume_parser.py:436 - Resume saved to C:\Users\sharo\HireLens\data\parsed_resumes.json
2026-01-24 20:56:39 - hirelens - INFO - evaluation_engine.py:257 - Evaluating resume 486378fc-21af-49a9-a4dc-ba7b09734d17 against job de637257-b2c1-4683-b39e-a964f88ccea3
2026-01-24 20:56:39 - hirelens - INFO - evaluation_engine.py:267 - Calculating TF-IDF similarity...
2026-01-24 20:56:39 - hirelens - INFO - evaluation_engine.py:269 - TF-IDF score: 0.028
2026-01-24 20:56:39 - hirelens - INFO - evaluation_engine.py:271 - Calculating fuzzy skill match...
2026-01-24 20:56:39 - hirelens - INFO - evaluation_engine.py:273 - Fuzzy match score: 0.000
2026-01-24 20:56:39 - hirelens - INFO - evaluation_engine.py:275 - Calculating embedding similarity...
2026-01-24 20:56:39 - hirelens - INFO - evaluation_engine.py:277 - Embedding score: 0.365
2026-01-24 20:56:39 - hirelens - INFO - evaluation_engine.py:281 - Hybrid score: 15.47
2026-01-24 20:56:39 - hirelens - INFO - evaluation_engine.py:285 - Classification: Not Fit
2026-01-24 20:56:39 - hirelens - INFO - evaluation_engine.py:304 - Evaluation complete. Matched: 0, Missing: 17
2026-01-24 20:56:39 - hirelens - INFO - evaluation_engine.py:324 - Evaluation saved to C:\Users\sharo\HireLens\data\evaluations.json
2026-01-24 20:56:39 - hirelens - INFO - skill_gap_analyzer.py:172 - Analyzing skill gaps for resume 486378fc-21af-49a9-a4dc-ba7b09734d17
2026-01-24 20:56:39 - hirelens - INFO - skill_gap_analyzer.py:205 - Skill gap analysis complete. Critical gaps: 17, Moderate gaps: 0, Weak areas: 0
2026-01-24 20:56:39 - hirelens - INFO - skill_gap_analyzer.py:228 - Skill gaps saved to C:\Users\sharo\HireLens\data\skill_gaps.json
2026-01-24 20:56:39 - hirelens - INFO - course_recommender.py:110 - Generating course recommendations for gap a13bb721-3ce1-4af5-a8d5-5b28730c7f71
2026-01-24 20:56:39 - hirelens - WARNING - course_recommender.py:90 - No courses found for skill: AI
2026-01-24 20:56:39 - hirelens - INFO - course_recommender.py:147 - Found 2 courses for Angular
2026-01-24 20:56:39 - hirelens - WARNING - course_recommender.py:90 - No courses found for skill: CSS
2026-01-24 20:56:39 - hirelens - WARNING - course_recommender.py:90 - No courses found for skill: Documentation
2026-01-24 20:56:39 - hirelens - WARNING - course_recommender.py:90 - No courses found for skill: Firebase
2026-01-24 20:56:39 - hirelens - WARNING - course_recommender.py:90 - No courses found for skill: HTML
2026-01-24 20:56:39 - hirelens - INFO - course_recommender.py:147 - Found 3 courses for Java
2026-01-24 20:56:39 - hirelens - INFO - course_recommender.py:147 - Found 3 courses for Javascript
2026-01-24 20:56:39 - hirelens - WARNING - course_recommender.py:90 - No courses found for skill: Js
2026-01-24 20:56:39 - hirelens - WARNING - course_recommender.py:90 - No courses found for skill: Json
2026-01-24 20:56:39 - hirelens - INFO - course_recommender.py:147 - Found 2 courses for Mongodb
2026-01-24 20:56:39 - hirelens - WARNING - course_recommender.py:90 - No courses found for skill: Mysql
2026-01-24 20:56:39 - hirelens - WARNING - course_recommender.py:90 - No courses found for skill: Node
2026-01-24 20:56:39 - hirelens - INFO - course_recommender.py:147 - Found 2 courses for Node.Js
2026-01-24 20:56:39 - hirelens - INFO - course_recommender.py:147 - Found 3 courses for Python
2026-01-24 20:56:39 - hirelens - INFO - course_recommender.py:147 - Found 3 courses for React
2026-01-24 20:56:39 - hirelens - WARNING - course_recommender.py:90 - No courses found for skill: Vue
2026-01-24 20:56:39 - hirelens - INFO - course_recommender.py:149 - Generated recommendations for 7 skills
2026-01-24 20:56:39 - hirelens - INFO - course_recommender.py:172 - Recommendations saved to C:\Users\sharo\HireLens\data\recommendations.json
2026-01-24 20:56:39 - hirelens - INFO - feedback_generator.py:286 - Generating feedback for evaluation 0121fa62-75ce-4d7e-9231-73fb94f58bdf
2026-01-24 20:56:39 - hirelens - INFO - feedback_generator.py:305 - Feedback generated successfully
2026-01-24 20:56:39 - hirelens - INFO - feedback_generator.py:325 - Feedback saved to C:\Users\sharo\HireLens\data\feedback.json
2026-01-24 20:56:39 - hirelens - INFO - routes.py:201 - Evaluating resume: Mock_Resume_8_Digital_Marketer.pdf
2026-01-24 20:56:39 - hirelens - INFO - routes.py:205 - Parsing resume from C:\Users\sharo\HireLens\uploads\Mock_Resume_8_Digital_Marketer.pdf
2026-01-24 20:56:39 - hirelens - INFO - resume_parser.py:363 - Parsing resume: C:\Users\sharo\HireLens\uploads\Mock_Resume_8_Digital_Marketer.pdf
2026-01-24 20:56:39 - hirelens - ERROR - resume_parser.py:399 - Error extracting resume components: 2 validation errors for Education
degree
  Field required [type=missing, input_value={'year': '2024'}, input_type=dict]
    For further information visit https://errors.pydantic.dev/2.12/v/missing
institution
  Field required [type=missing, input_value={'year': '2024'}, input_type=dict]
    For further information visit https://errors.pydantic.dev/2.12/v/missing
2026-01-24 20:56:39 - hirelens - INFO - resume_parser.py:416 - Resume parsed successfully. Found 0 skills
2026-01-24 20:56:39 - hirelens - INFO - resume_parser.py:436 - Resume saved to C:\Users\sharo\HireLens\data\parsed_resumes.json
2026-01-24 20:56:39 - hirelens - INFO - evaluation_engine.py:257 - Evaluating resume c84544ff-5679-46bf-a5a3-c0e903f63b76 against job de637257-b2c1-4683-b39e-a964f88ccea3
2026-01-24 20:56:39 - hirelens - INFO - evaluation_engine.py:267 - Calculating TF-IDF similarity...
2026-01-24 20:56:39 - hirelens - INFO - evaluation_engine.py:269 - TF-IDF score: 0.027
2026-01-24 20:56:39 - hirelens - INFO - evaluation_engine.py:271 - Calculating fuzzy skill match...
2026-01-24 20:56:39 - hirelens - INFO - evaluation_engine.py:273 - Fuzzy match score: 0.000
2026-01-24 20:56:39 - hirelens - INFO - evaluation_engine.py:275 - Calculating embedding similarity...
2026-01-24 20:56:39 - hirelens - INFO - evaluation_engine.py:277 - Embedding score: 0.430
2026-01-24 20:56:39 - hirelens - INFO - evaluation_engine.py:281 - Hybrid score: 18.01
2026-01-24 20:56:39 - hirelens - INFO - evaluation_engine.py:285 - Classification: Not Fit
2026-01-24 20:56:39 - hirelens - INFO - evaluation_engine.py:304 - Evaluation complete. Matched: 0, Missing: 17
2026-01-24 20:56:39 - hirelens - INFO - evaluation_engine.py:324 - Evaluation saved to C:\Users\sharo\HireLens\data\evaluations.json
2026-01-24 20:56:39 - hirelens - INFO - skill_gap_analyzer.py:172 - Analyzing skill gaps for resume c84544ff-5679-46bf-a5a3-c0e903f63b76
2026-01-24 20:56:39 - hirelens - INFO - skill_gap_analyzer.py:205 - Skill gap analysis complete. Critical gaps: 17, Moderate gaps: 0, Weak areas: 0
2026-01-24 20:56:39 - hirelens - INFO - skill_gap_analyzer.py:228 - Skill gaps saved to C:\Users\sharo\HireLens\data\skill_gaps.json
2026-01-24 20:56:39 - hirelens - INFO - course_recommender.py:110 - Generating course recommendations for gap 49850ec5-eee1-4002-b505-61d1711b197e
2026-01-24 20:56:39 - hirelens - WARNING - course_recommender.py:90 - No courses found for skill: AI
2026-01-24 20:56:39 - hirelens - INFO - course_recommender.py:147 - Found 2 courses for Angular
2026-01-24 20:56:39 - hirelens - WARNING - course_recommender.py:90 - No courses found for skill: CSS
2026-01-24 20:56:39 - hirelens - WARNING - course_recommender.py:90 - No courses found for skill: Documentation
2026-01-24 20:56:39 - hirelens - WARNING - course_recommender.py:90 - No courses found for skill: Firebase
2026-01-24 20:56:39 - hirelens - WARNING - course_recommender.py:90 - No courses found for skill: HTML
2026-01-24 20:56:39 - hirelens - INFO - course_recommender.py:147 - Found 3 courses for Java
2026-01-24 20:56:39 - hirelens - INFO - course_recommender.py:147 - Found 3 courses for Javascript
2026-01-24 20:56:39 - hirelens - WARNING - course_recommender.py:90 - No courses found for skill: Js
2026-01-24 20:56:39 - hirelens - WARNING - course_recommender.py:90 - No courses found for skill: Json
2026-01-24 20:56:39 - hirelens - INFO - course_recommender.py:147 - Found 2 courses for Mongodb
2026-01-24 20:56:39 - hirelens - WARNING - course_recommender.py:90 - No courses found for skill: Mysql
2026-01-24 20:56:39 - hirelens - WARNING - course_recommender.py:90 - No courses found for skill: Node
2026-01-24 20:56:39 - hirelens - INFO - course_recommender.py:147 - Found 2 courses for Node.Js
2026-01-24 20:56:39 - hirelens - INFO - course_recommender.py:147 - Found 3 courses for Python
2026-01-24 20:56:39 - hirelens - INFO - course_recommender.py:147 - Found 3 courses for React
2026-01-24 20:56:39 - hirelens - WARNING - course_recommender.py:90 - No courses found for skill: Vue
2026-01-24 20:56:39 - hirelens - INFO - course_recommender.py:149 - Generated recommendations for 7 skills
2026-01-24 20:56:39 - hirelens - INFO - course_recommender.py:172 - Recommendations saved to C:\Users\sharo\HireLens\data\recommendations.json
2026-01-24 20:56:39 - hirelens - INFO - feedback_generator.py:286 - Generating feedback for evaluation b9379fd2-5f28-44b4-9f4d-5fe57b1cfd06
2026-01-24 20:56:39 - hirelens - INFO - feedback_generator.py:305 - Feedback generated successfully
2026-01-24 20:56:39 - hirelens - INFO - feedback_generator.py:325 - Feedback saved to C:\Users\sharo\HireLens\data\feedback.json
2026-01-24 20:56:39 - hirelens - INFO - routes.py:201 - Evaluating resume: Mock_Resume_7_React_Developer.pdf
2026-01-24 20:56:39 - hirelens - INFO - routes.py:205 - Parsing resume from C:\Users\sharo\HireLens\uploads\Mock_Resume_7_React_Developer.pdf
2026-01-24 20:56:39 - hirelens - INFO - resume_parser.py:363 - Parsing resume: C:\Users\sharo\HireLens\uploads\Mock_Resume_7_React_Developer.pdf
2026-01-24 20:56:39 - hirelens - ERROR - resume_parser.py:399 - Error extracting resume components: 1 validation error for Education
institution
  Field required [type=missing, input_value={'degree': 'B.Tech CSE, 2025', 'year': '2025'}, input_type=dict]
    For further information visit https://errors.pydantic.dev/2.12/v/missing
2026-01-24 20:56:39 - hirelens - INFO - resume_parser.py:416 - Resume parsed successfully. Found 0 skills
2026-01-24 20:56:40 - hirelens - INFO - resume_parser.py:436 - Resume saved to C:\Users\sharo\HireLens\data\parsed_resumes.json
2026-01-24 20:56:40 - hirelens - INFO - evaluation_engine.py:257 - Evaluating resume 0a69d829-649f-419f-8de4-101954135509 against job de637257-b2c1-4683-b39e-a964f88ccea3
2026-01-24 20:56:40 - hirelens - INFO - evaluation_engine.py:267 - Calculating TF-IDF similarity...
2026-01-24 20:56:40 - hirelens - INFO - evaluation_engine.py:269 - TF-IDF score: 0.063
2026-01-24 20:56:40 - hirelens - INFO - evaluation_engine.py:271 - Calculating fuzzy skill match...
2026-01-24 20:56:40 - hirelens - INFO - evaluation_engine.py:273 - Fuzzy match score: 0.000
2026-01-24 20:56:40 - hirelens - INFO - evaluation_engine.py:275 - Calculating embedding similarity...
2026-01-24 20:56:40 - hirelens - INFO - evaluation_engine.py:277 - Embedding score: 0.623
2026-01-24 20:56:40 - hirelens - INFO - evaluation_engine.py:281 - Hybrid score: 26.78
2026-01-24 20:56:40 - hirelens - INFO - evaluation_engine.py:285 - Classification: Not Fit
2026-01-24 20:56:40 - hirelens - INFO - evaluation_engine.py:304 - Evaluation complete. Matched: 0, Missing: 17
2026-01-24 20:56:40 - hirelens - INFO - evaluation_engine.py:324 - Evaluation saved to C:\Users\sharo\HireLens\data\evaluations.json
2026-01-24 20:56:40 - hirelens - INFO - skill_gap_analyzer.py:172 - Analyzing skill gaps for resume 0a69d829-649f-419f-8de4-101954135509
2026-01-24 20:56:40 - hirelens - INFO - skill_gap_analyzer.py:205 - Skill gap analysis complete. Critical gaps: 17, Moderate gaps: 0, Weak areas: 0
2026-01-24 20:56:40 - hirelens - INFO - skill_gap_analyzer.py:228 - Skill gaps saved to C:\Users\sharo\HireLens\data\skill_gaps.json
2026-01-24 20:56:40 - hirelens - INFO - course_recommender.py:110 - Generating course recommendations for gap 23bd79ca-eee1-4340-a135-be276e9cd620
2026-01-24 20:56:40 - hirelens - WARNING - course_recommender.py:90 - No courses found for skill: AI
2026-01-24 20:56:40 - hirelens - INFO - course_recommender.py:147 - Found 2 courses for Angular
2026-01-24 20:56:40 - hirelens - WARNING - course_recommender.py:90 - No courses found for skill: CSS
2026-01-24 20:56:40 - hirelens - WARNING - course_recommender.py:90 - No courses found for skill: Documentation
2026-01-24 20:56:40 - hirelens - WARNING - course_recommender.py:90 - No courses found for skill: Firebase
2026-01-24 20:56:40 - hirelens - WARNING - course_recommender.py:90 - No courses found for skill: HTML
2026-01-24 20:56:40 - hirelens - INFO - course_recommender.py:147 - Found 3 courses for Java
2026-01-24 20:56:40 - hirelens - INFO - course_recommender.py:147 - Found 3 courses for Javascript
2026-01-24 20:56:40 - hirelens - WARNING - course_recommender.py:90 - No courses found for skill: Js
2026-01-24 20:56:40 - hirelens - WARNING - course_recommender.py:90 - No courses found for skill: Json
2026-01-24 20:56:40 - hirelens - INFO - course_recommender.py:147 - Found 2 courses for Mongodb
2026-01-24 20:56:40 - hirelens - WARNING - course_recommender.py:90 - No courses found for skill: Mysql
2026-01-24 20:56:40 - hirelens - WARNING - course_recommender.py:90 - No courses found for skill: Node
2026-01-24 20:56:40 - hirelens - INFO - course_recommender.py:147 - Found 2 courses for Node.Js
2026-01-24 20:56:40 - hirelens - INFO - course_recommender.py:147 - Found 3 courses for Python
2026-01-24 20:56:40 - hirelens - INFO - course_recommender.py:147 - Found 3 courses for React
2026-01-24 20:56:40 - hirelens - WARNING - course_recommender.py:90 - No courses found for skill: Vue
2026-01-24 20:56:40 - hirelens - INFO - course_recommender.py:149 - Generated recommendations for 7 skills
2026-01-24 20:56:40 - hirelens - INFO - course_recommender.py:172 - Recommendations saved to C:\Users\sharo\HireLens\data\recommendations.json
2026-01-24 20:56:40 - hirelens - INFO - feedback_generator.py:286 - Generating feedback for evaluation 38652f03-6ec6-4884-9fb6-866834400a1d
2026-01-24 20:56:40 - hirelens - INFO - feedback_generator.py:305 - Feedback generated successfully
2026-01-24 20:56:40 - hirelens - INFO - feedback_generator.py:325 - Feedback saved to C:\Users\sharo\HireLens\data\feedback.json
2026-01-24 20:56:40 - hirelens - INFO - routes.py:201 - Evaluating resume: Mock_Resume_6_Java_Developer.pdf
2026-01-24 20:56:40 - hirelens - INFO - routes.py:205 - Parsing resume from C:\Users\sharo\HireLens\uploads\Mock_Resume_6_Java_Developer.pdf
2026-01-24 20:56:40 - hirelens - INFO - resume_parser.py:363 - Parsing resume: C:\Users\sharo\HireLens\uploads\Mock_Resume_6_Java_Developer.pdf
2026-01-24 20:56:40 - hirelens - ERROR - resume_parser.py:399 - Error extracting resume components: 2 validation errors for Education
degree
  Field required [type=missing, input_value={'year': '2026'}, input_type=dict]
    For further information visit https://errors.pydantic.dev/2.12/v/missing
institution
  Field required [type=missing, input_value={'year': '2026'}, input_type=dict]
    For further information visit https://errors.pydantic.dev/2.12/v/missing
2026-01-24 20:56:40 - hirelens - INFO - resume_parser.py:416 - Resume parsed successfully. Found 0 skills
2026-01-24 20:56:40 - hirelens - INFO - resume_parser.py:436 - Resume saved to C:\Users\sharo\HireLens\data\parsed_resumes.json
2026-01-24 20:56:40 - hirelens - INFO - evaluation_engine.py:257 - Evaluating resume 0f7fe588-cf07-4949-951f-11c83474bcf1 against job de637257-b2c1-4683-b39e-a964f88ccea3
2026-01-24 20:56:40 - hirelens - INFO - evaluation_engine.py:267 - Calculating TF-IDF similarity...
2026-01-24 20:56:40 - hirelens - INFO - evaluation_engine.py:269 - TF-IDF score: 0.050
2026-01-24 20:56:40 - hirelens - INFO - evaluation_engine.py:271 - Calculating fuzzy skill match...
2026-01-24 20:56:40 - hirelens - INFO - evaluation_engine.py:273 - Fuzzy match score: 0.000
2026-01-24 20:56:40 - hirelens - INFO - evaluation_engine.py:275 - Calculating embedding similarity...
2026-01-24 20:56:40 - hirelens - INFO - evaluation_engine.py:277 - Embedding score: 0.516
2026-01-24 20:56:40 - hirelens - INFO - evaluation_engine.py:281 - Hybrid score: 22.15
2026-01-24 20:56:40 - hirelens - INFO - evaluation_engine.py:285 - Classification: Not Fit
2026-01-24 20:56:40 - hirelens - INFO - evaluation_engine.py:304 - Evaluation complete. Matched: 0, Missing: 17
2026-01-24 20:56:40 - hirelens - INFO - evaluation_engine.py:324 - Evaluation saved to C:\Users\sharo\HireLens\data\evaluations.json
2026-01-24 20:56:40 - hirelens - INFO - skill_gap_analyzer.py:172 - Analyzing skill gaps for resume 0f7fe588-cf07-4949-951f-11c83474bcf1
2026-01-24 20:56:40 - hirelens - INFO - skill_gap_analyzer.py:205 - Skill gap analysis complete. Critical gaps: 17, Moderate gaps: 0, Weak areas: 0
2026-01-24 20:56:40 - hirelens - INFO - skill_gap_analyzer.py:228 - Skill gaps saved to C:\Users\sharo\HireLens\data\skill_gaps.json
2026-01-24 20:56:40 - hirelens - INFO - course_recommender.py:110 - Generating course recommendations for gap ff56b67c-9b7f-41ed-9fb3-ecef129e8ca1
2026-01-24 20:56:40 - hirelens - WARNING - course_recommender.py:90 - No courses found for skill: AI
2026-01-24 20:56:40 - hirelens - INFO - course_recommender.py:147 - Found 2 courses for Angular
2026-01-24 20:56:40 - hirelens - WARNING - course_recommender.py:90 - No courses found for skill: CSS
2026-01-24 20:56:40 - hirelens - WARNING - course_recommender.py:90 - No courses found for skill: Documentation
2026-01-24 20:56:40 - hirelens - WARNING - course_recommender.py:90 - No courses found for skill: Firebase
2026-01-24 20:56:40 - hirelens - WARNING - course_recommender.py:90 - No courses found for skill: HTML
2026-01-24 20:56:40 - hirelens - INFO - course_recommender.py:147 - Found 3 courses for Java
2026-01-24 20:56:40 - hirelens - INFO - course_recommender.py:147 - Found 3 courses for Javascript
2026-01-24 20:56:40 - hirelens - WARNING - course_recommender.py:90 - No courses found for skill: Js
2026-01-24 20:56:40 - hirelens - WARNING - course_recommender.py:90 - No courses found for skill: Json
2026-01-24 20:56:40 - hirelens - INFO - course_recommender.py:147 - Found 2 courses for Mongodb
2026-01-24 20:56:40 - hirelens - WARNING - course_recommender.py:90 - No courses found for skill: Mysql
2026-01-24 20:56:40 - hirelens - WARNING - course_recommender.py:90 - No courses found for skill: Node
2026-01-24 20:56:40 - hirelens - INFO - course_recommender.py:147 - Found 2 courses for Node.Js
2026-01-24 20:56:40 - hirelens - INFO - course_recommender.py:147 - Found 3 courses for Python
2026-01-24 20:56:40 - hirelens - INFO - course_recommender.py:147 - Found 3 courses for React
2026-01-24 20:56:40 - hirelens - WARNING - course_recommender.py:90 - No courses found for skill: Vue
2026-01-24 20:56:40 - hirelens - INFO - course_recommender.py:149 - Generated recommendations for 7 skills
2026-01-24 20:56:40 - hirelens - INFO - course_recommender.py:172 - Recommendations saved to C:\Users\sharo\HireLens\data\recommendations.json
2026-01-24 20:56:40 - hirelens - INFO - feedback_generator.py:286 - Generating feedback for evaluation 78612050-44cc-4976-8b18-b3aa6cbc5405
2026-01-24 20:56:40 - hirelens - INFO - feedback_generator.py:305 - Feedback generated successfully
2026-01-24 20:56:40 - hirelens - INFO - feedback_generator.py:325 - Feedback saved to C:\Users\sharo\HireLens\data\feedback.json
2026-01-24 20:56:40 - hirelens - INFO - routes.py:201 - Evaluating resume: Mock_Resume_5_Data_Analyst.pdf
2026-01-24 20:56:40 - hirelens - INFO - routes.py:205 - Parsing resume from C:\Users\sharo\HireLens\uploads\Mock_Resume_5_Data_Analyst.pdf
2026-01-24 20:56:40 - hirelens - INFO - resume_parser.py:363 - Parsing resume: C:\Users\sharo\HireLens\uploads\Mock_Resume_5_Data_Analyst.pdf
2026-01-24 20:56:40 - hirelens - ERROR - resume_parser.py:399 - Error extracting resume components: 2 validation errors for Education
degree
  Field required [type=missing, input_value={'year': '2025'}, input_type=dict]
    For further information visit https://errors.pydantic.dev/2.12/v/missing
institution
  Field required [type=missing, input_value={'year': '2025'}, input_type=dict]
    For further information visit https://errors.pydantic.dev/2.12/v/missing
2026-01-24 20:56:40 - hirelens - INFO - resume_parser.py:416 - Resume parsed successfully. Found 0 skills
2026-01-24 20:56:40 - hirelens - INFO - resume_parser.py:436 - Resume saved to C:\Users\sharo\HireLens\data\parsed_resumes.json
2026-01-24 20:56:40 - hirelens - INFO - evaluation_engine.py:257 - Evaluating resume 3d660540-d4d8-4c1f-be26-e517c2251621 against job de637257-b2c1-4683-b39e-a964f88ccea3
2026-01-24 20:56:40 - hirelens - INFO - evaluation_engine.py:267 - Calculating TF-IDF similarity...
2026-01-24 20:56:40 - hirelens - INFO - evaluation_engine.py:269 - TF-IDF score: 0.032
2026-01-24 20:56:40 - hirelens - INFO - evaluation_engine.py:271 - Calculating fuzzy skill match...
2026-01-24 20:56:40 - hirelens - INFO - evaluation_engine.py:273 - Fuzzy match score: 0.000
2026-01-24 20:56:40 - hirelens - INFO - evaluation_engine.py:275 - Calculating embedding similarity...
2026-01-24 20:56:40 - hirelens - INFO - evaluation_engine.py:277 - Embedding score: 0.437
2026-01-24 20:56:40 - hirelens - INFO - evaluation_engine.py:281 - Hybrid score: 18.43
2026-01-24 20:56:40 - hirelens - INFO - evaluation_engine.py:285 - Classification: Not Fit
2026-01-24 20:56:40 - hirelens - INFO - evaluation_engine.py:304 - Evaluation complete. Matched: 0, Missing: 17
2026-01-24 20:56:40 - hirelens - INFO - evaluation_engine.py:324 - Evaluation saved to C:\Users\sharo\HireLens\data\evaluations.json
2026-01-24 20:56:40 - hirelens - INFO - skill_gap_analyzer.py:172 - Analyzing skill gaps for resume 3d660540-d4d8-4c1f-be26-e517c2251621
2026-01-24 20:56:40 - hirelens - INFO - skill_gap_analyzer.py:205 - Skill gap analysis complete. Critical gaps: 17, Moderate gaps: 0, Weak areas: 0
2026-01-24 20:56:41 - hirelens - INFO - skill_gap_analyzer.py:228 - Skill gaps saved to C:\Users\sharo\HireLens\data\skill_gaps.json
2026-01-24 20:56:41 - hirelens - INFO - course_recommender.py:110 - Generating course recommendations for gap 6ea08f90-a217-482f-b9aa-2424a629490e
2026-01-24 20:56:41 - hirelens - WARNING - course_recommender.py:90 - No courses found for skill: AI
2026-01-24 20:56:41 - hirelens - INFO - course_recommender.py:147 - Found 2 courses for Angular
2026-01-24 20:56:41 - hirelens - WARNING - course_recommender.py:90 - No courses found for skill: CSS
2026-01-24 20:56:41 - hirelens - WARNING - course_recommender.py:90 - No courses found for skill: Documentation
2026-01-24 20:56:41 - hirelens - WARNING - course_recommender.py:90 - No courses found for skill: Firebase
2026-01-24 20:56:41 - hirelens - WARNING - course_recommender.py:90 - No courses found for skill: HTML
2026-01-24 20:56:41 - hirelens - INFO - course_recommender.py:147 - Found 3 courses for Java
2026-01-24 20:56:41 - hirelens - INFO - course_recommender.py:147 - Found 3 courses for Javascript
2026-01-24 20:56:41 - hirelens - WARNING - course_recommender.py:90 - No courses found for skill: Js
2026-01-24 20:56:41 - hirelens - WARNING - course_recommender.py:90 - No courses found for skill: Json
2026-01-24 20:56:41 - hirelens - INFO - course_recommender.py:147 - Found 2 courses for Mongodb
2026-01-24 20:56:41 - hirelens - WARNING - course_recommender.py:90 - No courses found for skill: Mysql
2026-01-24 20:56:41 - hirelens - WARNING - course_recommender.py:90 - No courses found for skill: Node
2026-01-24 20:56:41 - hirelens - INFO - course_recommender.py:147 - Found 2 courses for Node.Js
2026-01-24 20:56:41 - hirelens - INFO - course_recommender.py:147 - Found 3 courses for Python
2026-01-24 20:56:41 - hirelens - INFO - course_recommender.py:147 - Found 3 courses for React
2026-01-24 20:56:41 - hirelens - WARNING - course_recommender.py:90 - No courses found for skill: Vue
2026-01-24 20:56:41 - hirelens - INFO - course_recommender.py:149 - Generated recommendations for 7 skills
2026-01-24 20:56:41 - hirelens - INFO - course_recommender.py:172 - Recommendations saved to C:\Users\sharo\HireLens\data\recommendations.json
2026-01-24 20:56:41 - hirelens - INFO - feedback_generator.py:286 - Generating feedback for evaluation 4cc38e36-e84d-4ca6-a564-52d4c71c5a4c
2026-01-24 20:56:41 - hirelens - INFO - feedback_generator.py:305 - Feedback generated successfully
2026-01-24 20:56:41 - hirelens - INFO - feedback_generator.py:325 - Feedback saved to C:\Users\sharo\HireLens\data\feedback.json
2026-01-24 20:56:41 - hirelens - INFO - routes.py:201 - Evaluating resume: Mock_Resume_4_AI_Intern.pdf
2026-01-24 20:56:41 - hirelens - INFO - routes.py:205 - Parsing resume from C:\Users\sharo\HireLens\uploads\Mock_Resume_4_AI_Intern.pdf
2026-01-24 20:56:41 - hirelens - INFO - resume_parser.py:363 - Parsing resume: C:\Users\sharo\HireLens\uploads\Mock_Resume_4_AI_Intern.pdf
2026-01-24 20:56:41 - hirelens - ERROR - resume_parser.py:399 - Error extracting resume components: 2 validation errors for Education
degree
  Field required [type=missing, input_value={'year': '2026'}, input_type=dict]
    For further information visit https://errors.pydantic.dev/2.12/v/missing
institution
  Field required [type=missing, input_value={'year': '2026'}, input_type=dict]
    For further information visit https://errors.pydantic.dev/2.12/v/missing
2026-01-24 20:56:41 - hirelens - INFO - resume_parser.py:416 - Resume parsed successfully. Found 0 skills
2026-01-24 20:56:41 - hirelens - INFO - resume_parser.py:436 - Resume saved to C:\Users\sharo\HireLens\data\parsed_resumes.json
2026-01-24 20:56:41 - hirelens - INFO - evaluation_engine.py:257 - Evaluating resume cb180fc3-b0e1-4242-9a86-bca58756a380 against job de637257-b2c1-4683-b39e-a964f88ccea3
2026-01-24 20:56:41 - hirelens - INFO - evaluation_engine.py:267 - Calculating TF-IDF similarity...
2026-01-24 20:56:41 - hirelens - INFO - evaluation_engine.py:269 - TF-IDF score: 0.042
2026-01-24 20:56:41 - hirelens - INFO - evaluation_engine.py:271 - Calculating fuzzy skill match...
2026-01-24 20:56:41 - hirelens - INFO - evaluation_engine.py:273 - Fuzzy match score: 0.000
2026-01-24 20:56:41 - hirelens - INFO - evaluation_engine.py:275 - Calculating embedding similarity...
2026-01-24 20:56:41 - hirelens - INFO - evaluation_engine.py:277 - Embedding score: 0.426
2026-01-24 20:56:41 - hirelens - INFO - evaluation_engine.py:281 - Hybrid score: 18.31
2026-01-24 20:56:41 - hirelens - INFO - evaluation_engine.py:285 - Classification: Not Fit
2026-01-24 20:56:41 - hirelens - INFO - evaluation_engine.py:304 - Evaluation complete. Matched: 0, Missing: 17
2026-01-24 20:56:41 - hirelens - INFO - evaluation_engine.py:324 - Evaluation saved to C:\Users\sharo\HireLens\data\evaluations.json
2026-01-24 20:56:41 - hirelens - INFO - skill_gap_analyzer.py:172 - Analyzing skill gaps for resume cb180fc3-b0e1-4242-9a86-bca58756a380
2026-01-24 20:56:41 - hirelens - INFO - skill_gap_analyzer.py:205 - Skill gap analysis complete. Critical gaps: 17, Moderate gaps: 0, Weak areas: 0
2026-01-24 20:56:41 - hirelens - INFO - skill_gap_analyzer.py:228 - Skill gaps saved to C:\Users\sharo\HireLens\data\skill_gaps.json
2026-01-24 20:56:41 - hirelens - INFO - course_recommender.py:110 - Generating course recommendations for gap 6d4d9db4-72a5-4b8c-87e6-2fb0016507f0
2026-01-24 20:56:41 - hirelens - WARNING - course_recommender.py:90 - No courses found for skill: AI
2026-01-24 20:56:41 - hirelens - INFO - course_recommender.py:147 - Found 2 courses for Angular
2026-01-24 20:56:41 - hirelens - WARNING - course_recommender.py:90 - No courses found for skill: CSS
2026-01-24 20:56:41 - hirelens - WARNING - course_recommender.py:90 - No courses found for skill: Documentation
2026-01-24 20:56:41 - hirelens - WARNING - course_recommender.py:90 - No courses found for skill: Firebase
2026-01-24 20:56:41 - hirelens - WARNING - course_recommender.py:90 - No courses found for skill: HTML
2026-01-24 20:56:41 - hirelens - INFO - course_recommender.py:147 - Found 3 courses for Java
2026-01-24 20:56:41 - hirelens - INFO - course_recommender.py:147 - Found 3 courses for Javascript
2026-01-24 20:56:41 - hirelens - WARNING - course_recommender.py:90 - No courses found for skill: Js
2026-01-24 20:56:41 - hirelens - WARNING - course_recommender.py:90 - No courses found for skill: Json
2026-01-24 20:56:41 - hirelens - INFO - course_recommender.py:147 - Found 2 courses for Mongodb
2026-01-24 20:56:41 - hirelens - WARNING - course_recommender.py:90 - No courses found for skill: Mysql
2026-01-24 20:56:41 - hirelens - WARNING - course_recommender.py:90 - No courses found for skill: Node
2026-01-24 20:56:41 - hirelens - INFO - course_recommender.py:147 - Found 2 courses for Node.Js
2026-01-24 20:56:41 - hirelens - INFO - course_recommender.py:147 - Found 3 courses for Python
2026-01-24 20:56:41 - hirelens - INFO - course_recommender.py:147 - Found 3 courses for React
2026-01-24 20:56:41 - hirelens - WARNING - course_recommender.py:90 - No courses found for skill: Vue
2026-01-24 20:56:41 - hirelens - INFO - course_recommender.py:149 - Generated recommendations for 7 skills
2026-01-24 20:56:41 - hirelens - INFO - course_recommender.py:172 - Recommendations saved to C:\Users\sharo\HireLens\data\recommendations.json
2026-01-24 20:56:41 - hirelens - INFO - feedback_generator.py:286 - Generating feedback for evaluation 1f91380e-2a4e-4610-a0e6-ac04ed90f7c3
2026-01-24 20:56:41 - hirelens - INFO - feedback_generator.py:305 - Feedback generated successfully
2026-01-24 20:56:41 - hirelens - INFO - feedback_generator.py:325 - Feedback saved to C:\Users\sharo\HireLens\data\feedback.json
2026-01-24 20:56:41 - hirelens - INFO - routes.py:201 - Evaluating resume: Mock_Resume_3_Backend_Developer.pdf
2026-01-24 20:56:41 - hirelens - INFO - routes.py:205 - Parsing resume from C:\Users\sharo\HireLens\uploads\Mock_Resume_3_Backend_Developer.pdf
2026-01-24 20:56:41 - hirelens - INFO - resume_parser.py:363 - Parsing resume: C:\Users\sharo\HireLens\uploads\Mock_Resume_3_Backend_Developer.pdf
2026-01-24 20:56:41 - hirelens - ERROR - resume_parser.py:399 - Error extracting resume components: 1 validation error for Education
institution
  Field required [type=missing, input_value={'degree': 'B.Tech IT, 2026', 'year': '2026'}, input_type=dict]
    For further information visit https://errors.pydantic.dev/2.12/v/missing
2026-01-24 20:56:41 - hirelens - INFO - resume_parser.py:416 - Resume parsed successfully. Found 0 skills
2026-01-24 20:56:41 - hirelens - INFO - resume_parser.py:436 - Resume saved to C:\Users\sharo\HireLens\data\parsed_resumes.json
2026-01-24 20:56:41 - hirelens - INFO - evaluation_engine.py:257 - Evaluating resume 263b6596-e04e-405f-8f4e-089a7e9ed218 against job de637257-b2c1-4683-b39e-a964f88ccea3
2026-01-24 20:56:41 - hirelens - INFO - evaluation_engine.py:267 - Calculating TF-IDF similarity...
2026-01-24 20:56:41 - hirelens - INFO - evaluation_engine.py:269 - TF-IDF score: 0.053
2026-01-24 20:56:41 - hirelens - INFO - evaluation_engine.py:271 - Calculating fuzzy skill match...
2026-01-24 20:56:41 - hirelens - INFO - evaluation_engine.py:273 - Fuzzy match score: 0.000
2026-01-24 20:56:41 - hirelens - INFO - evaluation_engine.py:275 - Calculating embedding similarity...
2026-01-24 20:56:41 - hirelens - INFO - evaluation_engine.py:277 - Embedding score: 0.631
2026-01-24 20:56:41 - hirelens - INFO - evaluation_engine.py:281 - Hybrid score: 26.84
2026-01-24 20:56:41 - hirelens - INFO - evaluation_engine.py:285 - Classification: Not Fit
2026-01-24 20:56:41 - hirelens - INFO - evaluation_engine.py:304 - Evaluation complete. Matched: 0, Missing: 17
2026-01-24 20:56:41 - hirelens - INFO - evaluation_engine.py:324 - Evaluation saved to C:\Users\sharo\HireLens\data\evaluations.json
2026-01-24 20:56:41 - hirelens - INFO - skill_gap_analyzer.py:172 - Analyzing skill gaps for resume 263b6596-e04e-405f-8f4e-089a7e9ed218
2026-01-24 20:56:41 - hirelens - INFO - skill_gap_analyzer.py:205 - Skill gap analysis complete. Critical gaps: 17, Moderate gaps: 0, Weak areas: 0
2026-01-24 20:56:41 - hirelens - INFO - skill_gap_analyzer.py:228 - Skill gaps saved to C:\Users\sharo\HireLens\data\skill_gaps.json
2026-01-24 20:56:41 - hirelens - INFO - course_recommender.py:110 - Generating course recommendations for gap df1cde31-7fc4-4e59-a664-536094c4ee61
2026-01-24 20:56:41 - hirelens - WARNING - course_recommender.py:90 - No courses found for skill: AI
2026-01-24 20:56:41 - hirelens - INFO - course_recommender.py:147 - Found 2 courses for Angular
2026-01-24 20:56:41 - hirelens - WARNING - course_recommender.py:90 - No courses found for skill: CSS
2026-01-24 20:56:41 - hirelens - WARNING - course_recommender.py:90 - No courses found for skill: Documentation
2026-01-24 20:56:41 - hirelens - WARNING - course_recommender.py:90 - No courses found for skill: Firebase
2026-01-24 20:56:41 - hirelens - WARNING - course_recommender.py:90 - No courses found for skill: HTML
2026-01-24 20:56:41 - hirelens - INFO - course_recommender.py:147 - Found 3 courses for Java
2026-01-24 20:56:41 - hirelens - INFO - course_recommender.py:147 - Found 3 courses for Javascript
2026-01-24 20:56:41 - hirelens - WARNING - course_recommender.py:90 - No courses found for skill: Js
2026-01-24 20:56:41 - hirelens - WARNING - course_recommender.py:90 - No courses found for skill: Json
2026-01-24 20:56:41 - hirelens - INFO - course_recommender.py:147 - Found 2 courses for Mongodb
2026-01-24 20:56:41 - hirelens - WARNING - course_recommender.py:90 - No courses found for skill: Mysql
2026-01-24 20:56:41 - hirelens - WARNING - course_recommender.py:90 - No courses found for skill: Node
2026-01-24 20:56:41 - hirelens - INFO - course_recommender.py:147 - Found 2 courses for Node.Js
2026-01-24 20:56:41 - hirelens - INFO - course_recommender.py:147 - Found 3 courses for Python
2026-01-24 20:56:41 - hirelens - INFO - course_recommender.py:147 - Found 3 courses for React
2026-01-24 20:56:41 - hirelens - WARNING - course_recommender.py:90 - No courses found for skill: Vue
2026-01-24 20:56:41 - hirelens - INFO - course_recommender.py:149 - Generated recommendations for 7 skills
2026-01-24 20:56:41 - hirelens - INFO - course_recommender.py:172 - Recommendations saved to C:\Users\sharo\HireLens\data\recommendations.json
2026-01-24 20:56:41 - hirelens - INFO - feedback_generator.py:286 - Generating feedback for evaluation 799e0389-0339-41a2-b76a-2e5e75ff0c34
2026-01-24 20:56:41 - hirelens - INFO - feedback_generator.py:305 - Feedback generated successfully
2026-01-24 20:56:41 - hirelens - INFO - feedback_generator.py:325 - Feedback saved to C:\Users\sharo\HireLens\data\feedback.json
2026-01-24 20:56:41 - hirelens - INFO - routes.py:201 - Evaluating resume: Mock_Resume_2_Frontend_Developer.pdf
2026-01-24 20:56:41 - hirelens - INFO - routes.py:205 - Parsing resume from C:\Users\sharo\HireLens\uploads\Mock_Resume_2_Frontend_Developer.pdf
2026-01-24 20:56:41 - hirelens - INFO - resume_parser.py:363 - Parsing resume: C:\Users\sharo\HireLens\uploads\Mock_Resume_2_Frontend_Developer.pdf
2026-01-24 20:56:42 - hirelens - ERROR - resume_parser.py:399 - Error extracting resume components: 2 validation errors for Education
degree
  Field required [type=missing, input_value={'year': '2025'}, input_type=dict]
    For further information visit https://errors.pydantic.dev/2.12/v/missing
institution
  Field required [type=missing, input_value={'year': '2025'}, input_type=dict]
    For further information visit https://errors.pydantic.dev/2.12/v/missing
2026-01-24 20:56:42 - hirelens - INFO - resume_parser.py:416 - Resume parsed successfully. Found 0 skills
2026-01-24 20:56:42 - hirelens - INFO - resume_parser.py:436 - Resume saved to C:\Users\sharo\HireLens\data\parsed_resumes.json
2026-01-24 20:56:42 - hirelens - INFO - evaluation_engine.py:257 - Evaluating resume 2344ebdf-4950-4f46-aacf-7dffcce9f881 against job de637257-b2c1-4683-b39e-a964f88ccea3
2026-01-24 20:56:42 - hirelens - INFO - evaluation_engine.py:267 - Calculating TF-IDF similarity...
2026-01-24 20:56:42 - hirelens - INFO - evaluation_engine.py:269 - TF-IDF score: 0.103
2026-01-24 20:56:42 - hirelens - INFO - evaluation_engine.py:271 - Calculating fuzzy skill match...
2026-01-24 20:56:42 - hirelens - INFO - evaluation_engine.py:273 - Fuzzy match score: 0.000
2026-01-24 20:56:42 - hirelens - INFO - evaluation_engine.py:275 - Calculating embedding similarity...
2026-01-24 20:56:42 - hirelens - INFO - evaluation_engine.py:277 - Embedding score: 0.606
2026-01-24 20:56:42 - hirelens - INFO - evaluation_engine.py:281 - Hybrid score: 27.30
2026-01-24 20:56:42 - hirelens - INFO - evaluation_engine.py:285 - Classification: Not Fit
2026-01-24 20:56:42 - hirelens - INFO - evaluation_engine.py:304 - Evaluation complete. Matched: 0, Missing: 17
2026-01-24 20:56:42 - hirelens - INFO - evaluation_engine.py:324 - Evaluation saved to C:\Users\sharo\HireLens\data\evaluations.json
2026-01-24 20:56:42 - hirelens - INFO - skill_gap_analyzer.py:172 - Analyzing skill gaps for resume 2344ebdf-4950-4f46-aacf-7dffcce9f881
2026-01-24 20:56:42 - hirelens - INFO - skill_gap_analyzer.py:205 - Skill gap analysis complete. Critical gaps: 17, Moderate gaps: 0, Weak areas: 0
2026-01-24 20:56:42 - hirelens - INFO - skill_gap_analyzer.py:228 - Skill gaps saved to C:\Users\sharo\HireLens\data\skill_gaps.json
2026-01-24 20:56:42 - hirelens - INFO - course_recommender.py:110 - Generating course recommendations for gap 0640b739-c068-461b-9bb3-d5eda46f730f
2026-01-24 20:56:42 - hirelens - WARNING - course_recommender.py:90 - No courses found for skill: AI
2026-01-24 20:56:42 - hirelens - INFO - course_recommender.py:147 - Found 2 courses for Angular
2026-01-24 20:56:42 - hirelens - WARNING - course_recommender.py:90 - No courses found for skill: CSS
2026-01-24 20:56:42 - hirelens - WARNING - course_recommender.py:90 - No courses found for skill: Documentation
2026-01-24 20:56:42 - hirelens - WARNING - course_recommender.py:90 - No courses found for skill: Firebase
2026-01-24 20:56:42 - hirelens - WARNING - course_recommender.py:90 - No courses found for skill: HTML
2026-01-24 20:56:42 - hirelens - INFO - course_recommender.py:147 - Found 3 courses for Java
2026-01-24 20:56:42 - hirelens - INFO - course_recommender.py:147 - Found 3 courses for Javascript
2026-01-24 20:56:42 - hirelens - WARNING - course_recommender.py:90 - No courses found for skill: Js
2026-01-24 20:56:42 - hirelens - WARNING - course_recommender.py:90 - No courses found for skill: Json
2026-01-24 20:56:42 - hirelens - INFO - course_recommender.py:147 - Found 2 courses for Mongodb
2026-01-24 20:56:42 - hirelens - WARNING - course_recommender.py:90 - No courses found for skill: Mysql
2026-01-24 20:56:42 - hirelens - WARNING - course_recommender.py:90 - No courses found for skill: Node
2026-01-24 20:56:42 - hirelens - INFO - course_recommender.py:147 - Found 2 courses for Node.Js
2026-01-24 20:56:42 - hirelens - INFO - course_recommender.py:147 - Found 3 courses for Python
2026-01-24 20:56:42 - hirelens - INFO - course_recommender.py:147 - Found 3 courses for React
2026-01-24 20:56:42 - hirelens - WARNING - course_recommender.py:90 - No courses found for skill: Vue
2026-01-24 20:56:42 - hirelens - INFO - course_recommender.py:149 - Generated recommendations for 7 skills
2026-01-24 20:56:42 - hirelens - INFO - course_recommender.py:172 - Recommendations saved to C:\Users\sharo\HireLens\data\recommendations.json
2026-01-24 20:56:42 - hirelens - INFO - feedback_generator.py:286 - Generating feedback for evaluation 5b8305a7-69b6-4388-a12e-f38d29f4e4f7
2026-01-24 20:56:42 - hirelens - INFO - feedback_generator.py:305 - Feedback generated successfully
2026-01-24 20:56:42 - hirelens - INFO - feedback_generator.py:325 - Feedback saved to C:\Users\sharo\HireLens\data\feedback.json
2026-01-24 20:56:42 - hirelens - INFO - routes.py:201 - Evaluating resume: Mock_Resume_1_Full_Stack_Developer.pdf
2026-01-24 20:56:42 - hirelens - INFO - routes.py:205 - Parsing resume from C:\Users\sharo\HireLens\uploads\Mock_Resume_1_Full_Stack_Developer.pdf
2026-01-24 20:56:42 - hirelens - INFO - resume_parser.py:363 - Parsing resume: C:\Users\sharo\HireLens\uploads\Mock_Resume_1_Full_Stack_Developer.pdf
2026-01-24 20:56:42 - hirelens - ERROR - resume_parser.py:399 - Error extracting resume components: 2 validation errors for Education
degree
  Field required [type=missing, input_value={'year': '2026'}, input_type=dict]
    For further information visit https://errors.pydantic.dev/2.12/v/missing
institution
  Field required [type=missing, input_value={'year': '2026'}, input_type=dict]
    For further information visit https://errors.pydantic.dev/2.12/v/missing
2026-01-24 20:56:42 - hirelens - INFO - resume_parser.py:416 - Resume parsed successfully. Found 0 skills
2026-01-24 20:56:42 - hirelens - INFO - resume_parser.py:436 - Resume saved to C:\Users\sharo\HireLens\data\parsed_resumes.json
2026-01-24 20:56:42 - hirelens - INFO - evaluation_engine.py:257 - Evaluating resume c289f932-c4ad-495a-a596-5ed2dc80caf8 against job de637257-b2c1-4683-b39e-a964f88ccea3
2026-01-24 20:56:42 - hirelens - INFO - evaluation_engine.py:267 - Calculating TF-IDF similarity...
2026-01-24 20:56:42 - hirelens - INFO - evaluation_engine.py:269 - TF-IDF score: 0.148
2026-01-24 20:56:42 - hirelens - INFO - evaluation_engine.py:271 - Calculating fuzzy skill match...
2026-01-24 20:56:42 - hirelens - INFO - evaluation_engine.py:273 - Fuzzy match score: 0.000
2026-01-24 20:56:42 - hirelens - INFO - evaluation_engine.py:275 - Calculating embedding similarity...
2026-01-24 20:56:42 - hirelens - INFO - evaluation_engine.py:277 - Embedding score: 0.661
2026-01-24 20:56:42 - hirelens - INFO - evaluation_engine.py:281 - Hybrid score: 30.89
2026-01-24 20:56:42 - hirelens - INFO - evaluation_engine.py:285 - Classification: Not Fit
2026-01-24 20:56:42 - hirelens - INFO - evaluation_engine.py:304 - Evaluation complete. Matched: 0, Missing: 17
2026-01-24 20:56:42 - hirelens - INFO - evaluation_engine.py:324 - Evaluation saved to C:\Users\sharo\HireLens\data\evaluations.json
2026-01-24 20:56:42 - hirelens - INFO - skill_gap_analyzer.py:172 - Analyzing skill gaps for resume c289f932-c4ad-495a-a596-5ed2dc80caf8
2026-01-24 20:56:42 - hirelens - INFO - skill_gap_analyzer.py:205 - Skill gap analysis complete. Critical gaps: 17, Moderate gaps: 0, Weak areas: 0
2026-01-24 20:56:42 - hirelens - INFO - skill_gap_analyzer.py:228 - Skill gaps saved to C:\Users\sharo\HireLens\data\skill_gaps.json
2026-01-24 20:56:42 - hirelens - INFO - course_recommender.py:110 - Generating course recommendations for gap 430f0f65-3e5a-4faa-8df2-9a7fd42c141b
2026-01-24 20:56:42 - hirelens - WARNING - course_recommender.py:90 - No courses found for skill: AI
2026-01-24 20:56:42 - hirelens - INFO - course_recommender.py:147 - Found 2 courses for Angular
2026-01-24 20:56:42 - hirelens - WARNING - course_recommender.py:90 - No courses found for skill: CSS
2026-01-24 20:56:42 - hirelens - WARNING - course_recommender.py:90 - No courses found for skill: Documentation
2026-01-24 20:56:42 - hirelens - WARNING - course_recommender.py:90 - No courses found for skill: Firebase
2026-01-24 20:56:42 - hirelens - WARNING - course_recommender.py:90 - No courses found for skill: HTML
2026-01-24 20:56:42 - hirelens - INFO - course_recommender.py:147 - Found 3 courses for Java
2026-01-24 20:56:42 - hirelens - INFO - course_recommender.py:147 - Found 3 courses for Javascript
2026-01-24 20:56:42 - hirelens - WARNING - course_recommender.py:90 - No courses found for skill: Js
2026-01-24 20:56:42 - hirelens - WARNING - course_recommender.py:90 - No courses found for skill: Json
2026-01-24 20:56:42 - hirelens - INFO - course_recommender.py:147 - Found 2 courses for Mongodb
2026-01-24 20:56:42 - hirelens - WARNING - course_recommender.py:90 - No courses found for skill: Mysql
2026-01-24 20:56:42 - hirelens - WARNING - course_recommender.py:90 - No courses found for skill: Node
2026-01-24 20:56:42 - hirelens - INFO - course_recommender.py:147 - Found 2 courses for Node.Js
2026-01-24 20:56:42 - hirelens - INFO - course_recommender.py:147 - Found 3 courses for Python
2026-01-24 20:56:42 - hirelens - INFO - course_recommender.py:147 - Found 3 courses for React
2026-01-24 20:56:42 - hirelens - WARNING - course_recommender.py:90 - No courses found for skill: Vue
2026-01-24 20:56:42 - hirelens - INFO - course_recommender.py:149 - Generated recommendations for 7 skills
2026-01-24 20:56:42 - hirelens - INFO - course_recommender.py:172 - Recommendations saved to C:\Users\sharo\HireLens\data\recommendations.json
2026-01-24 20:56:42 - hirelens - INFO - feedback_generator.py:286 - Generating feedback for evaluation 903368ab-bf74-44c3-99b4-cd795a91abcd
2026-01-24 20:56:42 - hirelens - INFO - feedback_generator.py:305 - Feedback generated successfully
2026-01-24 20:56:42 - hirelens - INFO - feedback_generator.py:325 - Feedback saved to C:\Users\sharo\HireLens\data\feedback.json
2026-01-24 20:56:42 - hirelens - INFO - routes.py:251 - Batch evaluation complete. Evaluated 10 resumes, avg score: 22.72
2026-01-24 21:02:45 - hirelens - INFO - routes.py:39 - Uploading resume: Mock_Resume_1_Full_Stack_Developer.pdf
2026-01-24 21:02:45 - hirelens - INFO - routes.py:55 - File saved to C:\Users\sharo\HireLens\uploads\Mock_Resume_1_Full_Stack_Developer.pdf
2026-01-24 21:02:45 - hirelens - INFO - resume_parser.py:363 - Parsing resume: C:\Users\sharo\HireLens\uploads\Mock_Resume_1_Full_Stack_Developer.pdf
2026-01-24 21:02:45 - hirelens - ERROR - resume_parser.py:399 - Error extracting resume components: 2 validation errors for Education
degree
  Field required [type=missing, input_value={'year': '2026'}, input_type=dict]
    For further information visit https://errors.pydantic.dev/2.12/v/missing
institution
  Field required [type=missing, input_value={'year': '2026'}, input_type=dict]
    For further information visit https://errors.pydantic.dev/2.12/v/missing
2026-01-24 21:02:45 - hirelens - INFO - resume_parser.py:416 - Resume parsed successfully. Found 0 skills
2026-01-24 21:02:45 - hirelens - INFO - resume_parser.py:436 - Resume saved to C:\Users\sharo\HireLens\data\parsed_resumes.json
2026-01-24 21:02:45 - hirelens - INFO - routes.py:39 - Uploading resume: Mock_Resume_1_Full_Stack_Fresher.pdf
2026-01-24 21:02:45 - hirelens - INFO - routes.py:55 - File saved to C:\Users\sharo\HireLens\uploads\Mock_Resume_1_Full_Stack_Fresher.pdf
2026-01-24 21:02:45 - hirelens - INFO - resume_parser.py:363 - Parsing resume: C:\Users\sharo\HireLens\uploads\Mock_Resume_1_Full_Stack_Fresher.pdf
2026-01-24 21:02:46 - hirelens - INFO - resume_parser.py:416 - Resume parsed successfully. Found 20 skills
2026-01-24 21:02:46 - hirelens - INFO - resume_parser.py:436 - Resume saved to C:\Users\sharo\HireLens\data\parsed_resumes.json
2026-01-24 21:02:46 - hirelens - INFO - routes.py:39 - Uploading resume: Mock_Resume_2_Frontend_Developer.pdf
2026-01-24 21:02:46 - hirelens - INFO - routes.py:55 - File saved to C:\Users\sharo\HireLens\uploads\Mock_Resume_2_Frontend_Developer.pdf
2026-01-24 21:02:46 - hirelens - INFO - resume_parser.py:363 - Parsing resume: C:\Users\sharo\HireLens\uploads\Mock_Resume_2_Frontend_Developer.pdf
2026-01-24 21:02:46 - hirelens - ERROR - resume_parser.py:399 - Error extracting resume components: 2 validation errors for Education
degree
  Field required [type=missing, input_value={'year': '2025'}, input_type=dict]
    For further information visit https://errors.pydantic.dev/2.12/v/missing
institution
  Field required [type=missing, input_value={'year': '2025'}, input_type=dict]
    For further information visit https://errors.pydantic.dev/2.12/v/missing
2026-01-24 21:02:46 - hirelens - INFO - resume_parser.py:416 - Resume parsed successfully. Found 0 skills
2026-01-24 21:02:46 - hirelens - INFO - resume_parser.py:436 - Resume saved to C:\Users\sharo\HireLens\data\parsed_resumes.json
2026-01-24 21:02:46 - hirelens - INFO - routes.py:39 - Uploading resume: Mock_Resume_2_Full_Stack_Fresher.pdf
2026-01-24 21:02:46 - hirelens - INFO - routes.py:55 - File saved to C:\Users\sharo\HireLens\uploads\Mock_Resume_2_Full_Stack_Fresher.pdf
2026-01-24 21:02:46 - hirelens - INFO - resume_parser.py:363 - Parsing resume: C:\Users\sharo\HireLens\uploads\Mock_Resume_2_Full_Stack_Fresher.pdf
2026-01-24 21:02:46 - hirelens - INFO - resume_parser.py:416 - Resume parsed successfully. Found 21 skills
2026-01-24 21:02:46 - hirelens - INFO - resume_parser.py:436 - Resume saved to C:\Users\sharo\HireLens\data\parsed_resumes.json
2026-01-24 21:02:46 - hirelens - INFO - routes.py:39 - Uploading resume: Mock_Resume_3_Backend_Developer.pdf
2026-01-24 21:02:46 - hirelens - INFO - routes.py:55 - File saved to C:\Users\sharo\HireLens\uploads\Mock_Resume_3_Backend_Developer.pdf
2026-01-24 21:02:46 - hirelens - INFO - resume_parser.py:363 - Parsing resume: C:\Users\sharo\HireLens\uploads\Mock_Resume_3_Backend_Developer.pdf
2026-01-24 21:02:46 - hirelens - ERROR - resume_parser.py:399 - Error extracting resume components: 1 validation error for Education
institution
  Field required [type=missing, input_value={'degree': 'B.Tech IT, 2026', 'year': '2026'}, input_type=dict]
    For further information visit https://errors.pydantic.dev/2.12/v/missing
2026-01-24 21:02:46 - hirelens - INFO - resume_parser.py:416 - Resume parsed successfully. Found 0 skills
2026-01-24 21:02:46 - hirelens - INFO - resume_parser.py:436 - Resume saved to C:\Users\sharo\HireLens\data\parsed_resumes.json
2026-01-24 21:02:46 - hirelens - INFO - routes.py:39 - Uploading resume: Mock_Resume_3_Full_Stack_Fresher.pdf
2026-01-24 21:02:46 - hirelens - INFO - routes.py:55 - File saved to C:\Users\sharo\HireLens\uploads\Mock_Resume_3_Full_Stack_Fresher.pdf
2026-01-24 21:02:46 - hirelens - INFO - resume_parser.py:363 - Parsing resume: C:\Users\sharo\HireLens\uploads\Mock_Resume_3_Full_Stack_Fresher.pdf
2026-01-24 21:02:46 - hirelens - INFO - resume_parser.py:416 - Resume parsed successfully. Found 20 skills
2026-01-24 21:02:46 - hirelens - INFO - resume_parser.py:436 - Resume saved to C:\Users\sharo\HireLens\data\parsed_resumes.json
2026-01-24 21:02:46 - hirelens - INFO - routes.py:39 - Uploading resume: Mock_Resume_4_AI_Intern.pdf
2026-01-24 21:02:46 - hirelens - INFO - routes.py:55 - File saved to C:\Users\sharo\HireLens\uploads\Mock_Resume_4_AI_Intern.pdf
2026-01-24 21:02:46 - hirelens - INFO - resume_parser.py:363 - Parsing resume: C:\Users\sharo\HireLens\uploads\Mock_Resume_4_AI_Intern.pdf
2026-01-24 21:02:46 - hirelens - ERROR - resume_parser.py:399 - Error extracting resume components: 2 validation errors for Education
degree
  Field required [type=missing, input_value={'year': '2026'}, input_type=dict]
    For further information visit https://errors.pydantic.dev/2.12/v/missing
institution
  Field required [type=missing, input_value={'year': '2026'}, input_type=dict]
    For further information visit https://errors.pydantic.dev/2.12/v/missing
2026-01-24 21:02:46 - hirelens - INFO - resume_parser.py:416 - Resume parsed successfully. Found 0 skills
2026-01-24 21:02:46 - hirelens - INFO - resume_parser.py:436 - Resume saved to C:\Users\sharo\HireLens\data\parsed_resumes.json
2026-01-24 21:02:46 - hirelens - INFO - routes.py:39 - Uploading resume: Mock_Resume_4_Full_Stack_Fresher.pdf
2026-01-24 21:02:46 - hirelens - INFO - routes.py:55 - File saved to C:\Users\sharo\HireLens\uploads\Mock_Resume_4_Full_Stack_Fresher.pdf
2026-01-24 21:02:46 - hirelens - INFO - resume_parser.py:363 - Parsing resume: C:\Users\sharo\HireLens\uploads\Mock_Resume_4_Full_Stack_Fresher.pdf
2026-01-24 21:02:47 - hirelens - INFO - resume_parser.py:416 - Resume parsed successfully. Found 20 skills
2026-01-24 21:02:47 - hirelens - INFO - resume_parser.py:436 - Resume saved to C:\Users\sharo\HireLens\data\parsed_resumes.json
2026-01-24 21:02:47 - hirelens - INFO - routes.py:39 - Uploading resume: Mock_Resume_5_Data_Analyst.pdf
2026-01-24 21:02:47 - hirelens - INFO - routes.py:55 - File saved to C:\Users\sharo\HireLens\uploads\Mock_Resume_5_Data_Analyst.pdf
2026-01-24 21:02:47 - hirelens - INFO - resume_parser.py:363 - Parsing resume: C:\Users\sharo\HireLens\uploads\Mock_Resume_5_Data_Analyst.pdf
2026-01-24 21:02:47 - hirelens - ERROR - resume_parser.py:399 - Error extracting resume components: 2 validation errors for Education
degree
  Field required [type=missing, input_value={'year': '2025'}, input_type=dict]
    For further information visit https://errors.pydantic.dev/2.12/v/missing
institution
  Field required [type=missing, input_value={'year': '2025'}, input_type=dict]
    For further information visit https://errors.pydantic.dev/2.12/v/missing
2026-01-24 21:02:47 - hirelens - INFO - resume_parser.py:416 - Resume parsed successfully. Found 0 skills
2026-01-24 21:02:47 - hirelens - INFO - resume_parser.py:436 - Resume saved to C:\Users\sharo\HireLens\data\parsed_resumes.json
2026-01-24 21:02:47 - hirelens - INFO - routes.py:39 - Uploading resume: Mock_Resume_5_Full_Stack_Fresher.pdf
2026-01-24 21:02:47 - hirelens - INFO - routes.py:55 - File saved to C:\Users\sharo\HireLens\uploads\Mock_Resume_5_Full_Stack_Fresher.pdf
2026-01-24 21:02:47 - hirelens - INFO - resume_parser.py:363 - Parsing resume: C:\Users\sharo\HireLens\uploads\Mock_Resume_5_Full_Stack_Fresher.pdf
2026-01-24 21:02:47 - hirelens - INFO - resume_parser.py:416 - Resume parsed successfully. Found 20 skills
2026-01-24 21:02:47 - hirelens - INFO - resume_parser.py:436 - Resume saved to C:\Users\sharo\HireLens\data\parsed_resumes.json
2026-01-24 21:02:47 - hirelens - INFO - routes.py:39 - Uploading resume: Mock_Resume_6_Full_Stack_Fresher.pdf
2026-01-24 21:02:47 - hirelens - INFO - routes.py:55 - File saved to C:\Users\sharo\HireLens\uploads\Mock_Resume_6_Full_Stack_Fresher.pdf
2026-01-24 21:02:47 - hirelens - INFO - resume_parser.py:363 - Parsing resume: C:\Users\sharo\HireLens\uploads\Mock_Resume_6_Full_Stack_Fresher.pdf
2026-01-24 21:02:47 - hirelens - INFO - resume_parser.py:416 - Resume parsed successfully. Found 20 skills
2026-01-24 21:02:47 - hirelens - INFO - resume_parser.py:436 - Resume saved to C:\Users\sharo\HireLens\data\parsed_resumes.json
2026-01-24 21:02:47 - hirelens - INFO - routes.py:39 - Uploading resume: Mock_Resume_6_Java_Developer.pdf
2026-01-24 21:02:47 - hirelens - INFO - routes.py:55 - File saved to C:\Users\sharo\HireLens\uploads\Mock_Resume_6_Java_Developer.pdf
2026-01-24 21:02:47 - hirelens - INFO - resume_parser.py:363 - Parsing resume: C:\Users\sharo\HireLens\uploads\Mock_Resume_6_Java_Developer.pdf
2026-01-24 21:02:47 - hirelens - ERROR - resume_parser.py:399 - Error extracting resume components: 2 validation errors for Education
degree
  Field required [type=missing, input_value={'year': '2026'}, input_type=dict]
    For further information visit https://errors.pydantic.dev/2.12/v/missing
institution
  Field required [type=missing, input_value={'year': '2026'}, input_type=dict]
    For further information visit https://errors.pydantic.dev/2.12/v/missing
2026-01-24 21:02:47 - hirelens - INFO - resume_parser.py:416 - Resume parsed successfully. Found 0 skills
2026-01-24 21:02:47 - hirelens - INFO - resume_parser.py:436 - Resume saved to C:\Users\sharo\HireLens\data\parsed_resumes.json
2026-01-24 21:02:47 - hirelens - INFO - routes.py:39 - Uploading resume: Mock_Resume_7_Full_Stack_Fresher.pdf
2026-01-24 21:02:47 - hirelens - INFO - routes.py:55 - File saved to C:\Users\sharo\HireLens\uploads\Mock_Resume_7_Full_Stack_Fresher.pdf
2026-01-24 21:02:47 - hirelens - INFO - resume_parser.py:363 - Parsing resume: C:\Users\sharo\HireLens\uploads\Mock_Resume_7_Full_Stack_Fresher.pdf
2026-01-24 21:02:48 - hirelens - INFO - resume_parser.py:416 - Resume parsed successfully. Found 20 skills
2026-01-24 21:02:48 - hirelens - INFO - resume_parser.py:436 - Resume saved to C:\Users\sharo\HireLens\data\parsed_resumes.json
2026-01-24 21:02:48 - hirelens - INFO - routes.py:39 - Uploading resume: Mock_Resume_7_React_Developer.pdf
2026-01-24 21:02:48 - hirelens - INFO - routes.py:55 - File saved to C:\Users\sharo\HireLens\uploads\Mock_Resume_7_React_Developer.pdf
2026-01-24 21:02:48 - hirelens - INFO - resume_parser.py:363 - Parsing resume: C:\Users\sharo\HireLens\uploads\Mock_Resume_7_React_Developer.pdf
2026-01-24 21:02:48 - hirelens - ERROR - resume_parser.py:399 - Error extracting resume components: 1 validation error for Education
institution
  Field required [type=missing, input_value={'degree': 'B.Tech CSE, 2025', 'year': '2025'}, input_type=dict]
    For further information visit https://errors.pydantic.dev/2.12/v/missing
2026-01-24 21:02:48 - hirelens - INFO - resume_parser.py:416 - Resume parsed successfully. Found 0 skills
2026-01-24 21:02:48 - hirelens - INFO - resume_parser.py:436 - Resume saved to C:\Users\sharo\HireLens\data\parsed_resumes.json
2026-01-24 21:02:48 - hirelens - INFO - routes.py:39 - Uploading resume: Mock_Resume_8_Digital_Marketer.pdf
2026-01-24 21:02:48 - hirelens - INFO - routes.py:55 - File saved to C:\Users\sharo\HireLens\uploads\Mock_Resume_8_Digital_Marketer.pdf
2026-01-24 21:02:48 - hirelens - INFO - resume_parser.py:363 - Parsing resume: C:\Users\sharo\HireLens\uploads\Mock_Resume_8_Digital_Marketer.pdf
2026-01-24 21:02:48 - hirelens - ERROR - resume_parser.py:399 - Error extracting resume components: 2 validation errors for Education
degree
  Field required [type=missing, input_value={'year': '2024'}, input_type=dict]
    For further information visit https://errors.pydantic.dev/2.12/v/missing
institution
  Field required [type=missing, input_value={'year': '2024'}, input_type=dict]
    For further information visit https://errors.pydantic.dev/2.12/v/missing
2026-01-24 21:02:48 - hirelens - INFO - resume_parser.py:416 - Resume parsed successfully. Found 0 skills
2026-01-24 21:02:48 - hirelens - INFO - resume_parser.py:436 - Resume saved to C:\Users\sharo\HireLens\data\parsed_resumes.json
2026-01-24 21:02:48 - hirelens - INFO - routes.py:39 - Uploading resume: Mock_Resume_8_Full_Stack_Fresher.pdf
2026-01-24 21:02:48 - hirelens - INFO - routes.py:55 - File saved to C:\Users\sharo\HireLens\uploads\Mock_Resume_8_Full_Stack_Fresher.pdf
2026-01-24 21:02:48 - hirelens - INFO - resume_parser.py:363 - Parsing resume: C:\Users\sharo\HireLens\uploads\Mock_Resume_8_Full_Stack_Fresher.pdf
2026-01-24 21:02:48 - hirelens - INFO - resume_parser.py:416 - Resume parsed successfully. Found 20 skills
2026-01-24 21:02:48 - hirelens - INFO - resume_parser.py:436 - Resume saved to C:\Users\sharo\HireLens\data\parsed_resumes.json
2026-01-24 21:02:48 - hirelens - INFO - routes.py:39 - Uploading resume: Mock_Resume_9_Full_Stack_Fresher.pdf
2026-01-24 21:02:48 - hirelens - INFO - routes.py:55 - File saved to C:\Users\sharo\HireLens\uploads\Mock_Resume_9_Full_Stack_Fresher.pdf
2026-01-24 21:02:48 - hirelens - INFO - resume_parser.py:363 - Parsing resume: C:\Users\sharo\HireLens\uploads\Mock_Resume_9_Full_Stack_Fresher.pdf
2026-01-24 21:02:48 - hirelens - INFO - resume_parser.py:416 - Resume parsed successfully. Found 20 skills
2026-01-24 21:02:48 - hirelens - INFO - resume_parser.py:436 - Resume saved to C:\Users\sharo\HireLens\data\parsed_resumes.json
2026-01-24 21:02:48 - hirelens - INFO - routes.py:39 - Uploading resume: Mock_Resume_9_UI_UX_Designer.pdf
2026-01-24 21:02:48 - hirelens - INFO - routes.py:55 - File saved to C:\Users\sharo\HireLens\uploads\Mock_Resume_9_UI_UX_Designer.pdf
2026-01-24 21:02:48 - hirelens - INFO - resume_parser.py:363 - Parsing resume: C:\Users\sharo\HireLens\uploads\Mock_Resume_9_UI_UX_Designer.pdf
2026-01-24 21:02:48 - hirelens - ERROR - resume_parser.py:399 - Error extracting resume components: 2 validation errors for Education
degree
  Field required [type=missing, input_value={'year': '2025'}, input_type=dict]
    For further information visit https://errors.pydantic.dev/2.12/v/missing
institution
  Field required [type=missing, input_value={'year': '2025'}, input_type=dict]
    For further information visit https://errors.pydantic.dev/2.12/v/missing
2026-01-24 21:02:48 - hirelens - INFO - resume_parser.py:416 - Resume parsed successfully. Found 0 skills
2026-01-24 21:02:48 - hirelens - INFO - resume_parser.py:436 - Resume saved to C:\Users\sharo\HireLens\data\parsed_resumes.json
2026-01-24 21:02:48 - hirelens - INFO - routes.py:39 - Uploading resume: Mock_Resume_10_Full_Stack_Fresher.pdf
2026-01-24 21:02:48 - hirelens - INFO - routes.py:55 - File saved to C:\Users\sharo\HireLens\uploads\Mock_Resume_10_Full_Stack_Fresher.pdf
2026-01-24 21:02:48 - hirelens - INFO - resume_parser.py:363 - Parsing resume: C:\Users\sharo\HireLens\uploads\Mock_Resume_10_Full_Stack_Fresher.pdf
2026-01-24 21:02:49 - hirelens - INFO - resume_parser.py:416 - Resume parsed successfully. Found 20 skills
2026-01-24 21:02:49 - hirelens - INFO - resume_parser.py:436 - Resume saved to C:\Users\sharo\HireLens\data\parsed_resumes.json
2026-01-24 21:02:49 - hirelens - INFO - routes.py:39 - Uploading resume: Mock_Resume_10_Python_Developer.pdf
2026-01-24 21:02:49 - hirelens - INFO - routes.py:55 - File saved to C:\Users\sharo\HireLens\uploads\Mock_Resume_10_Python_Developer.pdf
2026-01-24 21:02:49 - hirelens - INFO - resume_parser.py:363 - Parsing resume: C:\Users\sharo\HireLens\uploads\Mock_Resume_10_Python_Developer.pdf
2026-01-24 21:02:49 - hirelens - ERROR - resume_parser.py:399 - Error extracting resume components: 2 validation errors for Education
degree
  Field required [type=missing, input_value={'year': '2026'}, input_type=dict]
    For further information visit https://errors.pydantic.dev/2.12/v/missing
institution
  Field required [type=missing, input_value={'year': '2026'}, input_type=dict]
    For further information visit https://errors.pydantic.dev/2.12/v/missing
2026-01-24 21:02:49 - hirelens - INFO - resume_parser.py:416 - Resume parsed successfully. Found 0 skills
2026-01-24 21:02:49 - hirelens - INFO - resume_parser.py:436 - Resume saved to C:\Users\sharo\HireLens\data\parsed_resumes.json
2026-01-24 21:02:49 - hirelens - INFO - routes.py:185 - Starting batch evaluation of 20 resumes
2026-01-24 21:02:49 - hirelens - INFO - job_analyzer.py:255 - Analyzing job description...
2026-01-24 21:02:49 - hirelens - WARNING - job_analyzer.py:60 - No required skills found via patterns, scanning entire job description
2026-01-24 21:02:49 - hirelens - INFO - job_analyzer.py:65 - Extracted 17 required skills from job description
2026-01-24 21:02:49 - hirelens - INFO - job_analyzer.py:102 - Extracted 0 preferred skills from job description
2026-01-24 21:02:49 - hirelens - INFO - job_analyzer.py:279 - Job description analyzed. Found 17 required skills, 0 preferred skills
2026-01-24 21:02:49 - hirelens - INFO - job_analyzer.py:300 - Job description saved to C:\Users\sharo\HireLens\data\job_descriptions.json
2026-01-24 21:02:49 - hirelens - INFO - course_recommender.py:34 - Loaded courses for 31 skills
2026-01-24 21:02:49 - hirelens - INFO - routes.py:201 - Evaluating resume: Mock_Resume_1_Full_Stack_Developer.pdf
2026-01-24 21:02:49 - hirelens - INFO - routes.py:205 - Parsing resume from C:\Users\sharo\HireLens\uploads\Mock_Resume_1_Full_Stack_Developer.pdf
2026-01-24 21:02:49 - hirelens - INFO - resume_parser.py:363 - Parsing resume: C:\Users\sharo\HireLens\uploads\Mock_Resume_1_Full_Stack_Developer.pdf
2026-01-24 21:02:49 - hirelens - ERROR - resume_parser.py:399 - Error extracting resume components: 2 validation errors for Education
degree
  Field required [type=missing, input_value={'year': '2026'}, input_type=dict]
    For further information visit https://errors.pydantic.dev/2.12/v/missing
institution
  Field required [type=missing, input_value={'year': '2026'}, input_type=dict]
    For further information visit https://errors.pydantic.dev/2.12/v/missing
2026-01-24 21:02:49 - hirelens - INFO - resume_parser.py:416 - Resume parsed successfully. Found 0 skills
2026-01-24 21:02:49 - hirelens - INFO - resume_parser.py:436 - Resume saved to C:\Users\sharo\HireLens\data\parsed_resumes.json
2026-01-24 21:02:49 - hirelens - INFO - evaluation_engine.py:257 - Evaluating resume 7f62ba0f-991c-4b93-a846-1a360b70da5f against job a638a9fa-090b-4ae0-ab9f-8e2ccb39d6db
2026-01-24 21:02:49 - hirelens - INFO - evaluation_engine.py:267 - Calculating TF-IDF similarity...
2026-01-24 21:02:49 - hirelens - INFO - evaluation_engine.py:269 - TF-IDF score: 0.148
2026-01-24 21:02:49 - hirelens - INFO - evaluation_engine.py:271 - Calculating fuzzy skill match...
2026-01-24 21:02:49 - hirelens - INFO - evaluation_engine.py:273 - Fuzzy match score: 0.000
2026-01-24 21:02:49 - hirelens - INFO - evaluation_engine.py:275 - Calculating embedding similarity...
2026-01-24 21:02:49 - hirelens - INFO - evaluation_engine.py:277 - Embedding score: 0.661
2026-01-24 21:02:49 - hirelens - INFO - evaluation_engine.py:281 - Hybrid score: 30.89
2026-01-24 21:02:49 - hirelens - INFO - evaluation_engine.py:285 - Classification: Not Fit
2026-01-24 21:02:49 - hirelens - INFO - evaluation_engine.py:304 - Evaluation complete. Matched: 0, Missing: 17
2026-01-24 21:02:49 - hirelens - INFO - evaluation_engine.py:324 - Evaluation saved to C:\Users\sharo\HireLens\data\evaluations.json
2026-01-24 21:02:49 - hirelens - INFO - skill_gap_analyzer.py:172 - Analyzing skill gaps for resume 7f62ba0f-991c-4b93-a846-1a360b70da5f
2026-01-24 21:02:49 - hirelens - INFO - skill_gap_analyzer.py:205 - Skill gap analysis complete. Critical gaps: 17, Moderate gaps: 0, Weak areas: 0
2026-01-24 21:02:49 - hirelens - INFO - skill_gap_analyzer.py:228 - Skill gaps saved to C:\Users\sharo\HireLens\data\skill_gaps.json
2026-01-24 21:02:49 - hirelens - INFO - course_recommender.py:110 - Generating course recommendations for gap 255e6a7d-06d8-4f89-9071-944f5255cdba
2026-01-24 21:02:49 - hirelens - WARNING - course_recommender.py:90 - No courses found for skill: AI
2026-01-24 21:02:49 - hirelens - INFO - course_recommender.py:147 - Found 2 courses for Angular
2026-01-24 21:02:49 - hirelens - WARNING - course_recommender.py:90 - No courses found for skill: CSS
2026-01-24 21:02:49 - hirelens - WARNING - course_recommender.py:90 - No courses found for skill: Documentation
2026-01-24 21:02:49 - hirelens - WARNING - course_recommender.py:90 - No courses found for skill: Firebase
2026-01-24 21:02:49 - hirelens - WARNING - course_recommender.py:90 - No courses found for skill: HTML
2026-01-24 21:02:49 - hirelens - INFO - course_recommender.py:147 - Found 3 courses for Java
2026-01-24 21:02:49 - hirelens - INFO - course_recommender.py:147 - Found 3 courses for Javascript
2026-01-24 21:02:49 - hirelens - WARNING - course_recommender.py:90 - No courses found for skill: Js
2026-01-24 21:02:49 - hirelens - WARNING - course_recommender.py:90 - No courses found for skill: Json
2026-01-24 21:02:49 - hirelens - INFO - course_recommender.py:147 - Found 2 courses for Mongodb
2026-01-24 21:02:49 - hirelens - WARNING - course_recommender.py:90 - No courses found for skill: Mysql
2026-01-24 21:02:49 - hirelens - WARNING - course_recommender.py:90 - No courses found for skill: Node
2026-01-24 21:02:49 - hirelens - INFO - course_recommender.py:147 - Found 2 courses for Node.Js
2026-01-24 21:02:49 - hirelens - INFO - course_recommender.py:147 - Found 3 courses for Python
2026-01-24 21:02:49 - hirelens - INFO - course_recommender.py:147 - Found 3 courses for React
2026-01-24 21:02:49 - hirelens - WARNING - course_recommender.py:90 - No courses found for skill: Vue
2026-01-24 21:02:49 - hirelens - INFO - course_recommender.py:149 - Generated recommendations for 7 skills
2026-01-24 21:02:49 - hirelens - INFO - course_recommender.py:172 - Recommendations saved to C:\Users\sharo\HireLens\data\recommendations.json
2026-01-24 21:02:49 - hirelens - INFO - feedback_generator.py:286 - Generating feedback for evaluation a9d40303-7e87-4c43-b079-77ca0e8e8741
2026-01-24 21:02:49 - hirelens - INFO - feedback_generator.py:305 - Feedback generated successfully
2026-01-24 21:02:50 - hirelens - INFO - feedback_generator.py:325 - Feedback saved to C:\Users\sharo\HireLens\data\feedback.json
2026-01-24 21:02:50 - hirelens - INFO - routes.py:201 - Evaluating resume: Mock_Resume_1_Full_Stack_Fresher.pdf
2026-01-24 21:02:50 - hirelens - INFO - routes.py:205 - Parsing resume from C:\Users\sharo\HireLens\uploads\Mock_Resume_1_Full_Stack_Fresher.pdf
2026-01-24 21:02:50 - hirelens - INFO - resume_parser.py:363 - Parsing resume: C:\Users\sharo\HireLens\uploads\Mock_Resume_1_Full_Stack_Fresher.pdf
2026-01-24 21:02:50 - hirelens - INFO - resume_parser.py:416 - Resume parsed successfully. Found 20 skills
2026-01-24 21:02:50 - hirelens - INFO - resume_parser.py:436 - Resume saved to C:\Users\sharo\HireLens\data\parsed_resumes.json
2026-01-24 21:02:50 - hirelens - INFO - evaluation_engine.py:257 - Evaluating resume 8d9bfbe1-116d-4685-82b2-b3c658264477 against job a638a9fa-090b-4ae0-ab9f-8e2ccb39d6db
2026-01-24 21:02:50 - hirelens - INFO - evaluation_engine.py:267 - Calculating TF-IDF similarity...
2026-01-24 21:02:50 - hirelens - INFO - evaluation_engine.py:269 - TF-IDF score: 0.331
2026-01-24 21:02:50 - hirelens - INFO - evaluation_engine.py:271 - Calculating fuzzy skill match...
2026-01-24 21:02:50 - hirelens - INFO - evaluation_engine.py:273 - Fuzzy match score: 0.898
2026-01-24 21:02:50 - hirelens - INFO - evaluation_engine.py:275 - Calculating embedding similarity...
2026-01-24 21:02:50 - hirelens - INFO - evaluation_engine.py:277 - Embedding score: 0.858
2026-01-24 21:02:50 - hirelens - INFO - evaluation_engine.py:281 - Hybrid score: 71.20
2026-01-24 21:02:50 - hirelens - INFO - evaluation_engine.py:285 - Classification: Average Fit
2026-01-24 21:02:50 - hirelens - INFO - evaluation_engine.py:304 - Evaluation complete. Matched: 14, Missing: 3
2026-01-24 21:02:50 - hirelens - INFO - evaluation_engine.py:324 - Evaluation saved to C:\Users\sharo\HireLens\data\evaluations.json
2026-01-24 21:02:50 - hirelens - INFO - skill_gap_analyzer.py:172 - Analyzing skill gaps for resume 8d9bfbe1-116d-4685-82b2-b3c658264477
2026-01-24 21:02:50 - hirelens - INFO - skill_gap_analyzer.py:205 - Skill gap analysis complete. Critical gaps: 3, Moderate gaps: 0, Weak areas: 0
2026-01-24 21:02:50 - hirelens - INFO - skill_gap_analyzer.py:228 - Skill gaps saved to C:\Users\sharo\HireLens\data\skill_gaps.json
2026-01-24 21:02:50 - hirelens - INFO - course_recommender.py:110 - Generating course recommendations for gap 96a17ab5-cac4-4ab5-a68b-a702c840a2f1
2026-01-24 21:02:50 - hirelens - INFO - course_recommender.py:147 - Found 2 courses for Angular
2026-01-24 21:02:50 - hirelens - WARNING - course_recommender.py:90 - No courses found for skill: Documentation
2026-01-24 21:02:50 - hirelens - WARNING - course_recommender.py:90 - No courses found for skill: Vue
2026-01-24 21:02:50 - hirelens - INFO - course_recommender.py:149 - Generated recommendations for 1 skills
2026-01-24 21:02:50 - hirelens - INFO - course_recommender.py:172 - Recommendations saved to C:\Users\sharo\HireLens\data\recommendations.json
2026-01-24 21:02:50 - hirelens - INFO - feedback_generator.py:286 - Generating feedback for evaluation 911d3e25-5f98-4275-9800-5602e5e2fda2
2026-01-24 21:02:50 - hirelens - INFO - feedback_generator.py:305 - Feedback generated successfully
2026-01-24 21:02:50 - hirelens - INFO - feedback_generator.py:325 - Feedback saved to C:\Users\sharo\HireLens\data\feedback.json
2026-01-24 21:02:50 - hirelens - INFO - routes.py:201 - Evaluating resume: Mock_Resume_2_Frontend_Developer.pdf
2026-01-24 21:02:50 - hirelens - INFO - routes.py:205 - Parsing resume from C:\Users\sharo\HireLens\uploads\Mock_Resume_2_Frontend_Developer.pdf
2026-01-24 21:02:50 - hirelens - INFO - resume_parser.py:363 - Parsing resume: C:\Users\sharo\HireLens\uploads\Mock_Resume_2_Frontend_Developer.pdf
2026-01-24 21:02:50 - hirelens - ERROR - resume_parser.py:399 - Error extracting resume components: 2 validation errors for Education
degree
  Field required [type=missing, input_value={'year': '2025'}, input_type=dict]
    For further information visit https://errors.pydantic.dev/2.12/v/missing
institution
  Field required [type=missing, input_value={'year': '2025'}, input_type=dict]
    For further information visit https://errors.pydantic.dev/2.12/v/missing
2026-01-24 21:02:50 - hirelens - INFO - resume_parser.py:416 - Resume parsed successfully. Found 0 skills
2026-01-24 21:02:50 - hirelens - INFO - resume_parser.py:436 - Resume saved to C:\Users\sharo\HireLens\data\parsed_resumes.json
2026-01-24 21:02:50 - hirelens - INFO - evaluation_engine.py:257 - Evaluating resume 21c94d2b-a068-4195-84af-5375b59afc2f against job a638a9fa-090b-4ae0-ab9f-8e2ccb39d6db
2026-01-24 21:02:50 - hirelens - INFO - evaluation_engine.py:267 - Calculating TF-IDF similarity...
2026-01-24 21:02:50 - hirelens - INFO - evaluation_engine.py:269 - TF-IDF score: 0.103
2026-01-24 21:02:50 - hirelens - INFO - evaluation_engine.py:271 - Calculating fuzzy skill match...
2026-01-24 21:02:50 - hirelens - INFO - evaluation_engine.py:273 - Fuzzy match score: 0.000
2026-01-24 21:02:50 - hirelens - INFO - evaluation_engine.py:275 - Calculating embedding similarity...
2026-01-24 21:02:50 - hirelens - INFO - evaluation_engine.py:277 - Embedding score: 0.606
2026-01-24 21:02:50 - hirelens - INFO - evaluation_engine.py:281 - Hybrid score: 27.30
2026-01-24 21:02:50 - hirelens - INFO - evaluation_engine.py:285 - Classification: Not Fit
2026-01-24 21:02:50 - hirelens - INFO - evaluation_engine.py:304 - Evaluation complete. Matched: 0, Missing: 17
2026-01-24 21:02:50 - hirelens - INFO - evaluation_engine.py:324 - Evaluation saved to C:\Users\sharo\HireLens\data\evaluations.json
2026-01-24 21:02:50 - hirelens - INFO - skill_gap_analyzer.py:172 - Analyzing skill gaps for resume 21c94d2b-a068-4195-84af-5375b59afc2f
2026-01-24 21:02:50 - hirelens - INFO - skill_gap_analyzer.py:205 - Skill gap analysis complete. Critical gaps: 17, Moderate gaps: 0, Weak areas: 0
2026-01-24 21:02:50 - hirelens - INFO - skill_gap_analyzer.py:228 - Skill gaps saved to C:\Users\sharo\HireLens\data\skill_gaps.json
2026-01-24 21:02:50 - hirelens - INFO - course_recommender.py:110 - Generating course recommendations for gap a0f9c2a8-dd44-4f78-a16e-a1ec5664c219
2026-01-24 21:02:50 - hirelens - WARNING - course_recommender.py:90 - No courses found for skill: AI
2026-01-24 21:02:50 - hirelens - INFO - course_recommender.py:147 - Found 2 courses for Angular
2026-01-24 21:02:50 - hirelens - WARNING - course_recommender.py:90 - No courses found for skill: CSS
2026-01-24 21:02:50 - hirelens - WARNING - course_recommender.py:90 - No courses found for skill: Documentation
2026-01-24 21:02:50 - hirelens - WARNING - course_recommender.py:90 - No courses found for skill: Firebase
2026-01-24 21:02:50 - hirelens - WARNING - course_recommender.py:90 - No courses found for skill: HTML
2026-01-24 21:02:50 - hirelens - INFO - course_recommender.py:147 - Found 3 courses for Java
2026-01-24 21:02:50 - hirelens - INFO - course_recommender.py:147 - Found 3 courses for Javascript
2026-01-24 21:02:50 - hirelens - WARNING - course_recommender.py:90 - No courses found for skill: Js
2026-01-24 21:02:50 - hirelens - WARNING - course_recommender.py:90 - No courses found for skill: Json
2026-01-24 21:02:50 - hirelens - INFO - course_recommender.py:147 - Found 2 courses for Mongodb
2026-01-24 21:02:50 - hirelens - WARNING - course_recommender.py:90 - No courses found for skill: Mysql
2026-01-24 21:02:50 - hirelens - WARNING - course_recommender.py:90 - No courses found for skill: Node
2026-01-24 21:02:50 - hirelens - INFO - course_recommender.py:147 - Found 2 courses for Node.Js
2026-01-24 21:02:50 - hirelens - INFO - course_recommender.py:147 - Found 3 courses for Python
2026-01-24 21:02:50 - hirelens - INFO - course_recommender.py:147 - Found 3 courses for React
2026-01-24 21:02:50 - hirelens - WARNING - course_recommender.py:90 - No courses found for skill: Vue
2026-01-24 21:02:50 - hirelens - INFO - course_recommender.py:149 - Generated recommendations for 7 skills
2026-01-24 21:02:50 - hirelens - INFO - course_recommender.py:172 - Recommendations saved to C:\Users\sharo\HireLens\data\recommendations.json
2026-01-24 21:02:50 - hirelens - INFO - feedback_generator.py:286 - Generating feedback for evaluation b08d400f-e8c1-4831-adbe-7a818aa73720
2026-01-24 21:02:50 - hirelens - INFO - feedback_generator.py:305 - Feedback generated successfully
2026-01-24 21:02:50 - hirelens - INFO - feedback_generator.py:325 - Feedback saved to C:\Users\sharo\HireLens\data\feedback.json
2026-01-24 21:02:50 - hirelens - INFO - routes.py:201 - Evaluating resume: Mock_Resume_2_Full_Stack_Fresher.pdf
2026-01-24 21:02:50 - hirelens - INFO - routes.py:205 - Parsing resume from C:\Users\sharo\HireLens\uploads\Mock_Resume_2_Full_Stack_Fresher.pdf
2026-01-24 21:02:50 - hirelens - INFO - resume_parser.py:363 - Parsing resume: C:\Users\sharo\HireLens\uploads\Mock_Resume_2_Full_Stack_Fresher.pdf
2026-01-24 21:02:51 - hirelens - INFO - resume_parser.py:416 - Resume parsed successfully. Found 21 skills
2026-01-24 21:02:51 - hirelens - INFO - resume_parser.py:436 - Resume saved to C:\Users\sharo\HireLens\data\parsed_resumes.json
2026-01-24 21:02:51 - hirelens - INFO - evaluation_engine.py:257 - Evaluating resume 3427ea61-7799-47c7-93c8-33814fec8bfb against job a638a9fa-090b-4ae0-ab9f-8e2ccb39d6db
2026-01-24 21:02:51 - hirelens - INFO - evaluation_engine.py:267 - Calculating TF-IDF similarity...
2026-01-24 21:02:51 - hirelens - INFO - evaluation_engine.py:269 - TF-IDF score: 0.331
2026-01-24 21:02:51 - hirelens - INFO - evaluation_engine.py:271 - Calculating fuzzy skill match...
2026-01-24 21:02:51 - hirelens - INFO - evaluation_engine.py:273 - Fuzzy match score: 0.898
2026-01-24 21:02:51 - hirelens - INFO - evaluation_engine.py:275 - Calculating embedding similarity...
2026-01-24 21:02:51 - hirelens - INFO - evaluation_engine.py:277 - Embedding score: 0.801
2026-01-24 21:02:51 - hirelens - INFO - evaluation_engine.py:281 - Hybrid score: 68.92
2026-01-24 21:02:51 - hirelens - INFO - evaluation_engine.py:285 - Classification: Average Fit
2026-01-24 21:02:51 - hirelens - INFO - evaluation_engine.py:304 - Evaluation complete. Matched: 14, Missing: 3
2026-01-24 21:02:51 - hirelens - INFO - evaluation_engine.py:324 - Evaluation saved to C:\Users\sharo\HireLens\data\evaluations.json
2026-01-24 21:02:51 - hirelens - INFO - skill_gap_analyzer.py:172 - Analyzing skill gaps for resume 3427ea61-7799-47c7-93c8-33814fec8bfb
2026-01-24 21:02:51 - hirelens - INFO - skill_gap_analyzer.py:205 - Skill gap analysis complete. Critical gaps: 3, Moderate gaps: 0, Weak areas: 0
2026-01-24 21:02:51 - hirelens - INFO - skill_gap_analyzer.py:228 - Skill gaps saved to C:\Users\sharo\HireLens\data\skill_gaps.json
2026-01-24 21:02:51 - hirelens - INFO - course_recommender.py:110 - Generating course recommendations for gap e76de3dc-7ec8-471a-bc3b-7741c9481869
2026-01-24 21:02:51 - hirelens - INFO - course_recommender.py:147 - Found 2 courses for Angular
2026-01-24 21:02:51 - hirelens - WARNING - course_recommender.py:90 - No courses found for skill: Documentation
2026-01-24 21:02:51 - hirelens - WARNING - course_recommender.py:90 - No courses found for skill: Vue
2026-01-24 21:02:51 - hirelens - INFO - course_recommender.py:149 - Generated recommendations for 1 skills
2026-01-24 21:02:51 - hirelens - INFO - course_recommender.py:172 - Recommendations saved to C:\Users\sharo\HireLens\data\recommendations.json
2026-01-24 21:02:51 - hirelens - INFO - feedback_generator.py:286 - Generating feedback for evaluation 7d998e7e-8a44-4e87-828b-135d28417203
2026-01-24 21:02:51 - hirelens - INFO - feedback_generator.py:305 - Feedback generated successfully
2026-01-24 21:02:51 - hirelens - INFO - feedback_generator.py:325 - Feedback saved to C:\Users\sharo\HireLens\data\feedback.json
2026-01-24 21:02:51 - hirelens - INFO - routes.py:201 - Evaluating resume: Mock_Resume_3_Backend_Developer.pdf
2026-01-24 21:02:51 - hirelens - INFO - routes.py:205 - Parsing resume from C:\Users\sharo\HireLens\uploads\Mock_Resume_3_Backend_Developer.pdf
2026-01-24 21:02:51 - hirelens - INFO - resume_parser.py:363 - Parsing resume: C:\Users\sharo\HireLens\uploads\Mock_Resume_3_Backend_Developer.pdf
2026-01-24 21:02:51 - hirelens - ERROR - resume_parser.py:399 - Error extracting resume components: 1 validation error for Education
institution
  Field required [type=missing, input_value={'degree': 'B.Tech IT, 2026', 'year': '2026'}, input_type=dict]
    For further information visit https://errors.pydantic.dev/2.12/v/missing
2026-01-24 21:02:51 - hirelens - INFO - resume_parser.py:416 - Resume parsed successfully. Found 0 skills
2026-01-24 21:02:51 - hirelens - INFO - resume_parser.py:436 - Resume saved to C:\Users\sharo\HireLens\data\parsed_resumes.json
2026-01-24 21:02:51 - hirelens - INFO - evaluation_engine.py:257 - Evaluating resume a3bf1206-6498-40b0-9693-876ac9393dc3 against job a638a9fa-090b-4ae0-ab9f-8e2ccb39d6db
2026-01-24 21:02:51 - hirelens - INFO - evaluation_engine.py:267 - Calculating TF-IDF similarity...
2026-01-24 21:02:51 - hirelens - INFO - evaluation_engine.py:269 - TF-IDF score: 0.053
2026-01-24 21:02:51 - hirelens - INFO - evaluation_engine.py:271 - Calculating fuzzy skill match...
2026-01-24 21:02:51 - hirelens - INFO - evaluation_engine.py:273 - Fuzzy match score: 0.000
2026-01-24 21:02:51 - hirelens - INFO - evaluation_engine.py:275 - Calculating embedding similarity...
2026-01-24 21:02:51 - hirelens - INFO - evaluation_engine.py:277 - Embedding score: 0.631
2026-01-24 21:02:51 - hirelens - INFO - evaluation_engine.py:281 - Hybrid score: 26.84
2026-01-24 21:02:51 - hirelens - INFO - evaluation_engine.py:285 - Classification: Not Fit
2026-01-24 21:02:51 - hirelens - INFO - evaluation_engine.py:304 - Evaluation complete. Matched: 0, Missing: 17
2026-01-24 21:02:51 - hirelens - INFO - evaluation_engine.py:324 - Evaluation saved to C:\Users\sharo\HireLens\data\evaluations.json
2026-01-24 21:02:51 - hirelens - INFO - skill_gap_analyzer.py:172 - Analyzing skill gaps for resume a3bf1206-6498-40b0-9693-876ac9393dc3
2026-01-24 21:02:51 - hirelens - INFO - skill_gap_analyzer.py:205 - Skill gap analysis complete. Critical gaps: 17, Moderate gaps: 0, Weak areas: 0
2026-01-24 21:02:51 - hirelens - INFO - skill_gap_analyzer.py:228 - Skill gaps saved to C:\Users\sharo\HireLens\data\skill_gaps.json
2026-01-24 21:02:51 - hirelens - INFO - course_recommender.py:110 - Generating course recommendations for gap 0216fc5d-af7f-43dd-a13a-8dc54d5f6bca
2026-01-24 21:02:51 - hirelens - WARNING - course_recommender.py:90 - No courses found for skill: AI
2026-01-24 21:02:51 - hirelens - INFO - course_recommender.py:147 - Found 2 courses for Angular
2026-01-24 21:02:51 - hirelens - WARNING - course_recommender.py:90 - No courses found for skill: CSS
2026-01-24 21:02:51 - hirelens - WARNING - course_recommender.py:90 - No courses found for skill: Documentation
2026-01-24 21:02:51 - hirelens - WARNING - course_recommender.py:90 - No courses found for skill: Firebase
2026-01-24 21:02:51 - hirelens - WARNING - course_recommender.py:90 - No courses found for skill: HTML
2026-01-24 21:02:51 - hirelens - INFO - course_recommender.py:147 - Found 3 courses for Java
2026-01-24 21:02:51 - hirelens - INFO - course_recommender.py:147 - Found 3 courses for Javascript
2026-01-24 21:02:51 - hirelens - WARNING - course_recommender.py:90 - No courses found for skill: Js
2026-01-24 21:02:51 - hirelens - WARNING - course_recommender.py:90 - No courses found for skill: Json
2026-01-24 21:02:51 - hirelens - INFO - course_recommender.py:147 - Found 2 courses for Mongodb
2026-01-24 21:02:51 - hirelens - WARNING - course_recommender.py:90 - No courses found for skill: Mysql
2026-01-24 21:02:51 - hirelens - WARNING - course_recommender.py:90 - No courses found for skill: Node
2026-01-24 21:02:51 - hirelens - INFO - course_recommender.py:147 - Found 2 courses for Node.Js
2026-01-24 21:02:51 - hirelens - INFO - course_recommender.py:147 - Found 3 courses for Python
2026-01-24 21:02:51 - hirelens - INFO - course_recommender.py:147 - Found 3 courses for React
2026-01-24 21:02:51 - hirelens - WARNING - course_recommender.py:90 - No courses found for skill: Vue
2026-01-24 21:02:51 - hirelens - INFO - course_recommender.py:149 - Generated recommendations for 7 skills
2026-01-24 21:02:51 - hirelens - INFO - course_recommender.py:172 - Recommendations saved to C:\Users\sharo\HireLens\data\recommendations.json
2026-01-24 21:02:51 - hirelens - INFO - feedback_generator.py:286 - Generating feedback for evaluation 748e8470-97b3-46bf-bfb9-90cc83eec4a8
2026-01-24 21:02:51 - hirelens - INFO - feedback_generator.py:305 - Feedback generated successfully
2026-01-24 21:02:51 - hirelens - INFO - feedback_generator.py:325 - Feedback saved to C:\Users\sharo\HireLens\data\feedback.json
2026-01-24 21:02:51 - hirelens - INFO - routes.py:201 - Evaluating resume: Mock_Resume_3_Full_Stack_Fresher.pdf
2026-01-24 21:02:51 - hirelens - INFO - routes.py:205 - Parsing resume from C:\Users\sharo\HireLens\uploads\Mock_Resume_3_Full_Stack_Fresher.pdf
2026-01-24 21:02:51 - hirelens - INFO - resume_parser.py:363 - Parsing resume: C:\Users\sharo\HireLens\uploads\Mock_Resume_3_Full_Stack_Fresher.pdf
2026-01-24 21:02:52 - hirelens - INFO - resume_parser.py:416 - Resume parsed successfully. Found 20 skills
2026-01-24 21:02:52 - hirelens - INFO - resume_parser.py:436 - Resume saved to C:\Users\sharo\HireLens\data\parsed_resumes.json
2026-01-24 21:02:52 - hirelens - INFO - evaluation_engine.py:257 - Evaluating resume 2cdc3d6f-0cef-47b9-a898-3cf3d3eec40c against job a638a9fa-090b-4ae0-ab9f-8e2ccb39d6db
2026-01-24 21:02:52 - hirelens - INFO - evaluation_engine.py:267 - Calculating TF-IDF similarity...
2026-01-24 21:02:52 - hirelens - INFO - evaluation_engine.py:269 - TF-IDF score: 0.331
2026-01-24 21:02:52 - hirelens - INFO - evaluation_engine.py:271 - Calculating fuzzy skill match...
2026-01-24 21:02:52 - hirelens - INFO - evaluation_engine.py:273 - Fuzzy match score: 0.898
2026-01-24 21:02:52 - hirelens - INFO - evaluation_engine.py:275 - Calculating embedding similarity...
2026-01-24 21:02:52 - hirelens - INFO - evaluation_engine.py:277 - Embedding score: 0.823
2026-01-24 21:02:52 - hirelens - INFO - evaluation_engine.py:281 - Hybrid score: 69.80
2026-01-24 21:02:52 - hirelens - INFO - evaluation_engine.py:285 - Classification: Average Fit
2026-01-24 21:02:52 - hirelens - INFO - evaluation_engine.py:304 - Evaluation complete. Matched: 14, Missing: 3
2026-01-24 21:02:52 - hirelens - INFO - evaluation_engine.py:324 - Evaluation saved to C:\Users\sharo\HireLens\data\evaluations.json
2026-01-24 21:02:52 - hirelens - INFO - skill_gap_analyzer.py:172 - Analyzing skill gaps for resume 2cdc3d6f-0cef-47b9-a898-3cf3d3eec40c
2026-01-24 21:02:52 - hirelens - INFO - skill_gap_analyzer.py:205 - Skill gap analysis complete. Critical gaps: 3, Moderate gaps: 0, Weak areas: 0
2026-01-24 21:02:52 - hirelens - INFO - skill_gap_analyzer.py:228 - Skill gaps saved to C:\Users\sharo\HireLens\data\skill_gaps.json
2026-01-24 21:02:52 - hirelens - INFO - course_recommender.py:110 - Generating course recommendations for gap 31e617b5-76ce-4877-a9ef-5d1e04a50ea3
2026-01-24 21:02:52 - hirelens - INFO - course_recommender.py:147 - Found 2 courses for Angular
2026-01-24 21:02:52 - hirelens - WARNING - course_recommender.py:90 - No courses found for skill: Documentation
2026-01-24 21:02:52 - hirelens - WARNING - course_recommender.py:90 - No courses found for skill: Vue
2026-01-24 21:02:52 - hirelens - INFO - course_recommender.py:149 - Generated recommendations for 1 skills
2026-01-24 21:02:52 - hirelens - INFO - course_recommender.py:172 - Recommendations saved to C:\Users\sharo\HireLens\data\recommendations.json
2026-01-24 21:02:52 - hirelens - INFO - feedback_generator.py:286 - Generating feedback for evaluation 761e31a8-f841-40f3-8e02-7dd1e2ba4a6d
2026-01-24 21:02:52 - hirelens - INFO - feedback_generator.py:305 - Feedback generated successfully
2026-01-24 21:02:52 - hirelens - INFO - feedback_generator.py:325 - Feedback saved to C:\Users\sharo\HireLens\data\feedback.json
2026-01-24 21:02:52 - hirelens - INFO - routes.py:201 - Evaluating resume: Mock_Resume_4_AI_Intern.pdf
2026-01-24 21:02:52 - hirelens - INFO - routes.py:205 - Parsing resume from C:\Users\sharo\HireLens\uploads\Mock_Resume_4_AI_Intern.pdf
2026-01-24 21:02:52 - hirelens - INFO - resume_parser.py:363 - Parsing resume: C:\Users\sharo\HireLens\uploads\Mock_Resume_4_AI_Intern.pdf
2026-01-24 21:02:52 - hirelens - ERROR - resume_parser.py:399 - Error extracting resume components: 2 validation errors for Education
degree
  Field required [type=missing, input_value={'year': '2026'}, input_type=dict]
    For further information visit https://errors.pydantic.dev/2.12/v/missing
institution
  Field required [type=missing, input_value={'year': '2026'}, input_type=dict]
    For further information visit https://errors.pydantic.dev/2.12/v/missing
2026-01-24 21:02:52 - hirelens - INFO - resume_parser.py:416 - Resume parsed successfully. Found 0 skills
2026-01-24 21:02:52 - hirelens - INFO - resume_parser.py:436 - Resume saved to C:\Users\sharo\HireLens\data\parsed_resumes.json
2026-01-24 21:02:52 - hirelens - INFO - evaluation_engine.py:257 - Evaluating resume 3ef98382-e5dd-4788-88fd-658dd0cd190d against job a638a9fa-090b-4ae0-ab9f-8e2ccb39d6db
2026-01-24 21:02:52 - hirelens - INFO - evaluation_engine.py:267 - Calculating TF-IDF similarity...
2026-01-24 21:02:52 - hirelens - INFO - evaluation_engine.py:269 - TF-IDF score: 0.042
2026-01-24 21:02:52 - hirelens - INFO - evaluation_engine.py:271 - Calculating fuzzy skill match...
2026-01-24 21:02:52 - hirelens - INFO - evaluation_engine.py:273 - Fuzzy match score: 0.000
2026-01-24 21:02:52 - hirelens - INFO - evaluation_engine.py:275 - Calculating embedding similarity...
2026-01-24 21:02:52 - hirelens - INFO - evaluation_engine.py:277 - Embedding score: 0.426
2026-01-24 21:02:52 - hirelens - INFO - evaluation_engine.py:281 - Hybrid score: 18.31
2026-01-24 21:02:52 - hirelens - INFO - evaluation_engine.py:285 - Classification: Not Fit
2026-01-24 21:02:52 - hirelens - INFO - evaluation_engine.py:304 - Evaluation complete. Matched: 0, Missing: 17
2026-01-24 21:02:52 - hirelens - INFO - evaluation_engine.py:324 - Evaluation saved to C:\Users\sharo\HireLens\data\evaluations.json
2026-01-24 21:02:52 - hirelens - INFO - skill_gap_analyzer.py:172 - Analyzing skill gaps for resume 3ef98382-e5dd-4788-88fd-658dd0cd190d
2026-01-24 21:02:52 - hirelens - INFO - skill_gap_analyzer.py:205 - Skill gap analysis complete. Critical gaps: 17, Moderate gaps: 0, Weak areas: 0
2026-01-24 21:02:52 - hirelens - INFO - skill_gap_analyzer.py:228 - Skill gaps saved to C:\Users\sharo\HireLens\data\skill_gaps.json
2026-01-24 21:02:52 - hirelens - INFO - course_recommender.py:110 - Generating course recommendations for gap eeab2f83-ee19-441e-88d0-4613ec01f508
2026-01-24 21:02:52 - hirelens - WARNING - course_recommender.py:90 - No courses found for skill: AI
2026-01-24 21:02:52 - hirelens - INFO - course_recommender.py:147 - Found 2 courses for Angular
2026-01-24 21:02:52 - hirelens - WARNING - course_recommender.py:90 - No courses found for skill: CSS
2026-01-24 21:02:52 - hirelens - WARNING - course_recommender.py:90 - No courses found for skill: Documentation
2026-01-24 21:02:52 - hirelens - WARNING - course_recommender.py:90 - No courses found for skill: Firebase
2026-01-24 21:02:52 - hirelens - WARNING - course_recommender.py:90 - No courses found for skill: HTML
2026-01-24 21:02:52 - hirelens - INFO - course_recommender.py:147 - Found 3 courses for Java
2026-01-24 21:02:52 - hirelens - INFO - course_recommender.py:147 - Found 3 courses for Javascript
2026-01-24 21:02:52 - hirelens - WARNING - course_recommender.py:90 - No courses found for skill: Js
2026-01-24 21:02:52 - hirelens - WARNING - course_recommender.py:90 - No courses found for skill: Json
2026-01-24 21:02:52 - hirelens - INFO - course_recommender.py:147 - Found 2 courses for Mongodb
2026-01-24 21:02:52 - hirelens - WARNING - course_recommender.py:90 - No courses found for skill: Mysql
2026-01-24 21:02:52 - hirelens - WARNING - course_recommender.py:90 - No courses found for skill: Node
2026-01-24 21:02:52 - hirelens - INFO - course_recommender.py:147 - Found 2 courses for Node.Js
2026-01-24 21:02:52 - hirelens - INFO - course_recommender.py:147 - Found 3 courses for Python
2026-01-24 21:02:52 - hirelens - INFO - course_recommender.py:147 - Found 3 courses for React
2026-01-24 21:02:52 - hirelens - WARNING - course_recommender.py:90 - No courses found for skill: Vue
2026-01-24 21:02:52 - hirelens - INFO - course_recommender.py:149 - Generated recommendations for 7 skills
2026-01-24 21:02:52 - hirelens - INFO - course_recommender.py:172 - Recommendations saved to C:\Users\sharo\HireLens\data\recommendations.json
2026-01-24 21:02:52 - hirelens - INFO - feedback_generator.py:286 - Generating feedback for evaluation 0d850523-326a-4e24-8a01-057c4dddf084
2026-01-24 21:02:52 - hirelens - INFO - feedback_generator.py:305 - Feedback generated successfully
2026-01-24 21:02:52 - hirelens - INFO - feedback_generator.py:325 - Feedback saved to C:\Users\sharo\HireLens\data\feedback.json
2026-01-24 21:02:52 - hirelens - INFO - routes.py:201 - Evaluating resume: Mock_Resume_4_Full_Stack_Fresher.pdf
2026-01-24 21:02:52 - hirelens - INFO - routes.py:205 - Parsing resume from C:\Users\sharo\HireLens\uploads\Mock_Resume_4_Full_Stack_Fresher.pdf
2026-01-24 21:02:52 - hirelens - INFO - resume_parser.py:363 - Parsing resume: C:\Users\sharo\HireLens\uploads\Mock_Resume_4_Full_Stack_Fresher.pdf
2026-01-24 21:02:52 - hirelens - INFO - resume_parser.py:416 - Resume parsed successfully. Found 20 skills
2026-01-24 21:02:53 - hirelens - INFO - resume_parser.py:436 - Resume saved to C:\Users\sharo\HireLens\data\parsed_resumes.json
2026-01-24 21:02:53 - hirelens - INFO - evaluation_engine.py:257 - Evaluating resume 4f95e048-d5f0-474a-b3cf-be317154a4ba against job a638a9fa-090b-4ae0-ab9f-8e2ccb39d6db
2026-01-24 21:02:53 - hirelens - INFO - evaluation_engine.py:267 - Calculating TF-IDF similarity...
2026-01-24 21:02:53 - hirelens - INFO - evaluation_engine.py:269 - TF-IDF score: 0.331
2026-01-24 21:02:53 - hirelens - INFO - evaluation_engine.py:271 - Calculating fuzzy skill match...
2026-01-24 21:02:53 - hirelens - INFO - evaluation_engine.py:273 - Fuzzy match score: 0.898
2026-01-24 21:02:53 - hirelens - INFO - evaluation_engine.py:275 - Calculating embedding similarity...
2026-01-24 21:02:53 - hirelens - INFO - evaluation_engine.py:277 - Embedding score: 0.814
2026-01-24 21:02:53 - hirelens - INFO - evaluation_engine.py:281 - Hybrid score: 69.43
2026-01-24 21:02:53 - hirelens - INFO - evaluation_engine.py:285 - Classification: Average Fit
2026-01-24 21:02:53 - hirelens - INFO - evaluation_engine.py:304 - Evaluation complete. Matched: 14, Missing: 3
2026-01-24 21:02:53 - hirelens - INFO - evaluation_engine.py:324 - Evaluation saved to C:\Users\sharo\HireLens\data\evaluations.json
2026-01-24 21:02:53 - hirelens - INFO - skill_gap_analyzer.py:172 - Analyzing skill gaps for resume 4f95e048-d5f0-474a-b3cf-be317154a4ba
2026-01-24 21:02:53 - hirelens - INFO - skill_gap_analyzer.py:205 - Skill gap analysis complete. Critical gaps: 3, Moderate gaps: 0, Weak areas: 0
2026-01-24 21:02:53 - hirelens - INFO - skill_gap_analyzer.py:228 - Skill gaps saved to C:\Users\sharo\HireLens\data\skill_gaps.json
2026-01-24 21:02:53 - hirelens - INFO - course_recommender.py:110 - Generating course recommendations for gap 5811ca99-7074-4bf3-88a9-d93e42338f0b
2026-01-24 21:02:53 - hirelens - INFO - course_recommender.py:147 - Found 2 courses for Angular
2026-01-24 21:02:53 - hirelens - WARNING - course_recommender.py:90 - No courses found for skill: Documentation
2026-01-24 21:02:53 - hirelens - WARNING - course_recommender.py:90 - No courses found for skill: Vue
2026-01-24 21:02:53 - hirelens - INFO - course_recommender.py:149 - Generated recommendations for 1 skills
2026-01-24 21:02:53 - hirelens - INFO - course_recommender.py:172 - Recommendations saved to C:\Users\sharo\HireLens\data\recommendations.json
2026-01-24 21:02:53 - hirelens - INFO - feedback_generator.py:286 - Generating feedback for evaluation f4b794f9-6c51-4bd9-a3c2-2ab261c1d04c
2026-01-24 21:02:53 - hirelens - INFO - feedback_generator.py:305 - Feedback generated successfully
2026-01-24 21:02:53 - hirelens - INFO - feedback_generator.py:325 - Feedback saved to C:\Users\sharo\HireLens\data\feedback.json
2026-01-24 21:02:53 - hirelens - INFO - routes.py:201 - Evaluating resume: Mock_Resume_5_Data_Analyst.pdf
2026-01-24 21:02:53 - hirelens - INFO - routes.py:205 - Parsing resume from C:\Users\sharo\HireLens\uploads\Mock_Resume_5_Data_Analyst.pdf
2026-01-24 21:02:53 - hirelens - INFO - resume_parser.py:363 - Parsing resume: C:\Users\sharo\HireLens\uploads\Mock_Resume_5_Data_Analyst.pdf
2026-01-24 21:02:53 - hirelens - ERROR - resume_parser.py:399 - Error extracting resume components: 2 validation errors for Education
degree
  Field required [type=missing, input_value={'year': '2025'}, input_type=dict]
    For further information visit https://errors.pydantic.dev/2.12/v/missing
institution
  Field required [type=missing, input_value={'year': '2025'}, input_type=dict]
    For further information visit https://errors.pydantic.dev/2.12/v/missing
2026-01-24 21:02:53 - hirelens - INFO - resume_parser.py:416 - Resume parsed successfully. Found 0 skills
2026-01-24 21:02:53 - hirelens - INFO - resume_parser.py:436 - Resume saved to C:\Users\sharo\HireLens\data\parsed_resumes.json
2026-01-24 21:02:53 - hirelens - INFO - evaluation_engine.py:257 - Evaluating resume 201ab607-4fa4-40c7-9f7a-125f35ea51cc against job a638a9fa-090b-4ae0-ab9f-8e2ccb39d6db
2026-01-24 21:02:53 - hirelens - INFO - evaluation_engine.py:267 - Calculating TF-IDF similarity...
2026-01-24 21:02:53 - hirelens - INFO - evaluation_engine.py:269 - TF-IDF score: 0.032
2026-01-24 21:02:53 - hirelens - INFO - evaluation_engine.py:271 - Calculating fuzzy skill match...
2026-01-24 21:02:53 - hirelens - INFO - evaluation_engine.py:273 - Fuzzy match score: 0.000
2026-01-24 21:02:53 - hirelens - INFO - evaluation_engine.py:275 - Calculating embedding similarity...
2026-01-24 21:02:53 - hirelens - INFO - evaluation_engine.py:277 - Embedding score: 0.437
2026-01-24 21:02:53 - hirelens - INFO - evaluation_engine.py:281 - Hybrid score: 18.43
2026-01-24 21:02:53 - hirelens - INFO - evaluation_engine.py:285 - Classification: Not Fit
2026-01-24 21:02:53 - hirelens - INFO - evaluation_engine.py:304 - Evaluation complete. Matched: 0, Missing: 17
2026-01-24 21:02:53 - hirelens - INFO - evaluation_engine.py:324 - Evaluation saved to C:\Users\sharo\HireLens\data\evaluations.json
2026-01-24 21:02:53 - hirelens - INFO - skill_gap_analyzer.py:172 - Analyzing skill gaps for resume 201ab607-4fa4-40c7-9f7a-125f35ea51cc
2026-01-24 21:02:53 - hirelens - INFO - skill_gap_analyzer.py:205 - Skill gap analysis complete. Critical gaps: 17, Moderate gaps: 0, Weak areas: 0
2026-01-24 21:02:53 - hirelens - INFO - skill_gap_analyzer.py:228 - Skill gaps saved to C:\Users\sharo\HireLens\data\skill_gaps.json
2026-01-24 21:02:53 - hirelens - INFO - course_recommender.py:110 - Generating course recommendations for gap cda29942-eb87-4cdc-bd3e-85151d6fe8ec
2026-01-24 21:02:53 - hirelens - WARNING - course_recommender.py:90 - No courses found for skill: AI
2026-01-24 21:02:53 - hirelens - INFO - course_recommender.py:147 - Found 2 courses for Angular
2026-01-24 21:02:53 - hirelens - WARNING - course_recommender.py:90 - No courses found for skill: CSS
2026-01-24 21:02:53 - hirelens - WARNING - course_recommender.py:90 - No courses found for skill: Documentation
2026-01-24 21:02:53 - hirelens - WARNING - course_recommender.py:90 - No courses found for skill: Firebase
2026-01-24 21:02:53 - hirelens - WARNING - course_recommender.py:90 - No courses found for skill: HTML
2026-01-24 21:02:53 - hirelens - INFO - course_recommender.py:147 - Found 3 courses for Java
2026-01-24 21:02:53 - hirelens - INFO - course_recommender.py:147 - Found 3 courses for Javascript
2026-01-24 21:02:53 - hirelens - WARNING - course_recommender.py:90 - No courses found for skill: Js
2026-01-24 21:02:53 - hirelens - WARNING - course_recommender.py:90 - No courses found for skill: Json
2026-01-24 21:02:53 - hirelens - INFO - course_recommender.py:147 - Found 2 courses for Mongodb
2026-01-24 21:02:53 - hirelens - WARNING - course_recommender.py:90 - No courses found for skill: Mysql
2026-01-24 21:02:53 - hirelens - WARNING - course_recommender.py:90 - No courses found for skill: Node
2026-01-24 21:02:53 - hirelens - INFO - course_recommender.py:147 - Found 2 courses for Node.Js
2026-01-24 21:02:53 - hirelens - INFO - course_recommender.py:147 - Found 3 courses for Python
2026-01-24 21:02:53 - hirelens - INFO - course_recommender.py:147 - Found 3 courses for React
2026-01-24 21:02:53 - hirelens - WARNING - course_recommender.py:90 - No courses found for skill: Vue
2026-01-24 21:02:53 - hirelens - INFO - course_recommender.py:149 - Generated recommendations for 7 skills
2026-01-24 21:02:53 - hirelens - INFO - course_recommender.py:172 - Recommendations saved to C:\Users\sharo\HireLens\data\recommendations.json
2026-01-24 21:02:53 - hirelens - INFO - feedback_generator.py:286 - Generating feedback for evaluation 3a0ca90e-acec-4ac8-a39d-6df5c037985b
2026-01-24 21:02:53 - hirelens - INFO - feedback_generator.py:305 - Feedback generated successfully
2026-01-24 21:02:53 - hirelens - INFO - feedback_generator.py:325 - Feedback saved to C:\Users\sharo\HireLens\data\feedback.json
2026-01-24 21:02:53 - hirelens - INFO - routes.py:201 - Evaluating resume: Mock_Resume_5_Full_Stack_Fresher.pdf
2026-01-24 21:02:53 - hirelens - INFO - routes.py:205 - Parsing resume from C:\Users\sharo\HireLens\uploads\Mock_Resume_5_Full_Stack_Fresher.pdf
2026-01-24 21:02:53 - hirelens - INFO - resume_parser.py:363 - Parsing resume: C:\Users\sharo\HireLens\uploads\Mock_Resume_5_Full_Stack_Fresher.pdf
2026-01-24 21:02:53 - hirelens - INFO - resume_parser.py:416 - Resume parsed successfully. Found 20 skills
2026-01-24 21:02:53 - hirelens - INFO - resume_parser.py:436 - Resume saved to C:\Users\sharo\HireLens\data\parsed_resumes.json
2026-01-24 21:02:53 - hirelens - INFO - evaluation_engine.py:257 - Evaluating resume 6ff6f205-fb32-4cdd-9e5a-595098c54b81 against job a638a9fa-090b-4ae0-ab9f-8e2ccb39d6db
2026-01-24 21:02:53 - hirelens - INFO - evaluation_engine.py:267 - Calculating TF-IDF similarity...
2026-01-24 21:02:53 - hirelens - INFO - evaluation_engine.py:269 - TF-IDF score: 0.331
2026-01-24 21:02:53 - hirelens - INFO - evaluation_engine.py:271 - Calculating fuzzy skill match...
2026-01-24 21:02:53 - hirelens - INFO - evaluation_engine.py:273 - Fuzzy match score: 0.898
2026-01-24 21:02:53 - hirelens - INFO - evaluation_engine.py:275 - Calculating embedding similarity...
2026-01-24 21:02:54 - hirelens - INFO - evaluation_engine.py:277 - Embedding score: 0.813
2026-01-24 21:02:54 - hirelens - INFO - evaluation_engine.py:281 - Hybrid score: 69.39
2026-01-24 21:02:54 - hirelens - INFO - evaluation_engine.py:285 - Classification: Average Fit
2026-01-24 21:02:54 - hirelens - INFO - evaluation_engine.py:304 - Evaluation complete. Matched: 14, Missing: 3
2026-01-24 21:02:54 - hirelens - INFO - evaluation_engine.py:324 - Evaluation saved to C:\Users\sharo\HireLens\data\evaluations.json
2026-01-24 21:02:54 - hirelens - INFO - skill_gap_analyzer.py:172 - Analyzing skill gaps for resume 6ff6f205-fb32-4cdd-9e5a-595098c54b81
2026-01-24 21:02:54 - hirelens - INFO - skill_gap_analyzer.py:205 - Skill gap analysis complete. Critical gaps: 3, Moderate gaps: 0, Weak areas: 0
2026-01-24 21:02:54 - hirelens - INFO - skill_gap_analyzer.py:228 - Skill gaps saved to C:\Users\sharo\HireLens\data\skill_gaps.json
2026-01-24 21:02:54 - hirelens - INFO - course_recommender.py:110 - Generating course recommendations for gap c934944d-22d2-4a8c-b3e3-fe942bc113cc
2026-01-24 21:02:54 - hirelens - INFO - course_recommender.py:147 - Found 2 courses for Angular
2026-01-24 21:02:54 - hirelens - WARNING - course_recommender.py:90 - No courses found for skill: Documentation
2026-01-24 21:02:54 - hirelens - WARNING - course_recommender.py:90 - No courses found for skill: Vue
2026-01-24 21:02:54 - hirelens - INFO - course_recommender.py:149 - Generated recommendations for 1 skills
2026-01-24 21:02:54 - hirelens - INFO - course_recommender.py:172 - Recommendations saved to C:\Users\sharo\HireLens\data\recommendations.json
2026-01-24 21:02:54 - hirelens - INFO - feedback_generator.py:286 - Generating feedback for evaluation 4f73436c-500a-48a9-92d6-a10f8f0118c6
2026-01-24 21:02:54 - hirelens - INFO - feedback_generator.py:305 - Feedback generated successfully
2026-01-24 21:02:54 - hirelens - INFO - feedback_generator.py:325 - Feedback saved to C:\Users\sharo\HireLens\data\feedback.json
2026-01-24 21:02:54 - hirelens - INFO - routes.py:201 - Evaluating resume: Mock_Resume_6_Full_Stack_Fresher.pdf
2026-01-24 21:02:54 - hirelens - INFO - routes.py:205 - Parsing resume from C:\Users\sharo\HireLens\uploads\Mock_Resume_6_Full_Stack_Fresher.pdf
2026-01-24 21:02:54 - hirelens - INFO - resume_parser.py:363 - Parsing resume: C:\Users\sharo\HireLens\uploads\Mock_Resume_6_Full_Stack_Fresher.pdf
2026-01-24 21:02:54 - hirelens - INFO - resume_parser.py:416 - Resume parsed successfully. Found 20 skills
2026-01-24 21:02:54 - hirelens - INFO - resume_parser.py:436 - Resume saved to C:\Users\sharo\HireLens\data\parsed_resumes.json
2026-01-24 21:02:54 - hirelens - INFO - evaluation_engine.py:257 - Evaluating resume 5748bc45-859d-4c05-ae68-5a11c97544a1 against job a638a9fa-090b-4ae0-ab9f-8e2ccb39d6db
2026-01-24 21:02:54 - hirelens - INFO - evaluation_engine.py:267 - Calculating TF-IDF similarity...
2026-01-24 21:02:54 - hirelens - INFO - evaluation_engine.py:269 - TF-IDF score: 0.331
2026-01-24 21:02:54 - hirelens - INFO - evaluation_engine.py:271 - Calculating fuzzy skill match...
2026-01-24 21:02:54 - hirelens - INFO - evaluation_engine.py:273 - Fuzzy match score: 0.898
2026-01-24 21:02:54 - hirelens - INFO - evaluation_engine.py:275 - Calculating embedding similarity...
2026-01-24 21:02:54 - hirelens - INFO - evaluation_engine.py:277 - Embedding score: 0.839
2026-01-24 21:02:54 - hirelens - INFO - evaluation_engine.py:281 - Hybrid score: 70.43
2026-01-24 21:02:54 - hirelens - INFO - evaluation_engine.py:285 - Classification: Average Fit
2026-01-24 21:02:54 - hirelens - INFO - evaluation_engine.py:304 - Evaluation complete. Matched: 14, Missing: 3
2026-01-24 21:02:54 - hirelens - INFO - evaluation_engine.py:324 - Evaluation saved to C:\Users\sharo\HireLens\data\evaluations.json
2026-01-24 21:02:54 - hirelens - INFO - skill_gap_analyzer.py:172 - Analyzing skill gaps for resume 5748bc45-859d-4c05-ae68-5a11c97544a1
2026-01-24 21:02:54 - hirelens - INFO - skill_gap_analyzer.py:205 - Skill gap analysis complete. Critical gaps: 3, Moderate gaps: 0, Weak areas: 0
2026-01-24 21:02:54 - hirelens - INFO - skill_gap_analyzer.py:228 - Skill gaps saved to C:\Users\sharo\HireLens\data\skill_gaps.json
2026-01-24 21:02:54 - hirelens - INFO - course_recommender.py:110 - Generating course recommendations for gap bfe87aa4-64d3-4954-a5f9-0e182bf4abeb
2026-01-24 21:02:54 - hirelens - INFO - course_recommender.py:147 - Found 2 courses for Angular
2026-01-24 21:02:54 - hirelens - WARNING - course_recommender.py:90 - No courses found for skill: Documentation
2026-01-24 21:02:54 - hirelens - WARNING - course_recommender.py:90 - No courses found for skill: Vue
2026-01-24 21:02:54 - hirelens - INFO - course_recommender.py:149 - Generated recommendations for 1 skills
2026-01-24 21:02:54 - hirelens - INFO - course_recommender.py:172 - Recommendations saved to C:\Users\sharo\HireLens\data\recommendations.json
2026-01-24 21:02:54 - hirelens - INFO - feedback_generator.py:286 - Generating feedback for evaluation 4995cc0c-9d18-4033-90ab-d20bdd0731f7
2026-01-24 21:02:54 - hirelens - INFO - feedback_generator.py:305 - Feedback generated successfully
2026-01-24 21:02:54 - hirelens - INFO - feedback_generator.py:325 - Feedback saved to C:\Users\sharo\HireLens\data\feedback.json
2026-01-24 21:02:54 - hirelens - INFO - routes.py:201 - Evaluating resume: Mock_Resume_6_Java_Developer.pdf
2026-01-24 21:02:54 - hirelens - INFO - routes.py:205 - Parsing resume from C:\Users\sharo\HireLens\uploads\Mock_Resume_6_Java_Developer.pdf
2026-01-24 21:02:54 - hirelens - INFO - resume_parser.py:363 - Parsing resume: C:\Users\sharo\HireLens\uploads\Mock_Resume_6_Java_Developer.pdf
2026-01-24 21:02:54 - hirelens - ERROR - resume_parser.py:399 - Error extracting resume components: 2 validation errors for Education
degree
  Field required [type=missing, input_value={'year': '2026'}, input_type=dict]
    For further information visit https://errors.pydantic.dev/2.12/v/missing
institution
  Field required [type=missing, input_value={'year': '2026'}, input_type=dict]
    For further information visit https://errors.pydantic.dev/2.12/v/missing
2026-01-24 21:02:54 - hirelens - INFO - resume_parser.py:416 - Resume parsed successfully. Found 0 skills
2026-01-24 21:02:54 - hirelens - INFO - resume_parser.py:436 - Resume saved to C:\Users\sharo\HireLens\data\parsed_resumes.json
2026-01-24 21:02:54 - hirelens - INFO - evaluation_engine.py:257 - Evaluating resume 0c86e19a-5bb9-425a-aae6-45067e1333d5 against job a638a9fa-090b-4ae0-ab9f-8e2ccb39d6db
2026-01-24 21:02:54 - hirelens - INFO - evaluation_engine.py:267 - Calculating TF-IDF similarity...
2026-01-24 21:02:54 - hirelens - INFO - evaluation_engine.py:269 - TF-IDF score: 0.050
2026-01-24 21:02:54 - hirelens - INFO - evaluation_engine.py:271 - Calculating fuzzy skill match...
2026-01-24 21:02:54 - hirelens - INFO - evaluation_engine.py:273 - Fuzzy match score: 0.000
2026-01-24 21:02:54 - hirelens - INFO - evaluation_engine.py:275 - Calculating embedding similarity...
2026-01-24 21:02:54 - hirelens - INFO - evaluation_engine.py:277 - Embedding score: 0.516
2026-01-24 21:02:54 - hirelens - INFO - evaluation_engine.py:281 - Hybrid score: 22.15
2026-01-24 21:02:54 - hirelens - INFO - evaluation_engine.py:285 - Classification: Not Fit
2026-01-24 21:02:54 - hirelens - INFO - evaluation_engine.py:304 - Evaluation complete. Matched: 0, Missing: 17
2026-01-24 21:02:55 - hirelens - INFO - evaluation_engine.py:324 - Evaluation saved to C:\Users\sharo\HireLens\data\evaluations.json
2026-01-24 21:02:55 - hirelens - INFO - skill_gap_analyzer.py:172 - Analyzing skill gaps for resume 0c86e19a-5bb9-425a-aae6-45067e1333d5
2026-01-24 21:02:55 - hirelens - INFO - skill_gap_analyzer.py:205 - Skill gap analysis complete. Critical gaps: 17, Moderate gaps: 0, Weak areas: 0
2026-01-24 21:02:55 - hirelens - INFO - skill_gap_analyzer.py:228 - Skill gaps saved to C:\Users\sharo\HireLens\data\skill_gaps.json
2026-01-24 21:02:55 - hirelens - INFO - course_recommender.py:110 - Generating course recommendations for gap 3a48ef58-0834-40d3-99bb-00c3ece82c03
2026-01-24 21:02:55 - hirelens - WARNING - course_recommender.py:90 - No courses found for skill: AI
2026-01-24 21:02:55 - hirelens - INFO - course_recommender.py:147 - Found 2 courses for Angular
2026-01-24 21:02:55 - hirelens - WARNING - course_recommender.py:90 - No courses found for skill: CSS
2026-01-24 21:02:55 - hirelens - WARNING - course_recommender.py:90 - No courses found for skill: Documentation
2026-01-24 21:02:55 - hirelens - WARNING - course_recommender.py:90 - No courses found for skill: Firebase
2026-01-24 21:02:55 - hirelens - WARNING - course_recommender.py:90 - No courses found for skill: HTML
2026-01-24 21:02:55 - hirelens - INFO - course_recommender.py:147 - Found 3 courses for Java
2026-01-24 21:02:55 - hirelens - INFO - course_recommender.py:147 - Found 3 courses for Javascript
2026-01-24 21:02:55 - hirelens - WARNING - course_recommender.py:90 - No courses found for skill: Js
2026-01-24 21:02:55 - hirelens - WARNING - course_recommender.py:90 - No courses found for skill: Json
2026-01-24 21:02:55 - hirelens - INFO - course_recommender.py:147 - Found 2 courses for Mongodb
2026-01-24 21:02:55 - hirelens - WARNING - course_recommender.py:90 - No courses found for skill: Mysql
2026-01-24 21:02:55 - hirelens - WARNING - course_recommender.py:90 - No courses found for skill: Node
2026-01-24 21:02:55 - hirelens - INFO - course_recommender.py:147 - Found 2 courses for Node.Js
2026-01-24 21:02:55 - hirelens - INFO - course_recommender.py:147 - Found 3 courses for Python
2026-01-24 21:02:55 - hirelens - INFO - course_recommender.py:147 - Found 3 courses for React
2026-01-24 21:02:55 - hirelens - WARNING - course_recommender.py:90 - No courses found for skill: Vue
2026-01-24 21:02:55 - hirelens - INFO - course_recommender.py:149 - Generated recommendations for 7 skills
2026-01-24 21:02:55 - hirelens - INFO - course_recommender.py:172 - Recommendations saved to C:\Users\sharo\HireLens\data\recommendations.json
2026-01-24 21:02:55 - hirelens - INFO - feedback_generator.py:286 - Generating feedback for evaluation ff214b20-94a8-436c-be44-bf880597a4c6
2026-01-24 21:02:55 - hirelens - INFO - feedback_generator.py:305 - Feedback generated successfully
2026-01-24 21:02:55 - hirelens - INFO - feedback_generator.py:325 - Feedback saved to C:\Users\sharo\HireLens\data\feedback.json
2026-01-24 21:02:55 - hirelens - INFO - routes.py:201 - Evaluating resume: Mock_Resume_7_Full_Stack_Fresher.pdf
2026-01-24 21:02:55 - hirelens - INFO - routes.py:205 - Parsing resume from C:\Users\sharo\HireLens\uploads\Mock_Resume_7_Full_Stack_Fresher.pdf
2026-01-24 21:02:55 - hirelens - INFO - resume_parser.py:363 - Parsing resume: C:\Users\sharo\HireLens\uploads\Mock_Resume_7_Full_Stack_Fresher.pdf
2026-01-24 21:02:55 - hirelens - INFO - resume_parser.py:416 - Resume parsed successfully. Found 20 skills
2026-01-24 21:02:55 - hirelens - INFO - resume_parser.py:436 - Resume saved to C:\Users\sharo\HireLens\data\parsed_resumes.json
2026-01-24 21:02:55 - hirelens - INFO - evaluation_engine.py:257 - Evaluating resume 421b5f27-1a11-4706-b553-b87e92ac51ba against job a638a9fa-090b-4ae0-ab9f-8e2ccb39d6db
2026-01-24 21:02:55 - hirelens - INFO - evaluation_engine.py:267 - Calculating TF-IDF similarity...
2026-01-24 21:02:55 - hirelens - INFO - evaluation_engine.py:269 - TF-IDF score: 0.331
2026-01-24 21:02:55 - hirelens - INFO - evaluation_engine.py:271 - Calculating fuzzy skill match...
2026-01-24 21:02:55 - hirelens - INFO - evaluation_engine.py:273 - Fuzzy match score: 0.898
2026-01-24 21:02:55 - hirelens - INFO - evaluation_engine.py:275 - Calculating embedding similarity...
2026-01-24 21:02:55 - hirelens - INFO - evaluation_engine.py:277 - Embedding score: 0.835
2026-01-24 21:02:55 - hirelens - INFO - evaluation_engine.py:281 - Hybrid score: 70.27
2026-01-24 21:02:55 - hirelens - INFO - evaluation_engine.py:285 - Classification: Average Fit
2026-01-24 21:02:55 - hirelens - INFO - evaluation_engine.py:304 - Evaluation complete. Matched: 14, Missing: 3
2026-01-24 21:02:55 - hirelens - INFO - evaluation_engine.py:324 - Evaluation saved to C:\Users\sharo\HireLens\data\evaluations.json
2026-01-24 21:02:55 - hirelens - INFO - skill_gap_analyzer.py:172 - Analyzing skill gaps for resume 421b5f27-1a11-4706-b553-b87e92ac51ba
2026-01-24 21:02:55 - hirelens - INFO - skill_gap_analyzer.py:205 - Skill gap analysis complete. Critical gaps: 3, Moderate gaps: 0, Weak areas: 0
2026-01-24 21:02:55 - hirelens - INFO - skill_gap_analyzer.py:228 - Skill gaps saved to C:\Users\sharo\HireLens\data\skill_gaps.json
2026-01-24 21:02:55 - hirelens - INFO - course_recommender.py:110 - Generating course recommendations for gap f80d3fed-1ca4-4110-bf22-4e81f19ca497
2026-01-24 21:02:55 - hirelens - INFO - course_recommender.py:147 - Found 2 courses for Angular
2026-01-24 21:02:55 - hirelens - WARNING - course_recommender.py:90 - No courses found for skill: Documentation
2026-01-24 21:02:55 - hirelens - WARNING - course_recommender.py:90 - No courses found for skill: Vue
2026-01-24 21:02:55 - hirelens - INFO - course_recommender.py:149 - Generated recommendations for 1 skills
2026-01-24 21:02:55 - hirelens - INFO - course_recommender.py:172 - Recommendations saved to C:\Users\sharo\HireLens\data\recommendations.json
2026-01-24 21:02:55 - hirelens - INFO - feedback_generator.py:286 - Generating feedback for evaluation 45e59d94-6bc6-4c5e-8a05-82a011294773
2026-01-24 21:02:55 - hirelens - INFO - feedback_generator.py:305 - Feedback generated successfully
2026-01-24 21:02:55 - hirelens - INFO - feedback_generator.py:325 - Feedback saved to C:\Users\sharo\HireLens\data\feedback.json
2026-01-24 21:02:55 - hirelens - INFO - routes.py:201 - Evaluating resume: Mock_Resume_7_React_Developer.pdf
2026-01-24 21:02:55 - hirelens - INFO - routes.py:205 - Parsing resume from C:\Users\sharo\HireLens\uploads\Mock_Resume_7_React_Developer.pdf
2026-01-24 21:02:55 - hirelens - INFO - resume_parser.py:363 - Parsing resume: C:\Users\sharo\HireLens\uploads\Mock_Resume_7_React_Developer.pdf
2026-01-24 21:02:55 - hirelens - ERROR - resume_parser.py:399 - Error extracting resume components: 1 validation error for Education
institution
  Field required [type=missing, input_value={'degree': 'B.Tech CSE, 2025', 'year': '2025'}, input_type=dict]
    For further information visit https://errors.pydantic.dev/2.12/v/missing
2026-01-24 21:02:55 - hirelens - INFO - resume_parser.py:416 - Resume parsed successfully. Found 0 skills
2026-01-24 21:02:55 - hirelens - INFO - resume_parser.py:436 - Resume saved to C:\Users\sharo\HireLens\data\parsed_resumes.json
2026-01-24 21:02:55 - hirelens - INFO - evaluation_engine.py:257 - Evaluating resume b2f441cb-e13e-43da-a447-889273c0e11b against job a638a9fa-090b-4ae0-ab9f-8e2ccb39d6db
2026-01-24 21:02:55 - hirelens - INFO - evaluation_engine.py:267 - Calculating TF-IDF similarity...
2026-01-24 21:02:55 - hirelens - INFO - evaluation_engine.py:269 - TF-IDF score: 0.063
2026-01-24 21:02:55 - hirelens - INFO - evaluation_engine.py:271 - Calculating fuzzy skill match...
2026-01-24 21:02:55 - hirelens - INFO - evaluation_engine.py:273 - Fuzzy match score: 0.000
2026-01-24 21:02:55 - hirelens - INFO - evaluation_engine.py:275 - Calculating embedding similarity...
2026-01-24 21:02:55 - hirelens - INFO - evaluation_engine.py:277 - Embedding score: 0.623
2026-01-24 21:02:55 - hirelens - INFO - evaluation_engine.py:281 - Hybrid score: 26.78
2026-01-24 21:02:55 - hirelens - INFO - evaluation_engine.py:285 - Classification: Not Fit
2026-01-24 21:02:55 - hirelens - INFO - evaluation_engine.py:304 - Evaluation complete. Matched: 0, Missing: 17
2026-01-24 21:02:55 - hirelens - INFO - evaluation_engine.py:324 - Evaluation saved to C:\Users\sharo\HireLens\data\evaluations.json
2026-01-24 21:02:55 - hirelens - INFO - skill_gap_analyzer.py:172 - Analyzing skill gaps for resume b2f441cb-e13e-43da-a447-889273c0e11b
2026-01-24 21:02:55 - hirelens - INFO - skill_gap_analyzer.py:205 - Skill gap analysis complete. Critical gaps: 17, Moderate gaps: 0, Weak areas: 0
2026-01-24 21:02:56 - hirelens - INFO - skill_gap_analyzer.py:228 - Skill gaps saved to C:\Users\sharo\HireLens\data\skill_gaps.json
2026-01-24 21:02:56 - hirelens - INFO - course_recommender.py:110 - Generating course recommendations for gap be1e2df0-5be8-4e46-8fd9-e53db437f6d8
2026-01-24 21:02:56 - hirelens - WARNING - course_recommender.py:90 - No courses found for skill: AI
2026-01-24 21:02:56 - hirelens - INFO - course_recommender.py:147 - Found 2 courses for Angular
2026-01-24 21:02:56 - hirelens - WARNING - course_recommender.py:90 - No courses found for skill: CSS
2026-01-24 21:02:56 - hirelens - WARNING - course_recommender.py:90 - No courses found for skill: Documentation
2026-01-24 21:02:56 - hirelens - WARNING - course_recommender.py:90 - No courses found for skill: Firebase
2026-01-24 21:02:56 - hirelens - WARNING - course_recommender.py:90 - No courses found for skill: HTML
2026-01-24 21:02:56 - hirelens - INFO - course_recommender.py:147 - Found 3 courses for Java
2026-01-24 21:02:56 - hirelens - INFO - course_recommender.py:147 - Found 3 courses for Javascript
2026-01-24 21:02:56 - hirelens - WARNING - course_recommender.py:90 - No courses found for skill: Js
2026-01-24 21:02:56 - hirelens - WARNING - course_recommender.py:90 - No courses found for skill: Json
2026-01-24 21:02:56 - hirelens - INFO - course_recommender.py:147 - Found 2 courses for Mongodb
2026-01-24 21:02:56 - hirelens - WARNING - course_recommender.py:90 - No courses found for skill: Mysql
2026-01-24 21:02:56 - hirelens - WARNING - course_recommender.py:90 - No courses found for skill: Node
2026-01-24 21:02:56 - hirelens - INFO - course_recommender.py:147 - Found 2 courses for Node.Js
2026-01-24 21:02:56 - hirelens - INFO - course_recommender.py:147 - Found 3 courses for Python
2026-01-24 21:02:56 - hirelens - INFO - course_recommender.py:147 - Found 3 courses for React
2026-01-24 21:02:56 - hirelens - WARNING - course_recommender.py:90 - No courses found for skill: Vue
2026-01-24 21:02:56 - hirelens - INFO - course_recommender.py:149 - Generated recommendations for 7 skills
2026-01-24 21:02:56 - hirelens - INFO - course_recommender.py:172 - Recommendations saved to C:\Users\sharo\HireLens\data\recommendations.json
2026-01-24 21:02:56 - hirelens - INFO - feedback_generator.py:286 - Generating feedback for evaluation f755da47-188d-4491-b15e-39d0cc713a75
2026-01-24 21:02:56 - hirelens - INFO - feedback_generator.py:305 - Feedback generated successfully
2026-01-24 21:02:56 - hirelens - INFO - feedback_generator.py:325 - Feedback saved to C:\Users\sharo\HireLens\data\feedback.json
2026-01-24 21:02:56 - hirelens - INFO - routes.py:201 - Evaluating resume: Mock_Resume_8_Digital_Marketer.pdf
2026-01-24 21:02:56 - hirelens - INFO - routes.py:205 - Parsing resume from C:\Users\sharo\HireLens\uploads\Mock_Resume_8_Digital_Marketer.pdf
2026-01-24 21:02:56 - hirelens - INFO - resume_parser.py:363 - Parsing resume: C:\Users\sharo\HireLens\uploads\Mock_Resume_8_Digital_Marketer.pdf
2026-01-24 21:02:56 - hirelens - ERROR - resume_parser.py:399 - Error extracting resume components: 2 validation errors for Education
degree
  Field required [type=missing, input_value={'year': '2024'}, input_type=dict]
    For further information visit https://errors.pydantic.dev/2.12/v/missing
institution
  Field required [type=missing, input_value={'year': '2024'}, input_type=dict]
    For further information visit https://errors.pydantic.dev/2.12/v/missing
2026-01-24 21:02:56 - hirelens - INFO - resume_parser.py:416 - Resume parsed successfully. Found 0 skills
2026-01-24 21:02:56 - hirelens - INFO - resume_parser.py:436 - Resume saved to C:\Users\sharo\HireLens\data\parsed_resumes.json
2026-01-24 21:02:56 - hirelens - INFO - evaluation_engine.py:257 - Evaluating resume a531c95d-9808-4328-9552-1260148b0d8b against job a638a9fa-090b-4ae0-ab9f-8e2ccb39d6db
2026-01-24 21:02:56 - hirelens - INFO - evaluation_engine.py:267 - Calculating TF-IDF similarity...
2026-01-24 21:02:56 - hirelens - INFO - evaluation_engine.py:269 - TF-IDF score: 0.027
2026-01-24 21:02:56 - hirelens - INFO - evaluation_engine.py:271 - Calculating fuzzy skill match...
2026-01-24 21:02:56 - hirelens - INFO - evaluation_engine.py:273 - Fuzzy match score: 0.000
2026-01-24 21:02:56 - hirelens - INFO - evaluation_engine.py:275 - Calculating embedding similarity...
2026-01-24 21:02:56 - hirelens - INFO - evaluation_engine.py:277 - Embedding score: 0.430
2026-01-24 21:02:56 - hirelens - INFO - evaluation_engine.py:281 - Hybrid score: 18.01
2026-01-24 21:02:56 - hirelens - INFO - evaluation_engine.py:285 - Classification: Not Fit
2026-01-24 21:02:56 - hirelens - INFO - evaluation_engine.py:304 - Evaluation complete. Matched: 0, Missing: 17
2026-01-24 21:02:56 - hirelens - INFO - evaluation_engine.py:324 - Evaluation saved to C:\Users\sharo\HireLens\data\evaluations.json
2026-01-24 21:02:56 - hirelens - INFO - skill_gap_analyzer.py:172 - Analyzing skill gaps for resume a531c95d-9808-4328-9552-1260148b0d8b
2026-01-24 21:02:56 - hirelens - INFO - skill_gap_analyzer.py:205 - Skill gap analysis complete. Critical gaps: 17, Moderate gaps: 0, Weak areas: 0
2026-01-24 21:02:56 - hirelens - INFO - skill_gap_analyzer.py:228 - Skill gaps saved to C:\Users\sharo\HireLens\data\skill_gaps.json
2026-01-24 21:02:56 - hirelens - INFO - course_recommender.py:110 - Generating course recommendations for gap b3f1ff00-b494-4fee-8c33-eec1c8d18ebf
2026-01-24 21:02:56 - hirelens - WARNING - course_recommender.py:90 - No courses found for skill: AI
2026-01-24 21:02:56 - hirelens - INFO - course_recommender.py:147 - Found 2 courses for Angular
2026-01-24 21:02:56 - hirelens - WARNING - course_recommender.py:90 - No courses found for skill: CSS
2026-01-24 21:02:56 - hirelens - WARNING - course_recommender.py:90 - No courses found for skill: Documentation
2026-01-24 21:02:56 - hirelens - WARNING - course_recommender.py:90 - No courses found for skill: Firebase
2026-01-24 21:02:56 - hirelens - WARNING - course_recommender.py:90 - No courses found for skill: HTML
2026-01-24 21:02:56 - hirelens - INFO - course_recommender.py:147 - Found 3 courses for Java
2026-01-24 21:02:56 - hirelens - INFO - course_recommender.py:147 - Found 3 courses for Javascript
2026-01-24 21:02:56 - hirelens - WARNING - course_recommender.py:90 - No courses found for skill: Js
2026-01-24 21:02:56 - hirelens - WARNING - course_recommender.py:90 - No courses found for skill: Json
2026-01-24 21:02:56 - hirelens - INFO - course_recommender.py:147 - Found 2 courses for Mongodb
2026-01-24 21:02:56 - hirelens - WARNING - course_recommender.py:90 - No courses found for skill: Mysql
2026-01-24 21:02:56 - hirelens - WARNING - course_recommender.py:90 - No courses found for skill: Node
2026-01-24 21:02:56 - hirelens - INFO - course_recommender.py:147 - Found 2 courses for Node.Js
2026-01-24 21:02:56 - hirelens - INFO - course_recommender.py:147 - Found 3 courses for Python
2026-01-24 21:02:56 - hirelens - INFO - course_recommender.py:147 - Found 3 courses for React
2026-01-24 21:02:56 - hirelens - WARNING - course_recommender.py:90 - No courses found for skill: Vue
2026-01-24 21:02:56 - hirelens - INFO - course_recommender.py:149 - Generated recommendations for 7 skills
2026-01-24 21:02:56 - hirelens - INFO - course_recommender.py:172 - Recommendations saved to C:\Users\sharo\HireLens\data\recommendations.json
2026-01-24 21:02:56 - hirelens - INFO - feedback_generator.py:286 - Generating feedback for evaluation 57d8faeb-61d3-4982-99a8-8ac9015893a2
2026-01-24 21:02:56 - hirelens - INFO - feedback_generator.py:305 - Feedback generated successfully
2026-01-24 21:02:56 - hirelens - INFO - feedback_generator.py:325 - Feedback saved to C:\Users\sharo\HireLens\data\feedback.json
2026-01-24 21:02:56 - hirelens - INFO - routes.py:201 - Evaluating resume: Mock_Resume_8_Full_Stack_Fresher.pdf
2026-01-24 21:02:56 - hirelens - INFO - routes.py:205 - Parsing resume from C:\Users\sharo\HireLens\uploads\Mock_Resume_8_Full_Stack_Fresher.pdf
2026-01-24 21:02:56 - hirelens - INFO - resume_parser.py:363 - Parsing resume: C:\Users\sharo\HireLens\uploads\Mock_Resume_8_Full_Stack_Fresher.pdf
2026-01-24 21:02:56 - hirelens - INFO - resume_parser.py:416 - Resume parsed successfully. Found 20 skills
2026-01-24 21:02:56 - hirelens - INFO - resume_parser.py:436 - Resume saved to C:\Users\sharo\HireLens\data\parsed_resumes.json
2026-01-24 21:02:56 - hirelens - INFO - evaluation_engine.py:257 - Evaluating resume 8758aa3d-0d3e-44d1-b628-2fddb7891824 against job a638a9fa-090b-4ae0-ab9f-8e2ccb39d6db
2026-01-24 21:02:56 - hirelens - INFO - evaluation_engine.py:267 - Calculating TF-IDF similarity...
2026-01-24 21:02:56 - hirelens - INFO - evaluation_engine.py:269 - TF-IDF score: 0.331
2026-01-24 21:02:56 - hirelens - INFO - evaluation_engine.py:271 - Calculating fuzzy skill match...
2026-01-24 21:02:56 - hirelens - INFO - evaluation_engine.py:273 - Fuzzy match score: 0.898
2026-01-24 21:02:56 - hirelens - INFO - evaluation_engine.py:275 - Calculating embedding similarity...
2026-01-24 21:02:56 - hirelens - INFO - evaluation_engine.py:277 - Embedding score: 0.830
2026-01-24 21:02:56 - hirelens - INFO - evaluation_engine.py:281 - Hybrid score: 70.10
2026-01-24 21:02:56 - hirelens - INFO - evaluation_engine.py:285 - Classification: Average Fit
2026-01-24 21:02:56 - hirelens - INFO - evaluation_engine.py:304 - Evaluation complete. Matched: 14, Missing: 3
2026-01-24 21:02:56 - hirelens - INFO - evaluation_engine.py:324 - Evaluation saved to C:\Users\sharo\HireLens\data\evaluations.json
2026-01-24 21:02:56 - hirelens - INFO - skill_gap_analyzer.py:172 - Analyzing skill gaps for resume 8758aa3d-0d3e-44d1-b628-2fddb7891824
2026-01-24 21:02:56 - hirelens - INFO - skill_gap_analyzer.py:205 - Skill gap analysis complete. Critical gaps: 3, Moderate gaps: 0, Weak areas: 0
2026-01-24 21:02:56 - hirelens - INFO - skill_gap_analyzer.py:228 - Skill gaps saved to C:\Users\sharo\HireLens\data\skill_gaps.json
2026-01-24 21:02:56 - hirelens - INFO - course_recommender.py:110 - Generating course recommendations for gap 373b2ccd-ad21-489d-a476-f6d76d2083aa
2026-01-24 21:02:56 - hirelens - INFO - course_recommender.py:147 - Found 2 courses for Angular
2026-01-24 21:02:56 - hirelens - WARNING - course_recommender.py:90 - No courses found for skill: Documentation
2026-01-24 21:02:56 - hirelens - WARNING - course_recommender.py:90 - No courses found for skill: Vue
2026-01-24 21:02:56 - hirelens - INFO - course_recommender.py:149 - Generated recommendations for 1 skills
2026-01-24 21:02:57 - hirelens - INFO - course_recommender.py:172 - Recommendations saved to C:\Users\sharo\HireLens\data\recommendations.json
2026-01-24 21:02:57 - hirelens - INFO - feedback_generator.py:286 - Generating feedback for evaluation c8c01d3e-c60c-4373-93a5-e575e049e378
2026-01-24 21:02:57 - hirelens - INFO - feedback_generator.py:305 - Feedback generated successfully
2026-01-24 21:02:57 - hirelens - INFO - feedback_generator.py:325 - Feedback saved to C:\Users\sharo\HireLens\data\feedback.json
2026-01-24 21:02:57 - hirelens - INFO - routes.py:201 - Evaluating resume: Mock_Resume_9_Full_Stack_Fresher.pdf
2026-01-24 21:02:57 - hirelens - INFO - routes.py:205 - Parsing resume from C:\Users\sharo\HireLens\uploads\Mock_Resume_9_Full_Stack_Fresher.pdf
2026-01-24 21:02:57 - hirelens - INFO - resume_parser.py:363 - Parsing resume: C:\Users\sharo\HireLens\uploads\Mock_Resume_9_Full_Stack_Fresher.pdf
2026-01-24 21:02:57 - hirelens - INFO - resume_parser.py:416 - Resume parsed successfully. Found 20 skills
2026-01-24 21:02:57 - hirelens - INFO - resume_parser.py:436 - Resume saved to C:\Users\sharo\HireLens\data\parsed_resumes.json
2026-01-24 21:02:57 - hirelens - INFO - evaluation_engine.py:257 - Evaluating resume 0c02e03d-fd79-4227-a61f-0ec6fc2b04dd against job a638a9fa-090b-4ae0-ab9f-8e2ccb39d6db
2026-01-24 21:02:57 - hirelens - INFO - evaluation_engine.py:267 - Calculating TF-IDF similarity...
2026-01-24 21:02:57 - hirelens - INFO - evaluation_engine.py:269 - TF-IDF score: 0.331
2026-01-24 21:02:57 - hirelens - INFO - evaluation_engine.py:271 - Calculating fuzzy skill match...
2026-01-24 21:02:57 - hirelens - INFO - evaluation_engine.py:273 - Fuzzy match score: 0.898
2026-01-24 21:02:57 - hirelens - INFO - evaluation_engine.py:275 - Calculating embedding similarity...
2026-01-24 21:02:57 - hirelens - INFO - evaluation_engine.py:277 - Embedding score: 0.807
2026-01-24 21:02:57 - hirelens - INFO - evaluation_engine.py:281 - Hybrid score: 69.18
2026-01-24 21:02:57 - hirelens - INFO - evaluation_engine.py:285 - Classification: Average Fit
2026-01-24 21:02:57 - hirelens - INFO - evaluation_engine.py:304 - Evaluation complete. Matched: 14, Missing: 3
2026-01-24 21:02:57 - hirelens - INFO - evaluation_engine.py:324 - Evaluation saved to C:\Users\sharo\HireLens\data\evaluations.json
2026-01-24 21:02:57 - hirelens - INFO - skill_gap_analyzer.py:172 - Analyzing skill gaps for resume 0c02e03d-fd79-4227-a61f-0ec6fc2b04dd
2026-01-24 21:02:57 - hirelens - INFO - skill_gap_analyzer.py:205 - Skill gap analysis complete. Critical gaps: 3, Moderate gaps: 0, Weak areas: 0
2026-01-24 21:02:57 - hirelens - INFO - skill_gap_analyzer.py:228 - Skill gaps saved to C:\Users\sharo\HireLens\data\skill_gaps.json
2026-01-24 21:02:57 - hirelens - INFO - course_recommender.py:110 - Generating course recommendations for gap d0e45fd8-fa9f-46da-accb-16a141aeba65
2026-01-24 21:02:57 - hirelens - INFO - course_recommender.py:147 - Found 2 courses for Angular
2026-01-24 21:02:57 - hirelens - WARNING - course_recommender.py:90 - No courses found for skill: Documentation
2026-01-24 21:02:57 - hirelens - WARNING - course_recommender.py:90 - No courses found for skill: Vue
2026-01-24 21:02:57 - hirelens - INFO - course_recommender.py:149 - Generated recommendations for 1 skills
2026-01-24 21:02:57 - hirelens - INFO - course_recommender.py:172 - Recommendations saved to C:\Users\sharo\HireLens\data\recommendations.json
2026-01-24 21:02:57 - hirelens - INFO - feedback_generator.py:286 - Generating feedback for evaluation ffd79231-2616-4784-b272-8bcc57631a38
2026-01-24 21:02:57 - hirelens - INFO - feedback_generator.py:305 - Feedback generated successfully
2026-01-24 21:02:57 - hirelens - INFO - feedback_generator.py:325 - Feedback saved to C:\Users\sharo\HireLens\data\feedback.json
2026-01-24 21:02:57 - hirelens - INFO - routes.py:201 - Evaluating resume: Mock_Resume_9_UI_UX_Designer.pdf
2026-01-24 21:02:57 - hirelens - INFO - routes.py:205 - Parsing resume from C:\Users\sharo\HireLens\uploads\Mock_Resume_9_UI_UX_Designer.pdf
2026-01-24 21:02:57 - hirelens - INFO - resume_parser.py:363 - Parsing resume: C:\Users\sharo\HireLens\uploads\Mock_Resume_9_UI_UX_Designer.pdf
2026-01-24 21:02:57 - hirelens - ERROR - resume_parser.py:399 - Error extracting resume components: 2 validation errors for Education
degree
  Field required [type=missing, input_value={'year': '2025'}, input_type=dict]
    For further information visit https://errors.pydantic.dev/2.12/v/missing
institution
  Field required [type=missing, input_value={'year': '2025'}, input_type=dict]
    For further information visit https://errors.pydantic.dev/2.12/v/missing
2026-01-24 21:02:57 - hirelens - INFO - resume_parser.py:416 - Resume parsed successfully. Found 0 skills
2026-01-24 21:02:57 - hirelens - INFO - resume_parser.py:436 - Resume saved to C:\Users\sharo\HireLens\data\parsed_resumes.json
2026-01-24 21:02:57 - hirelens - INFO - evaluation_engine.py:257 - Evaluating resume 74501a8d-f8aa-4050-ae02-5d6b1bc88c25 against job a638a9fa-090b-4ae0-ab9f-8e2ccb39d6db
2026-01-24 21:02:57 - hirelens - INFO - evaluation_engine.py:267 - Calculating TF-IDF similarity...
2026-01-24 21:02:57 - hirelens - INFO - evaluation_engine.py:269 - TF-IDF score: 0.028
2026-01-24 21:02:57 - hirelens - INFO - evaluation_engine.py:271 - Calculating fuzzy skill match...
2026-01-24 21:02:57 - hirelens - INFO - evaluation_engine.py:273 - Fuzzy match score: 0.000
2026-01-24 21:02:57 - hirelens - INFO - evaluation_engine.py:275 - Calculating embedding similarity...
2026-01-24 21:02:57 - hirelens - INFO - evaluation_engine.py:277 - Embedding score: 0.365
2026-01-24 21:02:57 - hirelens - INFO - evaluation_engine.py:281 - Hybrid score: 15.47
2026-01-24 21:02:57 - hirelens - INFO - evaluation_engine.py:285 - Classification: Not Fit
2026-01-24 21:02:57 - hirelens - INFO - evaluation_engine.py:304 - Evaluation complete. Matched: 0, Missing: 17
2026-01-24 21:02:57 - hirelens - INFO - evaluation_engine.py:324 - Evaluation saved to C:\Users\sharo\HireLens\data\evaluations.json
2026-01-24 21:02:57 - hirelens - INFO - skill_gap_analyzer.py:172 - Analyzing skill gaps for resume 74501a8d-f8aa-4050-ae02-5d6b1bc88c25
2026-01-24 21:02:57 - hirelens - INFO - skill_gap_analyzer.py:205 - Skill gap analysis complete. Critical gaps: 17, Moderate gaps: 0, Weak areas: 0
2026-01-24 21:02:57 - hirelens - INFO - skill_gap_analyzer.py:228 - Skill gaps saved to C:\Users\sharo\HireLens\data\skill_gaps.json
2026-01-24 21:02:57 - hirelens - INFO - course_recommender.py:110 - Generating course recommendations for gap 9314699f-2209-4a90-bffa-decf46c1c664
2026-01-24 21:02:57 - hirelens - WARNING - course_recommender.py:90 - No courses found for skill: AI
2026-01-24 21:02:57 - hirelens - INFO - course_recommender.py:147 - Found 2 courses for Angular
2026-01-24 21:02:57 - hirelens - WARNING - course_recommender.py:90 - No courses found for skill: CSS
2026-01-24 21:02:57 - hirelens - WARNING - course_recommender.py:90 - No courses found for skill: Documentation
2026-01-24 21:02:57 - hirelens - WARNING - course_recommender.py:90 - No courses found for skill: Firebase
2026-01-24 21:02:57 - hirelens - WARNING - course_recommender.py:90 - No courses found for skill: HTML
2026-01-24 21:02:57 - hirelens - INFO - course_recommender.py:147 - Found 3 courses for Java
2026-01-24 21:02:57 - hirelens - INFO - course_recommender.py:147 - Found 3 courses for Javascript
2026-01-24 21:02:57 - hirelens - WARNING - course_recommender.py:90 - No courses found for skill: Js
2026-01-24 21:02:57 - hirelens - WARNING - course_recommender.py:90 - No courses found for skill: Json
2026-01-24 21:02:57 - hirelens - INFO - course_recommender.py:147 - Found 2 courses for Mongodb
2026-01-24 21:02:57 - hirelens - WARNING - course_recommender.py:90 - No courses found for skill: Mysql
2026-01-24 21:02:57 - hirelens - WARNING - course_recommender.py:90 - No courses found for skill: Node
2026-01-24 21:02:57 - hirelens - INFO - course_recommender.py:147 - Found 2 courses for Node.Js
2026-01-24 21:02:57 - hirelens - INFO - course_recommender.py:147 - Found 3 courses for Python
2026-01-24 21:02:57 - hirelens - INFO - course_recommender.py:147 - Found 3 courses for React
2026-01-24 21:02:57 - hirelens - WARNING - course_recommender.py:90 - No courses found for skill: Vue
2026-01-24 21:02:57 - hirelens - INFO - course_recommender.py:149 - Generated recommendations for 7 skills
2026-01-24 21:02:57 - hirelens - INFO - course_recommender.py:172 - Recommendations saved to C:\Users\sharo\HireLens\data\recommendations.json
2026-01-24 21:02:57 - hirelens - INFO - feedback_generator.py:286 - Generating feedback for evaluation 9eb794b2-6eee-4822-95f5-c774b4a9cb9b
2026-01-24 21:02:57 - hirelens - INFO - feedback_generator.py:305 - Feedback generated successfully
2026-01-24 21:02:57 - hirelens - INFO - feedback_generator.py:325 - Feedback saved to C:\Users\sharo\HireLens\data\feedback.json
2026-01-24 21:02:57 - hirelens - INFO - routes.py:201 - Evaluating resume: Mock_Resume_10_Full_Stack_Fresher.pdf
2026-01-24 21:02:57 - hirelens - INFO - routes.py:205 - Parsing resume from C:\Users\sharo\HireLens\uploads\Mock_Resume_10_Full_Stack_Fresher.pdf
2026-01-24 21:02:57 - hirelens - INFO - resume_parser.py:363 - Parsing resume: C:\Users\sharo\HireLens\uploads\Mock_Resume_10_Full_Stack_Fresher.pdf
2026-01-24 21:02:58 - hirelens - INFO - resume_parser.py:416 - Resume parsed successfully. Found 20 skills
2026-01-24 21:02:58 - hirelens - INFO - resume_parser.py:436 - Resume saved to C:\Users\sharo\HireLens\data\parsed_resumes.json
2026-01-24 21:02:58 - hirelens - INFO - evaluation_engine.py:257 - Evaluating resume 472ed193-cbca-40db-be84-d38aa7e0a6dc against job a638a9fa-090b-4ae0-ab9f-8e2ccb39d6db
2026-01-24 21:02:58 - hirelens - INFO - evaluation_engine.py:267 - Calculating TF-IDF similarity...
2026-01-24 21:02:58 - hirelens - INFO - evaluation_engine.py:269 - TF-IDF score: 0.331
2026-01-24 21:02:58 - hirelens - INFO - evaluation_engine.py:271 - Calculating fuzzy skill match...
2026-01-24 21:02:58 - hirelens - INFO - evaluation_engine.py:273 - Fuzzy match score: 0.898
2026-01-24 21:02:58 - hirelens - INFO - evaluation_engine.py:275 - Calculating embedding similarity...
2026-01-24 21:02:58 - hirelens - INFO - evaluation_engine.py:277 - Embedding score: 0.821
2026-01-24 21:02:58 - hirelens - INFO - evaluation_engine.py:281 - Hybrid score: 69.71
2026-01-24 21:02:58 - hirelens - INFO - evaluation_engine.py:285 - Classification: Average Fit
2026-01-24 21:02:58 - hirelens - INFO - evaluation_engine.py:304 - Evaluation complete. Matched: 14, Missing: 3
2026-01-24 21:02:58 - hirelens - INFO - evaluation_engine.py:324 - Evaluation saved to C:\Users\sharo\HireLens\data\evaluations.json
2026-01-24 21:02:58 - hirelens - INFO - skill_gap_analyzer.py:172 - Analyzing skill gaps for resume 472ed193-cbca-40db-be84-d38aa7e0a6dc
2026-01-24 21:02:58 - hirelens - INFO - skill_gap_analyzer.py:205 - Skill gap analysis complete. Critical gaps: 3, Moderate gaps: 0, Weak areas: 0
2026-01-24 21:02:58 - hirelens - INFO - skill_gap_analyzer.py:228 - Skill gaps saved to C:\Users\sharo\HireLens\data\skill_gaps.json
2026-01-24 21:02:58 - hirelens - INFO - course_recommender.py:110 - Generating course recommendations for gap 70599239-599b-4a54-be7a-7f095016cea1
2026-01-24 21:02:58 - hirelens - INFO - course_recommender.py:147 - Found 2 courses for Angular
2026-01-24 21:02:58 - hirelens - WARNING - course_recommender.py:90 - No courses found for skill: Documentation
2026-01-24 21:02:58 - hirelens - WARNING - course_recommender.py:90 - No courses found for skill: Vue
2026-01-24 21:02:58 - hirelens - INFO - course_recommender.py:149 - Generated recommendations for 1 skills
2026-01-24 21:02:58 - hirelens - INFO - course_recommender.py:172 - Recommendations saved to C:\Users\sharo\HireLens\data\recommendations.json
2026-01-24 21:02:58 - hirelens - INFO - feedback_generator.py:286 - Generating feedback for evaluation 01999516-9a9d-4473-8893-2eda994c4d41
2026-01-24 21:02:58 - hirelens - INFO - feedback_generator.py:305 - Feedback generated successfully
2026-01-24 21:02:58 - hirelens - INFO - feedback_generator.py:325 - Feedback saved to C:\Users\sharo\HireLens\data\feedback.json
2026-01-24 21:02:58 - hirelens - INFO - routes.py:201 - Evaluating resume: Mock_Resume_10_Python_Developer.pdf
2026-01-24 21:02:58 - hirelens - INFO - routes.py:205 - Parsing resume from C:\Users\sharo\HireLens\uploads\Mock_Resume_10_Python_Developer.pdf
2026-01-24 21:02:58 - hirelens - INFO - resume_parser.py:363 - Parsing resume: C:\Users\sharo\HireLens\uploads\Mock_Resume_10_Python_Developer.pdf
2026-01-24 21:02:58 - hirelens - ERROR - resume_parser.py:399 - Error extracting resume components: 2 validation errors for Education
degree
  Field required [type=missing, input_value={'year': '2026'}, input_type=dict]
    For further information visit https://errors.pydantic.dev/2.12/v/missing
institution
  Field required [type=missing, input_value={'year': '2026'}, input_type=dict]
    For further information visit https://errors.pydantic.dev/2.12/v/missing
2026-01-24 21:02:58 - hirelens - INFO - resume_parser.py:416 - Resume parsed successfully. Found 0 skills
2026-01-24 21:02:58 - hirelens - INFO - resume_parser.py:436 - Resume saved to C:\Users\sharo\HireLens\data\parsed_resumes.json
2026-01-24 21:02:58 - hirelens - INFO - evaluation_engine.py:257 - Evaluating resume 37b3d5c9-0d23-47be-84b3-5cc9c468c759 against job a638a9fa-090b-4ae0-ab9f-8e2ccb39d6db
2026-01-24 21:02:58 - hirelens - INFO - evaluation_engine.py:267 - Calculating TF-IDF similarity...
2026-01-24 21:02:58 - hirelens - INFO - evaluation_engine.py:269 - TF-IDF score: 0.045
2026-01-24 21:02:58 - hirelens - INFO - evaluation_engine.py:271 - Calculating fuzzy skill match...
2026-01-24 21:02:58 - hirelens - INFO - evaluation_engine.py:273 - Fuzzy match score: 0.000
2026-01-24 21:02:58 - hirelens - INFO - evaluation_engine.py:275 - Calculating embedding similarity...
2026-01-24 21:02:58 - hirelens - INFO - evaluation_engine.py:277 - Embedding score: 0.541
2026-01-24 21:02:58 - hirelens - INFO - evaluation_engine.py:281 - Hybrid score: 22.98
2026-01-24 21:02:58 - hirelens - INFO - evaluation_engine.py:285 - Classification: Not Fit
2026-01-24 21:02:58 - hirelens - INFO - evaluation_engine.py:304 - Evaluation complete. Matched: 0, Missing: 17
2026-01-24 21:02:58 - hirelens - INFO - evaluation_engine.py:324 - Evaluation saved to C:\Users\sharo\HireLens\data\evaluations.json
2026-01-24 21:02:58 - hirelens - INFO - skill_gap_analyzer.py:172 - Analyzing skill gaps for resume 37b3d5c9-0d23-47be-84b3-5cc9c468c759
2026-01-24 21:02:58 - hirelens - INFO - skill_gap_analyzer.py:205 - Skill gap analysis complete. Critical gaps: 17, Moderate gaps: 0, Weak areas: 0
2026-01-24 21:02:58 - hirelens - INFO - skill_gap_analyzer.py:228 - Skill gaps saved to C:\Users\sharo\HireLens\data\skill_gaps.json
2026-01-24 21:02:58 - hirelens - INFO - course_recommender.py:110 - Generating course recommendations for gap 583f34a5-ffb7-411d-b739-3be3ebf679bf
2026-01-24 21:02:58 - hirelens - WARNING - course_recommender.py:90 - No courses found for skill: AI
2026-01-24 21:02:58 - hirelens - INFO - course_recommender.py:147 - Found 2 courses for Angular
2026-01-24 21:02:58 - hirelens - WARNING - course_recommender.py:90 - No courses found for skill: CSS
2026-01-24 21:02:58 - hirelens - WARNING - course_recommender.py:90 - No courses found for skill: Documentation
2026-01-24 21:02:58 - hirelens - WARNING - course_recommender.py:90 - No courses found for skill: Firebase
2026-01-24 21:02:58 - hirelens - WARNING - course_recommender.py:90 - No courses found for skill: HTML
2026-01-24 21:02:58 - hirelens - INFO - course_recommender.py:147 - Found 3 courses for Java
2026-01-24 21:02:58 - hirelens - INFO - course_recommender.py:147 - Found 3 courses for Javascript
2026-01-24 21:02:58 - hirelens - WARNING - course_recommender.py:90 - No courses found for skill: Js
2026-01-24 21:02:58 - hirelens - WARNING - course_recommender.py:90 - No courses found for skill: Json
2026-01-24 21:02:58 - hirelens - INFO - course_recommender.py:147 - Found 2 courses for Mongodb
2026-01-24 21:02:58 - hirelens - WARNING - course_recommender.py:90 - No courses found for skill: Mysql
2026-01-24 21:02:58 - hirelens - WARNING - course_recommender.py:90 - No courses found for skill: Node
2026-01-24 21:02:58 - hirelens - INFO - course_recommender.py:147 - Found 2 courses for Node.Js
2026-01-24 21:02:58 - hirelens - INFO - course_recommender.py:147 - Found 3 courses for Python
2026-01-24 21:02:58 - hirelens - INFO - course_recommender.py:147 - Found 3 courses for React
2026-01-24 21:02:58 - hirelens - WARNING - course_recommender.py:90 - No courses found for skill: Vue
2026-01-24 21:02:58 - hirelens - INFO - course_recommender.py:149 - Generated recommendations for 7 skills
2026-01-24 21:02:58 - hirelens - INFO - course_recommender.py:172 - Recommendations saved to C:\Users\sharo\HireLens\data\recommendations.json
2026-01-24 21:02:58 - hirelens - INFO - feedback_generator.py:286 - Generating feedback for evaluation 4df24e29-dfe3-4862-ac2c-3dc67cdaf458
2026-01-24 21:02:58 - hirelens - INFO - feedback_generator.py:305 - Feedback generated successfully
2026-01-24 21:02:58 - hirelens - INFO - feedback_generator.py:325 - Feedback saved to C:\Users\sharo\HireLens\data\feedback.json
2026-01-24 21:02:58 - hirelens - INFO - routes.py:251 - Batch evaluation complete. Evaluated 20 resumes, avg score: 46.28
2026-01-24 21:03:53 - hirelens - INFO - routes.py:39 - Uploading resume: Mock_Resume_1_Full_Stack_Fresher.pdf
2026-01-24 21:03:53 - hirelens - INFO - routes.py:55 - File saved to C:\Users\sharo\HireLens\uploads\Mock_Resume_1_Full_Stack_Fresher.pdf
2026-01-24 21:03:53 - hirelens - INFO - resume_parser.py:363 - Parsing resume: C:\Users\sharo\HireLens\uploads\Mock_Resume_1_Full_Stack_Fresher.pdf
2026-01-24 21:03:53 - hirelens - INFO - resume_parser.py:416 - Resume parsed successfully. Found 20 skills
2026-01-24 21:03:53 - hirelens - INFO - resume_parser.py:436 - Resume saved to C:\Users\sharo\HireLens\data\parsed_resumes.json
2026-01-24 21:03:53 - hirelens - INFO - routes.py:89 - Starting evaluation pipeline
2026-01-24 21:03:53 - hirelens - INFO - routes.py:94 - Parsing resume from file
2026-01-24 21:03:53 - hirelens - INFO - resume_parser.py:363 - Parsing resume: uploads/Mock_Resume_1_Full_Stack_Fresher.pdf
2026-01-24 21:03:53 - hirelens - INFO - resume_parser.py:416 - Resume parsed successfully. Found 20 skills
2026-01-24 21:03:53 - hirelens - INFO - resume_parser.py:436 - Resume saved to C:\Users\sharo\HireLens\data\parsed_resumes.json
2026-01-24 21:03:53 - hirelens - INFO - routes.py:118 - Analyzing job description
2026-01-24 21:03:53 - hirelens - INFO - job_analyzer.py:255 - Analyzing job description...
2026-01-24 21:03:53 - hirelens - WARNING - job_analyzer.py:60 - No required skills found via patterns, scanning entire job description
2026-01-24 21:03:53 - hirelens - INFO - job_analyzer.py:65 - Extracted 17 required skills from job description
2026-01-24 21:03:53 - hirelens - INFO - job_analyzer.py:102 - Extracted 0 preferred skills from job description
2026-01-24 21:03:53 - hirelens - INFO - job_analyzer.py:279 - Job description analyzed. Found 17 required skills, 0 preferred skills
2026-01-24 21:03:53 - hirelens - INFO - job_analyzer.py:300 - Job description saved to C:\Users\sharo\HireLens\data\job_descriptions.json
2026-01-24 21:03:53 - hirelens - INFO - routes.py:123 - Performing hybrid evaluation
2026-01-24 21:03:53 - hirelens - INFO - evaluation_engine.py:257 - Evaluating resume eb4df829-8e24-43e9-8aef-b81d09b64f28 against job 025e76db-7c09-4adc-874d-18c7f1124967
2026-01-24 21:03:53 - hirelens - INFO - evaluation_engine.py:267 - Calculating TF-IDF similarity...
2026-01-24 21:03:53 - hirelens - INFO - evaluation_engine.py:269 - TF-IDF score: 0.331
2026-01-24 21:03:53 - hirelens - INFO - evaluation_engine.py:271 - Calculating fuzzy skill match...
2026-01-24 21:03:53 - hirelens - INFO - evaluation_engine.py:273 - Fuzzy match score: 0.898
2026-01-24 21:03:53 - hirelens - INFO - evaluation_engine.py:275 - Calculating embedding similarity...
2026-01-24 21:03:53 - hirelens - INFO - evaluation_engine.py:277 - Embedding score: 0.858
2026-01-24 21:03:53 - hirelens - INFO - evaluation_engine.py:281 - Hybrid score: 71.20
2026-01-24 21:03:53 - hirelens - INFO - evaluation_engine.py:285 - Classification: Average Fit
2026-01-24 21:03:53 - hirelens - INFO - evaluation_engine.py:304 - Evaluation complete. Matched: 14, Missing: 3
2026-01-24 21:03:53 - hirelens - INFO - evaluation_engine.py:324 - Evaluation saved to C:\Users\sharo\HireLens\data\evaluations.json
2026-01-24 21:03:53 - hirelens - INFO - routes.py:128 - Analyzing skill gaps
2026-01-24 21:03:53 - hirelens - INFO - skill_gap_analyzer.py:172 - Analyzing skill gaps for resume eb4df829-8e24-43e9-8aef-b81d09b64f28
2026-01-24 21:03:53 - hirelens - INFO - skill_gap_analyzer.py:205 - Skill gap analysis complete. Critical gaps: 3, Moderate gaps: 0, Weak areas: 0
2026-01-24 21:03:53 - hirelens - INFO - skill_gap_analyzer.py:228 - Skill gaps saved to C:\Users\sharo\HireLens\data\skill_gaps.json
2026-01-24 21:03:53 - hirelens - INFO - routes.py:133 - Generating course recommendations
2026-01-24 21:03:53 - hirelens - INFO - course_recommender.py:34 - Loaded courses for 31 skills
2026-01-24 21:03:53 - hirelens - INFO - course_recommender.py:110 - Generating course recommendations for gap f58d4fad-820c-4cfd-b4c7-f21941a11a3a
2026-01-24 21:03:53 - hirelens - INFO - course_recommender.py:147 - Found 2 courses for Angular
2026-01-24 21:03:53 - hirelens - WARNING - course_recommender.py:90 - No courses found for skill: Documentation
2026-01-24 21:03:53 - hirelens - WARNING - course_recommender.py:90 - No courses found for skill: Vue
2026-01-24 21:03:53 - hirelens - INFO - course_recommender.py:149 - Generated recommendations for 1 skills
2026-01-24 21:03:53 - hirelens - INFO - course_recommender.py:172 - Recommendations saved to C:\Users\sharo\HireLens\data\recommendations.json
2026-01-24 21:03:53 - hirelens - INFO - routes.py:145 - Generating feedback
2026-01-24 21:03:53 - hirelens - INFO - feedback_generator.py:286 - Generating feedback for evaluation e983cefc-4f28-44c3-9e01-0ab01e5c9e05
2026-01-24 21:03:53 - hirelens - INFO - feedback_generator.py:305 - Feedback generated successfully
2026-01-24 21:03:53 - hirelens - INFO - feedback_generator.py:325 - Feedback saved to C:\Users\sharo\HireLens\data\feedback.json
2026-01-24 21:03:53 - hirelens - INFO - routes.py:162 - Evaluation complete: e983cefc-4f28-44c3-9e01-0ab01e5c9e05
2026-01-24 21:07:14 - hirelens - INFO - routes.py:39 - Uploading resume: Mock_Resume_3_Full_Stack_Fresher.pdf
2026-01-24 21:07:14 - hirelens - INFO - routes.py:55 - File saved to C:\Users\sharo\HireLens\uploads\Mock_Resume_3_Full_Stack_Fresher.pdf
2026-01-24 21:07:14 - hirelens - INFO - resume_parser.py:363 - Parsing resume: C:\Users\sharo\HireLens\uploads\Mock_Resume_3_Full_Stack_Fresher.pdf
2026-01-24 21:07:14 - hirelens - INFO - resume_parser.py:416 - Resume parsed successfully. Found 20 skills
2026-01-24 21:07:14 - hirelens - INFO - resume_parser.py:436 - Resume saved to C:\Users\sharo\HireLens\data\parsed_resumes.json
2026-01-24 21:07:35 - hirelens - INFO - routes.py:89 - Starting evaluation pipeline
2026-01-24 21:07:35 - hirelens - INFO - routes.py:94 - Parsing resume from file
2026-01-24 21:07:35 - hirelens - INFO - resume_parser.py:363 - Parsing resume: uploads/Mock_Resume_3_Full_Stack_Fresher.pdf
2026-01-24 21:07:36 - hirelens - INFO - resume_parser.py:416 - Resume parsed successfully. Found 20 skills
2026-01-24 21:07:36 - hirelens - INFO - resume_parser.py:436 - Resume saved to C:\Users\sharo\HireLens\data\parsed_resumes.json
2026-01-24 21:07:36 - hirelens - INFO - routes.py:118 - Analyzing job description
2026-01-24 21:07:36 - hirelens - INFO - job_analyzer.py:255 - Analyzing job description...
2026-01-24 21:07:37 - hirelens - WARNING - job_analyzer.py:60 - No required skills found via patterns, scanning entire job description
2026-01-24 21:07:37 - hirelens - INFO - job_analyzer.py:65 - Extracted 17 required skills from job description
2026-01-24 21:07:37 - hirelens - INFO - job_analyzer.py:102 - Extracted 0 preferred skills from job description
2026-01-24 21:07:37 - hirelens - INFO - job_analyzer.py:279 - Job description analyzed. Found 17 required skills, 0 preferred skills
2026-01-24 21:07:37 - hirelens - INFO - job_analyzer.py:300 - Job description saved to C:\Users\sharo\HireLens\data\job_descriptions.json
2026-01-24 21:07:37 - hirelens - INFO - routes.py:123 - Performing hybrid evaluation
2026-01-24 21:07:37 - hirelens - INFO - evaluation_engine.py:257 - Evaluating resume de09cbfe-fecb-44bd-9e5a-4a5382c06344 against job 960e21a8-ff02-489b-8eca-6680a3b7c800
2026-01-24 21:07:37 - hirelens - INFO - evaluation_engine.py:267 - Calculating TF-IDF similarity...
2026-01-24 21:07:37 - hirelens - INFO - evaluation_engine.py:269 - TF-IDF score: 0.341
2026-01-24 21:07:37 - hirelens - INFO - evaluation_engine.py:271 - Calculating fuzzy skill match...
2026-01-24 21:07:37 - hirelens - INFO - evaluation_engine.py:273 - Fuzzy match score: 0.898
2026-01-24 21:07:37 - hirelens - INFO - evaluation_engine.py:275 - Calculating embedding similarity...
2026-01-24 21:07:41 - hirelens - INFO - evaluation_engine.py:277 - Embedding score: 0.816
2026-01-24 21:07:41 - hirelens - INFO - evaluation_engine.py:281 - Hybrid score: 69.83
2026-01-24 21:07:41 - hirelens - INFO - evaluation_engine.py:285 - Classification: Average Fit
2026-01-24 21:07:41 - hirelens - INFO - evaluation_engine.py:304 - Evaluation complete. Matched: 14, Missing: 3
2026-01-24 21:07:41 - hirelens - INFO - evaluation_engine.py:324 - Evaluation saved to C:\Users\sharo\HireLens\data\evaluations.json
2026-01-24 21:07:41 - hirelens - INFO - routes.py:128 - Analyzing skill gaps
2026-01-24 21:07:41 - hirelens - INFO - skill_gap_analyzer.py:172 - Analyzing skill gaps for resume de09cbfe-fecb-44bd-9e5a-4a5382c06344
2026-01-24 21:07:41 - hirelens - INFO - skill_gap_analyzer.py:205 - Skill gap analysis complete. Critical gaps: 3, Moderate gaps: 0, Weak areas: 0
2026-01-24 21:07:41 - hirelens - INFO - skill_gap_analyzer.py:228 - Skill gaps saved to C:\Users\sharo\HireLens\data\skill_gaps.json
2026-01-24 21:07:41 - hirelens - INFO - routes.py:133 - Generating course recommendations
2026-01-24 21:07:41 - hirelens - INFO - course_recommender.py:34 - Loaded courses for 31 skills
2026-01-24 21:07:41 - hirelens - INFO - course_recommender.py:110 - Generating course recommendations for gap 2172c84e-309c-4cf9-b498-766826cd85b0
2026-01-24 21:07:41 - hirelens - INFO - course_recommender.py:147 - Found 2 courses for Angular
2026-01-24 21:07:41 - hirelens - WARNING - course_recommender.py:90 - No courses found for skill: Documentation
2026-01-24 21:07:41 - hirelens - WARNING - course_recommender.py:90 - No courses found for skill: Vue
2026-01-24 21:07:41 - hirelens - INFO - course_recommender.py:149 - Generated recommendations for 1 skills
2026-01-24 21:07:41 - hirelens - INFO - course_recommender.py:172 - Recommendations saved to C:\Users\sharo\HireLens\data\recommendations.json
2026-01-24 21:07:41 - hirelens - INFO - routes.py:145 - Generating feedback
2026-01-24 21:07:41 - hirelens - INFO - feedback_generator.py:294 - Generating feedback for evaluation 0beaa6de-1bbd-4fed-85a4-5fb24b13ca94
2026-01-24 21:07:41 - hirelens - INFO - feedback_generator.py:313 - Feedback generated successfully
2026-01-24 21:07:41 - hirelens - INFO - feedback_generator.py:333 - Feedback saved to C:\Users\sharo\HireLens\data\feedback.json
2026-01-24 21:07:41 - hirelens - INFO - routes.py:162 - Evaluation complete: 0beaa6de-1bbd-4fed-85a4-5fb24b13ca94
2026-01-24 21:08:33 - hirelens - INFO - course_recommender.py:34 - Loaded courses for 31 skills
2026-01-24 21:28:56 - hirelens - INFO - routes.py:39 - Uploading resume: Candidate 1.pdf
2026-01-24 21:28:56 - hirelens - INFO - routes.py:55 - File saved to C:\Users\sharo\HireLens\uploads\Candidate 1.pdf
2026-01-24 21:28:56 - hirelens - INFO - resume_parser.py:363 - Parsing resume: C:\Users\sharo\HireLens\uploads\Candidate 1.pdf
2026-01-24 21:28:57 - hirelens - ERROR - resume_parser.py:399 - Error extracting resume components: 2 validation errors for Education
degree
  Field required [type=missing, input_value={'year': '2026'}, input_type=dict]
    For further information visit https://errors.pydantic.dev/2.12/v/missing
institution
  Field required [type=missing, input_value={'year': '2026'}, input_type=dict]
    For further information visit https://errors.pydantic.dev/2.12/v/missing
2026-01-24 21:28:57 - hirelens - INFO - resume_parser.py:416 - Resume parsed successfully. Found 0 skills
2026-01-24 21:28:57 - hirelens - INFO - resume_parser.py:436 - Resume saved to C:\Users\sharo\HireLens\data\parsed_resumes.json
2026-01-24 21:28:57 - hirelens - INFO - routes.py:89 - Starting evaluation pipeline
2026-01-24 21:28:57 - hirelens - INFO - routes.py:94 - Parsing resume from file
2026-01-24 21:28:57 - hirelens - INFO - resume_parser.py:363 - Parsing resume: uploads/Candidate 1.pdf
2026-01-24 21:28:57 - hirelens - ERROR - resume_parser.py:399 - Error extracting resume components: 2 validation errors for Education
degree
  Field required [type=missing, input_value={'year': '2026'}, input_type=dict]
    For further information visit https://errors.pydantic.dev/2.12/v/missing
institution
  Field required [type=missing, input_value={'year': '2026'}, input_type=dict]
    For further information visit https://errors.pydantic.dev/2.12/v/missing
2026-01-24 21:28:57 - hirelens - INFO - resume_parser.py:416 - Resume parsed successfully. Found 0 skills
2026-01-24 21:28:57 - hirelens - INFO - resume_parser.py:436 - Resume saved to C:\Users\sharo\HireLens\data\parsed_resumes.json
2026-01-24 21:28:57 - hirelens - INFO - routes.py:118 - Analyzing job description
2026-01-24 21:28:57 - hirelens - INFO - job_analyzer.py:255 - Analyzing job description...
2026-01-24 21:28:57 - hirelens - WARNING - job_analyzer.py:60 - No required skills found via patterns, scanning entire job description
2026-01-24 21:28:57 - hirelens - INFO - job_analyzer.py:65 - Extracted 17 required skills from job description
2026-01-24 21:28:57 - hirelens - INFO - job_analyzer.py:102 - Extracted 0 preferred skills from job description
2026-01-24 21:28:57 - hirelens - INFO - job_analyzer.py:279 - Job description analyzed. Found 17 required skills, 0 preferred skills
2026-01-24 21:28:57 - hirelens - INFO - job_analyzer.py:300 - Job description saved to C:\Users\sharo\HireLens\data\job_descriptions.json
2026-01-24 21:28:57 - hirelens - INFO - routes.py:123 - Performing hybrid evaluation
2026-01-24 21:28:57 - hirelens - INFO - evaluation_engine.py:257 - Evaluating resume 87f9e168-596c-4322-b3c4-14401b08155c against job 186baa01-376b-4860-a7e9-1e22cfdd733d
2026-01-24 21:28:57 - hirelens - INFO - evaluation_engine.py:267 - Calculating TF-IDF similarity...
2026-01-24 21:28:58 - hirelens - INFO - evaluation_engine.py:269 - TF-IDF score: 0.148
2026-01-24 21:28:58 - hirelens - INFO - evaluation_engine.py:271 - Calculating fuzzy skill match...
2026-01-24 21:28:58 - hirelens - INFO - evaluation_engine.py:273 - Fuzzy match score: 0.000
2026-01-24 21:28:58 - hirelens - INFO - evaluation_engine.py:275 - Calculating embedding similarity...
2026-01-24 21:29:02 - hirelens - INFO - evaluation_engine.py:277 - Embedding score: 0.661
2026-01-24 21:29:02 - hirelens - INFO - evaluation_engine.py:281 - Hybrid score: 30.89
2026-01-24 21:29:02 - hirelens - INFO - evaluation_engine.py:285 - Classification: Not Fit
2026-01-24 21:29:02 - hirelens - INFO - evaluation_engine.py:304 - Evaluation complete. Matched: 0, Missing: 17
2026-01-24 21:29:02 - hirelens - INFO - evaluation_engine.py:324 - Evaluation saved to C:\Users\sharo\HireLens\data\evaluations.json
2026-01-24 21:29:02 - hirelens - INFO - routes.py:128 - Analyzing skill gaps
2026-01-24 21:29:02 - hirelens - INFO - skill_gap_analyzer.py:172 - Analyzing skill gaps for resume 87f9e168-596c-4322-b3c4-14401b08155c
2026-01-24 21:29:02 - hirelens - INFO - skill_gap_analyzer.py:205 - Skill gap analysis complete. Critical gaps: 17, Moderate gaps: 0, Weak areas: 0
2026-01-24 21:29:02 - hirelens - INFO - skill_gap_analyzer.py:228 - Skill gaps saved to C:\Users\sharo\HireLens\data\skill_gaps.json
2026-01-24 21:29:02 - hirelens - INFO - routes.py:133 - Generating course recommendations
2026-01-24 21:29:02 - hirelens - INFO - course_recommender.py:34 - Loaded courses for 31 skills
2026-01-24 21:29:02 - hirelens - INFO - course_recommender.py:110 - Generating course recommendations for gap 61327d84-e571-4f1f-ba4e-ddcee007790c
2026-01-24 21:29:02 - hirelens - WARNING - course_recommender.py:90 - No courses found for skill: AI
2026-01-24 21:29:02 - hirelens - INFO - course_recommender.py:147 - Found 2 courses for Angular
2026-01-24 21:29:02 - hirelens - WARNING - course_recommender.py:90 - No courses found for skill: CSS
2026-01-24 21:29:02 - hirelens - WARNING - course_recommender.py:90 - No courses found for skill: Documentation
2026-01-24 21:29:02 - hirelens - WARNING - course_recommender.py:90 - No courses found for skill: Firebase
2026-01-24 21:29:02 - hirelens - WARNING - course_recommender.py:90 - No courses found for skill: HTML
2026-01-24 21:29:02 - hirelens - INFO - course_recommender.py:147 - Found 3 courses for Java
2026-01-24 21:29:02 - hirelens - INFO - course_recommender.py:147 - Found 3 courses for Javascript
2026-01-24 21:29:02 - hirelens - WARNING - course_recommender.py:90 - No courses found for skill: Js
2026-01-24 21:29:02 - hirelens - WARNING - course_recommender.py:90 - No courses found for skill: Json
2026-01-24 21:29:02 - hirelens - INFO - course_recommender.py:147 - Found 2 courses for Mongodb
2026-01-24 21:29:02 - hirelens - WARNING - course_recommender.py:90 - No courses found for skill: Mysql
2026-01-24 21:29:02 - hirelens - WARNING - course_recommender.py:90 - No courses found for skill: Node
2026-01-24 21:29:02 - hirelens - INFO - course_recommender.py:147 - Found 2 courses for Node.Js
2026-01-24 21:29:02 - hirelens - INFO - course_recommender.py:147 - Found 3 courses for Python
2026-01-24 21:29:02 - hirelens - INFO - course_recommender.py:147 - Found 3 courses for React
2026-01-24 21:29:02 - hirelens - WARNING - course_recommender.py:90 - No courses found for skill: Vue
2026-01-24 21:29:02 - hirelens - INFO - course_recommender.py:149 - Generated recommendations for 7 skills
2026-01-24 21:29:02 - hirelens - INFO - course_recommender.py:172 - Recommendations saved to C:\Users\sharo\HireLens\data\recommendations.json
2026-01-24 21:29:02 - hirelens - INFO - routes.py:145 - Generating feedback
2026-01-24 21:29:02 - hirelens - INFO - feedback_generator.py:294 - Generating feedback for evaluation 184a97bc-d796-44a4-9c28-481aa91510dc
2026-01-24 21:29:02 - hirelens - INFO - feedback_generator.py:313 - Feedback generated successfully
2026-01-24 21:29:02 - hirelens - INFO - feedback_generator.py:333 - Feedback saved to C:\Users\sharo\HireLens\data\feedback.json
2026-01-24 21:29:02 - hirelens - INFO - routes.py:162 - Evaluation complete: 184a97bc-d796-44a4-9c28-481aa91510dc
2026-01-24 21:29:25 - hirelens - INFO - routes.py:311 - Deleted file: Candidate 1.pdf
2026-01-24 21:29:31 - hirelens - INFO - course_recommender.py:34 - Loaded courses for 31 skills
2026-01-24 21:37:26 - hirelens - INFO - course_recommender.py:34 - Loaded courses for 31 skills
2026-01-24 21:57:53 - hirelens - INFO - course_recommender.py:34 - Loaded courses for 31 skills
2026-01-24 22:02:44 - hirelens - INFO - course_recommender.py:34 - Loaded courses for 31 skills
2026-01-24 22:05:54 - hirelens - INFO - routes.py:39 - Uploading resume: Candidate 1.pdf
2026-01-24 22:05:54 - hirelens - INFO - routes.py:55 - File saved to C:\Users\sharo\HireLens\uploads\Candidate 1.pdf
2026-01-24 22:05:54 - hirelens - INFO - resume_parser.py:363 - Parsing resume: C:\Users\sharo\HireLens\uploads\Candidate 1.pdf
2026-01-24 22:05:55 - hirelens - ERROR - resume_parser.py:399 - Error extracting resume components: 2 validation errors for Education
degree
  Field required [type=missing, input_value={'year': '2026'}, input_type=dict]
    For further information visit https://errors.pydantic.dev/2.12/v/missing
institution
  Field required [type=missing, input_value={'year': '2026'}, input_type=dict]
    For further information visit https://errors.pydantic.dev/2.12/v/missing
2026-01-24 22:05:55 - hirelens - INFO - resume_parser.py:416 - Resume parsed successfully. Found 0 skills
2026-01-24 22:05:55 - hirelens - INFO - resume_parser.py:436 - Resume saved to C:\Users\sharo\HireLens\data\parsed_resumes.json
2026-01-24 22:05:55 - hirelens - INFO - routes.py:89 - Starting evaluation pipeline
2026-01-24 22:05:55 - hirelens - INFO - routes.py:94 - Parsing resume from file
2026-01-24 22:05:55 - hirelens - INFO - resume_parser.py:363 - Parsing resume: uploads/Candidate 1.pdf
2026-01-24 22:05:55 - hirelens - ERROR - resume_parser.py:399 - Error extracting resume components: 2 validation errors for Education
degree
  Field required [type=missing, input_value={'year': '2026'}, input_type=dict]
    For further information visit https://errors.pydantic.dev/2.12/v/missing
institution
  Field required [type=missing, input_value={'year': '2026'}, input_type=dict]
    For further information visit https://errors.pydantic.dev/2.12/v/missing
2026-01-24 22:05:55 - hirelens - INFO - resume_parser.py:416 - Resume parsed successfully. Found 0 skills
2026-01-24 22:05:55 - hirelens - INFO - resume_parser.py:436 - Resume saved to C:\Users\sharo\HireLens\data\parsed_resumes.json
2026-01-24 22:05:55 - hirelens - INFO - routes.py:118 - Analyzing job description
2026-01-24 22:05:55 - hirelens - INFO - job_analyzer.py:255 - Analyzing job description...
2026-01-24 22:05:56 - hirelens - WARNING - job_analyzer.py:60 - No required skills found via patterns, scanning entire job description
2026-01-24 22:05:56 - hirelens - INFO - job_analyzer.py:65 - Extracted 17 required skills from job description
2026-01-24 22:05:56 - hirelens - INFO - job_analyzer.py:102 - Extracted 0 preferred skills from job description
2026-01-24 22:05:56 - hirelens - INFO - job_analyzer.py:279 - Job description analyzed. Found 17 required skills, 0 preferred skills
2026-01-24 22:05:56 - hirelens - INFO - job_analyzer.py:300 - Job description saved to C:\Users\sharo\HireLens\data\job_descriptions.json
2026-01-24 22:05:56 - hirelens - INFO - routes.py:123 - Performing hybrid evaluation
2026-01-24 22:05:56 - hirelens - INFO - evaluation_engine.py:257 - Evaluating resume cbb0ed0c-cf7d-448b-934a-b8fee6b5c6db against job 6fbf2e77-9397-4101-b87f-36bb10027c41
2026-01-24 22:05:56 - hirelens - INFO - evaluation_engine.py:267 - Calculating TF-IDF similarity...
2026-01-24 22:05:56 - hirelens - INFO - evaluation_engine.py:269 - TF-IDF score: 0.148
2026-01-24 22:05:56 - hirelens - INFO - evaluation_engine.py:271 - Calculating fuzzy skill match...
2026-01-24 22:05:56 - hirelens - INFO - evaluation_engine.py:273 - Fuzzy match score: 0.000
2026-01-24 22:05:56 - hirelens - INFO - evaluation_engine.py:275 - Calculating embedding similarity...
2026-01-24 22:06:00 - hirelens - INFO - evaluation_engine.py:277 - Embedding score: 0.661
2026-01-24 22:06:00 - hirelens - INFO - evaluation_engine.py:281 - Hybrid score: 30.89
2026-01-24 22:06:00 - hirelens - INFO - evaluation_engine.py:285 - Classification: Not Fit
2026-01-24 22:06:00 - hirelens - INFO - evaluation_engine.py:304 - Evaluation complete. Matched: 0, Missing: 17
2026-01-24 22:06:00 - hirelens - INFO - evaluation_engine.py:324 - Evaluation saved to C:\Users\sharo\HireLens\data\evaluations.json
2026-01-24 22:06:00 - hirelens - INFO - routes.py:128 - Analyzing skill gaps
2026-01-24 22:06:00 - hirelens - INFO - skill_gap_analyzer.py:172 - Analyzing skill gaps for resume cbb0ed0c-cf7d-448b-934a-b8fee6b5c6db
2026-01-24 22:06:00 - hirelens - INFO - skill_gap_analyzer.py:205 - Skill gap analysis complete. Critical gaps: 17, Moderate gaps: 0, Weak areas: 0
2026-01-24 22:06:00 - hirelens - INFO - skill_gap_analyzer.py:228 - Skill gaps saved to C:\Users\sharo\HireLens\data\skill_gaps.json
2026-01-24 22:06:00 - hirelens - INFO - routes.py:133 - Generating course recommendations
2026-01-24 22:06:00 - hirelens - INFO - course_recommender.py:34 - Loaded courses for 31 skills
2026-01-24 22:06:00 - hirelens - INFO - course_recommender.py:110 - Generating course recommendations for gap 69abafa3-82b5-4f25-8a38-07e5ced7e7ca
2026-01-24 22:06:00 - hirelens - WARNING - course_recommender.py:90 - No courses found for skill: AI
2026-01-24 22:06:00 - hirelens - INFO - course_recommender.py:147 - Found 2 courses for Angular
2026-01-24 22:06:00 - hirelens - WARNING - course_recommender.py:90 - No courses found for skill: CSS
2026-01-24 22:06:00 - hirelens - WARNING - course_recommender.py:90 - No courses found for skill: Documentation
2026-01-24 22:06:00 - hirelens - WARNING - course_recommender.py:90 - No courses found for skill: Firebase
2026-01-24 22:06:00 - hirelens - WARNING - course_recommender.py:90 - No courses found for skill: HTML
2026-01-24 22:06:00 - hirelens - INFO - course_recommender.py:147 - Found 3 courses for Java
2026-01-24 22:06:00 - hirelens - INFO - course_recommender.py:147 - Found 3 courses for Javascript
2026-01-24 22:06:00 - hirelens - WARNING - course_recommender.py:90 - No courses found for skill: Js
2026-01-24 22:06:00 - hirelens - WARNING - course_recommender.py:90 - No courses found for skill: Json
2026-01-24 22:06:00 - hirelens - INFO - course_recommender.py:147 - Found 2 courses for Mongodb
2026-01-24 22:06:00 - hirelens - WARNING - course_recommender.py:90 - No courses found for skill: Mysql
2026-01-24 22:06:00 - hirelens - WARNING - course_recommender.py:90 - No courses found for skill: Node
2026-01-24 22:06:00 - hirelens - INFO - course_recommender.py:147 - Found 2 courses for Node.Js
2026-01-24 22:06:00 - hirelens - INFO - course_recommender.py:147 - Found 3 courses for Python
2026-01-24 22:06:00 - hirelens - INFO - course_recommender.py:147 - Found 3 courses for React
2026-01-24 22:06:00 - hirelens - WARNING - course_recommender.py:90 - No courses found for skill: Vue
2026-01-24 22:06:00 - hirelens - INFO - course_recommender.py:149 - Generated recommendations for 7 skills
2026-01-24 22:06:00 - hirelens - INFO - course_recommender.py:172 - Recommendations saved to C:\Users\sharo\HireLens\data\recommendations.json
2026-01-24 22:06:00 - hirelens - INFO - routes.py:145 - Generating feedback
2026-01-24 22:06:00 - hirelens - INFO - feedback_generator.py:294 - Generating feedback for evaluation f75ec44b-2470-4a01-9c4d-d7b076c4698e
2026-01-24 22:06:00 - hirelens - INFO - feedback_generator.py:313 - Feedback generated successfully
2026-01-24 22:06:00 - hirelens - INFO - feedback_generator.py:333 - Feedback saved to C:\Users\sharo\HireLens\data\feedback.json
2026-01-24 22:06:00 - hirelens - INFO - routes.py:162 - Evaluation complete: f75ec44b-2470-4a01-9c4d-d7b076c4698e
2026-01-24 22:06:40 - hirelens - INFO - routes.py:39 - Uploading resume: Candidate 1.pdf
2026-01-24 22:06:40 - hirelens - INFO - routes.py:55 - File saved to C:\Users\sharo\HireLens\uploads\Candidate 1.pdf
2026-01-24 22:06:40 - hirelens - INFO - resume_parser.py:363 - Parsing resume: C:\Users\sharo\HireLens\uploads\Candidate 1.pdf
2026-01-24 22:06:40 - hirelens - ERROR - resume_parser.py:399 - Error extracting resume components: 2 validation errors for Education
degree
  Field required [type=missing, input_value={'year': '2026'}, input_type=dict]
    For further information visit https://errors.pydantic.dev/2.12/v/missing
institution
  Field required [type=missing, input_value={'year': '2026'}, input_type=dict]
    For further information visit https://errors.pydantic.dev/2.12/v/missing
2026-01-24 22:06:40 - hirelens - INFO - resume_parser.py:416 - Resume parsed successfully. Found 0 skills
2026-01-24 22:06:40 - hirelens - INFO - resume_parser.py:436 - Resume saved to C:\Users\sharo\HireLens\data\parsed_resumes.json
2026-01-24 22:06:40 - hirelens - INFO - routes.py:39 - Uploading resume: Candidate 2.pdf
2026-01-24 22:06:40 - hirelens - INFO - routes.py:55 - File saved to C:\Users\sharo\HireLens\uploads\Candidate 2.pdf
2026-01-24 22:06:40 - hirelens - INFO - resume_parser.py:363 - Parsing resume: C:\Users\sharo\HireLens\uploads\Candidate 2.pdf
2026-01-24 22:06:40 - hirelens - INFO - resume_parser.py:416 - Resume parsed successfully. Found 20 skills
2026-01-24 22:06:41 - hirelens - INFO - resume_parser.py:436 - Resume saved to C:\Users\sharo\HireLens\data\parsed_resumes.json
2026-01-24 22:06:41 - hirelens - INFO - routes.py:39 - Uploading resume: Candidate 3.pdf
2026-01-24 22:06:41 - hirelens - INFO - routes.py:55 - File saved to C:\Users\sharo\HireLens\uploads\Candidate 3.pdf
2026-01-24 22:06:41 - hirelens - INFO - resume_parser.py:363 - Parsing resume: C:\Users\sharo\HireLens\uploads\Candidate 3.pdf
2026-01-24 22:06:41 - hirelens - ERROR - resume_parser.py:399 - Error extracting resume components: 2 validation errors for Education
degree
  Field required [type=missing, input_value={'year': '2025'}, input_type=dict]
    For further information visit https://errors.pydantic.dev/2.12/v/missing
institution
  Field required [type=missing, input_value={'year': '2025'}, input_type=dict]
    For further information visit https://errors.pydantic.dev/2.12/v/missing
2026-01-24 22:06:41 - hirelens - INFO - resume_parser.py:416 - Resume parsed successfully. Found 0 skills
2026-01-24 22:06:41 - hirelens - INFO - resume_parser.py:436 - Resume saved to C:\Users\sharo\HireLens\data\parsed_resumes.json
2026-01-24 22:06:41 - hirelens - INFO - routes.py:39 - Uploading resume: Candidate 4.pdf
2026-01-24 22:06:41 - hirelens - INFO - routes.py:55 - File saved to C:\Users\sharo\HireLens\uploads\Candidate 4.pdf
2026-01-24 22:06:41 - hirelens - INFO - resume_parser.py:363 - Parsing resume: C:\Users\sharo\HireLens\uploads\Candidate 4.pdf
2026-01-24 22:06:41 - hirelens - INFO - resume_parser.py:416 - Resume parsed successfully. Found 21 skills
2026-01-24 22:06:41 - hirelens - INFO - resume_parser.py:436 - Resume saved to C:\Users\sharo\HireLens\data\parsed_resumes.json
2026-01-24 22:06:41 - hirelens - INFO - routes.py:39 - Uploading resume: Candidate 5.pdf
2026-01-24 22:06:41 - hirelens - INFO - routes.py:55 - File saved to C:\Users\sharo\HireLens\uploads\Candidate 5.pdf
2026-01-24 22:06:41 - hirelens - INFO - resume_parser.py:363 - Parsing resume: C:\Users\sharo\HireLens\uploads\Candidate 5.pdf
2026-01-24 22:06:41 - hirelens - ERROR - resume_parser.py:399 - Error extracting resume components: 1 validation error for Education
institution
  Field required [type=missing, input_value={'degree': 'B.Tech IT, 2026', 'year': '2026'}, input_type=dict]
    For further information visit https://errors.pydantic.dev/2.12/v/missing
2026-01-24 22:06:41 - hirelens - INFO - resume_parser.py:416 - Resume parsed successfully. Found 0 skills
2026-01-24 22:06:41 - hirelens - INFO - resume_parser.py:436 - Resume saved to C:\Users\sharo\HireLens\data\parsed_resumes.json
2026-01-24 22:06:41 - hirelens - INFO - routes.py:39 - Uploading resume: Candidate 6.pdf
2026-01-24 22:06:41 - hirelens - INFO - routes.py:55 - File saved to C:\Users\sharo\HireLens\uploads\Candidate 6.pdf
2026-01-24 22:06:41 - hirelens - INFO - resume_parser.py:363 - Parsing resume: C:\Users\sharo\HireLens\uploads\Candidate 6.pdf
2026-01-24 22:06:41 - hirelens - INFO - resume_parser.py:416 - Resume parsed successfully. Found 20 skills
2026-01-24 22:06:41 - hirelens - INFO - resume_parser.py:436 - Resume saved to C:\Users\sharo\HireLens\data\parsed_resumes.json
2026-01-24 22:06:41 - hirelens - INFO - routes.py:39 - Uploading resume: Candidate 7.pdf
2026-01-24 22:06:41 - hirelens - INFO - routes.py:55 - File saved to C:\Users\sharo\HireLens\uploads\Candidate 7.pdf
2026-01-24 22:06:41 - hirelens - INFO - resume_parser.py:363 - Parsing resume: C:\Users\sharo\HireLens\uploads\Candidate 7.pdf
2026-01-24 22:06:41 - hirelens - ERROR - resume_parser.py:399 - Error extracting resume components: 2 validation errors for Education
degree
  Field required [type=missing, input_value={'year': '2026'}, input_type=dict]
    For further information visit https://errors.pydantic.dev/2.12/v/missing
institution
  Field required [type=missing, input_value={'year': '2026'}, input_type=dict]
    For further information visit https://errors.pydantic.dev/2.12/v/missing
2026-01-24 22:06:41 - hirelens - INFO - resume_parser.py:416 - Resume parsed successfully. Found 0 skills
2026-01-24 22:06:41 - hirelens - INFO - resume_parser.py:436 - Resume saved to C:\Users\sharo\HireLens\data\parsed_resumes.json
2026-01-24 22:06:41 - hirelens - INFO - routes.py:39 - Uploading resume: Candidate 8.pdf
2026-01-24 22:06:41 - hirelens - INFO - routes.py:55 - File saved to C:\Users\sharo\HireLens\uploads\Candidate 8.pdf
2026-01-24 22:06:41 - hirelens - INFO - resume_parser.py:363 - Parsing resume: C:\Users\sharo\HireLens\uploads\Candidate 8.pdf
2026-01-24 22:06:42 - hirelens - INFO - resume_parser.py:416 - Resume parsed successfully. Found 20 skills
2026-01-24 22:06:42 - hirelens - INFO - resume_parser.py:436 - Resume saved to C:\Users\sharo\HireLens\data\parsed_resumes.json
2026-01-24 22:06:42 - hirelens - INFO - routes.py:39 - Uploading resume: Candidate 9.pdf
2026-01-24 22:06:42 - hirelens - INFO - routes.py:55 - File saved to C:\Users\sharo\HireLens\uploads\Candidate 9.pdf
2026-01-24 22:06:42 - hirelens - INFO - resume_parser.py:363 - Parsing resume: C:\Users\sharo\HireLens\uploads\Candidate 9.pdf
2026-01-24 22:06:42 - hirelens - ERROR - resume_parser.py:399 - Error extracting resume components: 2 validation errors for Education
degree
  Field required [type=missing, input_value={'year': '2025'}, input_type=dict]
    For further information visit https://errors.pydantic.dev/2.12/v/missing
institution
  Field required [type=missing, input_value={'year': '2025'}, input_type=dict]
    For further information visit https://errors.pydantic.dev/2.12/v/missing
2026-01-24 22:06:42 - hirelens - INFO - resume_parser.py:416 - Resume parsed successfully. Found 0 skills
2026-01-24 22:06:42 - hirelens - INFO - resume_parser.py:436 - Resume saved to C:\Users\sharo\HireLens\data\parsed_resumes.json
2026-01-24 22:06:42 - hirelens - INFO - routes.py:39 - Uploading resume: Candidate 10.pdf
2026-01-24 22:06:42 - hirelens - INFO - routes.py:55 - File saved to C:\Users\sharo\HireLens\uploads\Candidate 10.pdf
2026-01-24 22:06:42 - hirelens - INFO - resume_parser.py:363 - Parsing resume: C:\Users\sharo\HireLens\uploads\Candidate 10.pdf
2026-01-24 22:06:42 - hirelens - INFO - resume_parser.py:416 - Resume parsed successfully. Found 20 skills
2026-01-24 22:06:42 - hirelens - INFO - resume_parser.py:436 - Resume saved to C:\Users\sharo\HireLens\data\parsed_resumes.json
2026-01-24 22:06:42 - hirelens - INFO - routes.py:39 - Uploading resume: Candidate 11.pdf
2026-01-24 22:06:42 - hirelens - INFO - routes.py:55 - File saved to C:\Users\sharo\HireLens\uploads\Candidate 11.pdf
2026-01-24 22:06:42 - hirelens - INFO - resume_parser.py:363 - Parsing resume: C:\Users\sharo\HireLens\uploads\Candidate 11.pdf
2026-01-24 22:06:42 - hirelens - INFO - resume_parser.py:416 - Resume parsed successfully. Found 20 skills
2026-01-24 22:06:42 - hirelens - INFO - resume_parser.py:436 - Resume saved to C:\Users\sharo\HireLens\data\parsed_resumes.json
2026-01-24 22:06:42 - hirelens - INFO - routes.py:39 - Uploading resume: Candidate 12.pdf
2026-01-24 22:06:42 - hirelens - INFO - routes.py:55 - File saved to C:\Users\sharo\HireLens\uploads\Candidate 12.pdf
2026-01-24 22:06:42 - hirelens - INFO - resume_parser.py:363 - Parsing resume: C:\Users\sharo\HireLens\uploads\Candidate 12.pdf
2026-01-24 22:06:42 - hirelens - ERROR - resume_parser.py:399 - Error extracting resume components: 2 validation errors for Education
degree
  Field required [type=missing, input_value={'year': '2026'}, input_type=dict]
    For further information visit https://errors.pydantic.dev/2.12/v/missing
institution
  Field required [type=missing, input_value={'year': '2026'}, input_type=dict]
    For further information visit https://errors.pydantic.dev/2.12/v/missing
2026-01-24 22:06:42 - hirelens - INFO - resume_parser.py:416 - Resume parsed successfully. Found 0 skills
2026-01-24 22:06:42 - hirelens - INFO - resume_parser.py:436 - Resume saved to C:\Users\sharo\HireLens\data\parsed_resumes.json
2026-01-24 22:06:42 - hirelens - INFO - routes.py:39 - Uploading resume: Candidate 13.pdf
2026-01-24 22:06:42 - hirelens - INFO - routes.py:55 - File saved to C:\Users\sharo\HireLens\uploads\Candidate 13.pdf
2026-01-24 22:06:42 - hirelens - INFO - resume_parser.py:363 - Parsing resume: C:\Users\sharo\HireLens\uploads\Candidate 13.pdf
2026-01-24 22:06:43 - hirelens - INFO - resume_parser.py:416 - Resume parsed successfully. Found 20 skills
2026-01-24 22:06:43 - hirelens - INFO - resume_parser.py:436 - Resume saved to C:\Users\sharo\HireLens\data\parsed_resumes.json
2026-01-24 22:06:43 - hirelens - INFO - routes.py:39 - Uploading resume: Candidate 14.pdf
2026-01-24 22:06:43 - hirelens - INFO - routes.py:55 - File saved to C:\Users\sharo\HireLens\uploads\Candidate 14.pdf
2026-01-24 22:06:43 - hirelens - INFO - resume_parser.py:363 - Parsing resume: C:\Users\sharo\HireLens\uploads\Candidate 14.pdf
2026-01-24 22:06:43 - hirelens - ERROR - resume_parser.py:399 - Error extracting resume components: 1 validation error for Education
institution
  Field required [type=missing, input_value={'degree': 'B.Tech CSE, 2025', 'year': '2025'}, input_type=dict]
    For further information visit https://errors.pydantic.dev/2.12/v/missing
2026-01-24 22:06:43 - hirelens - INFO - resume_parser.py:416 - Resume parsed successfully. Found 0 skills
2026-01-24 22:06:43 - hirelens - INFO - resume_parser.py:436 - Resume saved to C:\Users\sharo\HireLens\data\parsed_resumes.json
2026-01-24 22:06:43 - hirelens - INFO - routes.py:39 - Uploading resume: Candidate 15.pdf
2026-01-24 22:06:43 - hirelens - INFO - routes.py:55 - File saved to C:\Users\sharo\HireLens\uploads\Candidate 15.pdf
2026-01-24 22:06:43 - hirelens - INFO - resume_parser.py:363 - Parsing resume: C:\Users\sharo\HireLens\uploads\Candidate 15.pdf
2026-01-24 22:06:43 - hirelens - ERROR - resume_parser.py:399 - Error extracting resume components: 2 validation errors for Education
degree
  Field required [type=missing, input_value={'year': '2024'}, input_type=dict]
    For further information visit https://errors.pydantic.dev/2.12/v/missing
institution
  Field required [type=missing, input_value={'year': '2024'}, input_type=dict]
    For further information visit https://errors.pydantic.dev/2.12/v/missing
2026-01-24 22:06:43 - hirelens - INFO - resume_parser.py:416 - Resume parsed successfully. Found 0 skills
2026-01-24 22:06:43 - hirelens - INFO - resume_parser.py:436 - Resume saved to C:\Users\sharo\HireLens\data\parsed_resumes.json
2026-01-24 22:06:43 - hirelens - INFO - routes.py:39 - Uploading resume: Candidate 16.pdf
2026-01-24 22:06:43 - hirelens - INFO - routes.py:55 - File saved to C:\Users\sharo\HireLens\uploads\Candidate 16.pdf
2026-01-24 22:06:43 - hirelens - INFO - resume_parser.py:363 - Parsing resume: C:\Users\sharo\HireLens\uploads\Candidate 16.pdf
2026-01-24 22:06:43 - hirelens - INFO - resume_parser.py:416 - Resume parsed successfully. Found 20 skills
2026-01-24 22:06:43 - hirelens - INFO - resume_parser.py:436 - Resume saved to C:\Users\sharo\HireLens\data\parsed_resumes.json
2026-01-24 22:06:43 - hirelens - INFO - routes.py:39 - Uploading resume: Candidate 17.pdf
2026-01-24 22:06:43 - hirelens - INFO - routes.py:55 - File saved to C:\Users\sharo\HireLens\uploads\Candidate 17.pdf
2026-01-24 22:06:43 - hirelens - INFO - resume_parser.py:363 - Parsing resume: C:\Users\sharo\HireLens\uploads\Candidate 17.pdf
2026-01-24 22:06:43 - hirelens - INFO - resume_parser.py:416 - Resume parsed successfully. Found 20 skills
2026-01-24 22:06:43 - hirelens - INFO - resume_parser.py:436 - Resume saved to C:\Users\sharo\HireLens\data\parsed_resumes.json
2026-01-24 22:06:43 - hirelens - INFO - routes.py:39 - Uploading resume: Candidate 18.pdf
2026-01-24 22:06:43 - hirelens - INFO - routes.py:55 - File saved to C:\Users\sharo\HireLens\uploads\Candidate 18.pdf
2026-01-24 22:06:43 - hirelens - INFO - resume_parser.py:363 - Parsing resume: C:\Users\sharo\HireLens\uploads\Candidate 18.pdf
2026-01-24 22:06:43 - hirelens - ERROR - resume_parser.py:399 - Error extracting resume components: 2 validation errors for Education
degree
  Field required [type=missing, input_value={'year': '2025'}, input_type=dict]
    For further information visit https://errors.pydantic.dev/2.12/v/missing
institution
  Field required [type=missing, input_value={'year': '2025'}, input_type=dict]
    For further information visit https://errors.pydantic.dev/2.12/v/missing
2026-01-24 22:06:43 - hirelens - INFO - resume_parser.py:416 - Resume parsed successfully. Found 0 skills
2026-01-24 22:06:43 - hirelens - INFO - resume_parser.py:436 - Resume saved to C:\Users\sharo\HireLens\data\parsed_resumes.json
2026-01-24 22:06:43 - hirelens - INFO - routes.py:39 - Uploading resume: Candidate 19.pdf
2026-01-24 22:06:43 - hirelens - INFO - routes.py:55 - File saved to C:\Users\sharo\HireLens\uploads\Candidate 19.pdf
2026-01-24 22:06:43 - hirelens - INFO - resume_parser.py:363 - Parsing resume: C:\Users\sharo\HireLens\uploads\Candidate 19.pdf
2026-01-24 22:06:44 - hirelens - INFO - resume_parser.py:416 - Resume parsed successfully. Found 20 skills
2026-01-24 22:06:44 - hirelens - INFO - resume_parser.py:436 - Resume saved to C:\Users\sharo\HireLens\data\parsed_resumes.json
2026-01-24 22:06:44 - hirelens - INFO - routes.py:39 - Uploading resume: Candidate 20.pdf
2026-01-24 22:06:44 - hirelens - INFO - routes.py:55 - File saved to C:\Users\sharo\HireLens\uploads\Candidate 20.pdf
2026-01-24 22:06:44 - hirelens - INFO - resume_parser.py:363 - Parsing resume: C:\Users\sharo\HireLens\uploads\Candidate 20.pdf
2026-01-24 22:06:44 - hirelens - ERROR - resume_parser.py:399 - Error extracting resume components: 2 validation errors for Education
degree
  Field required [type=missing, input_value={'year': '2026'}, input_type=dict]
    For further information visit https://errors.pydantic.dev/2.12/v/missing
institution
  Field required [type=missing, input_value={'year': '2026'}, input_type=dict]
    For further information visit https://errors.pydantic.dev/2.12/v/missing
2026-01-24 22:06:44 - hirelens - INFO - resume_parser.py:416 - Resume parsed successfully. Found 0 skills
2026-01-24 22:06:44 - hirelens - INFO - resume_parser.py:436 - Resume saved to C:\Users\sharo\HireLens\data\parsed_resumes.json
2026-01-24 22:06:44 - hirelens - INFO - routes.py:185 - Starting batch evaluation of 20 resumes
2026-01-24 22:06:44 - hirelens - INFO - job_analyzer.py:255 - Analyzing job description...
2026-01-24 22:06:44 - hirelens - WARNING - job_analyzer.py:60 - No required skills found via patterns, scanning entire job description
2026-01-24 22:06:44 - hirelens - INFO - job_analyzer.py:65 - Extracted 17 required skills from job description
2026-01-24 22:06:44 - hirelens - INFO - job_analyzer.py:102 - Extracted 0 preferred skills from job description
2026-01-24 22:06:44 - hirelens - INFO - job_analyzer.py:279 - Job description analyzed. Found 17 required skills, 0 preferred skills
2026-01-24 22:06:44 - hirelens - INFO - job_analyzer.py:300 - Job description saved to C:\Users\sharo\HireLens\data\job_descriptions.json
2026-01-24 22:06:44 - hirelens - INFO - course_recommender.py:34 - Loaded courses for 31 skills
2026-01-24 22:06:44 - hirelens - INFO - routes.py:201 - Evaluating resume: Candidate 1.pdf
2026-01-24 22:06:44 - hirelens - INFO - routes.py:205 - Parsing resume from C:\Users\sharo\HireLens\uploads\Candidate 1.pdf
2026-01-24 22:06:44 - hirelens - INFO - resume_parser.py:363 - Parsing resume: C:\Users\sharo\HireLens\uploads\Candidate 1.pdf
2026-01-24 22:06:44 - hirelens - ERROR - resume_parser.py:399 - Error extracting resume components: 2 validation errors for Education
degree
  Field required [type=missing, input_value={'year': '2026'}, input_type=dict]
    For further information visit https://errors.pydantic.dev/2.12/v/missing
institution
  Field required [type=missing, input_value={'year': '2026'}, input_type=dict]
    For further information visit https://errors.pydantic.dev/2.12/v/missing
2026-01-24 22:06:44 - hirelens - INFO - resume_parser.py:416 - Resume parsed successfully. Found 0 skills
2026-01-24 22:06:44 - hirelens - INFO - resume_parser.py:436 - Resume saved to C:\Users\sharo\HireLens\data\parsed_resumes.json
2026-01-24 22:06:44 - hirelens - INFO - evaluation_engine.py:257 - Evaluating resume 94ef533a-8062-4a84-8158-8c14b8aca50e against job e5936652-c9bf-46b2-8dc9-579264c147ff
2026-01-24 22:06:44 - hirelens - INFO - evaluation_engine.py:267 - Calculating TF-IDF similarity...
2026-01-24 22:06:44 - hirelens - INFO - evaluation_engine.py:269 - TF-IDF score: 0.148
2026-01-24 22:06:44 - hirelens - INFO - evaluation_engine.py:271 - Calculating fuzzy skill match...
2026-01-24 22:06:44 - hirelens - INFO - evaluation_engine.py:273 - Fuzzy match score: 0.000
2026-01-24 22:06:44 - hirelens - INFO - evaluation_engine.py:275 - Calculating embedding similarity...
2026-01-24 22:06:44 - hirelens - INFO - evaluation_engine.py:277 - Embedding score: 0.661
2026-01-24 22:06:44 - hirelens - INFO - evaluation_engine.py:281 - Hybrid score: 30.89
2026-01-24 22:06:44 - hirelens - INFO - evaluation_engine.py:285 - Classification: Not Fit
2026-01-24 22:06:44 - hirelens - INFO - evaluation_engine.py:304 - Evaluation complete. Matched: 0, Missing: 17
2026-01-24 22:06:44 - hirelens - INFO - evaluation_engine.py:324 - Evaluation saved to C:\Users\sharo\HireLens\data\evaluations.json
2026-01-24 22:06:44 - hirelens - INFO - skill_gap_analyzer.py:172 - Analyzing skill gaps for resume 94ef533a-8062-4a84-8158-8c14b8aca50e
2026-01-24 22:06:44 - hirelens - INFO - skill_gap_analyzer.py:205 - Skill gap analysis complete. Critical gaps: 17, Moderate gaps: 0, Weak areas: 0
2026-01-24 22:06:44 - hirelens - INFO - skill_gap_analyzer.py:228 - Skill gaps saved to C:\Users\sharo\HireLens\data\skill_gaps.json
2026-01-24 22:06:44 - hirelens - INFO - course_recommender.py:110 - Generating course recommendations for gap e248fa32-ac48-4ac5-b014-0803ba34655e
2026-01-24 22:06:44 - hirelens - WARNING - course_recommender.py:90 - No courses found for skill: AI
2026-01-24 22:06:44 - hirelens - INFO - course_recommender.py:147 - Found 2 courses for Angular
2026-01-24 22:06:44 - hirelens - WARNING - course_recommender.py:90 - No courses found for skill: CSS
2026-01-24 22:06:44 - hirelens - WARNING - course_recommender.py:90 - No courses found for skill: Documentation
2026-01-24 22:06:44 - hirelens - WARNING - course_recommender.py:90 - No courses found for skill: Firebase
2026-01-24 22:06:44 - hirelens - WARNING - course_recommender.py:90 - No courses found for skill: HTML
2026-01-24 22:06:44 - hirelens - INFO - course_recommender.py:147 - Found 3 courses for Java
2026-01-24 22:06:44 - hirelens - INFO - course_recommender.py:147 - Found 3 courses for Javascript
2026-01-24 22:06:44 - hirelens - WARNING - course_recommender.py:90 - No courses found for skill: Js
2026-01-24 22:06:44 - hirelens - WARNING - course_recommender.py:90 - No courses found for skill: Json
2026-01-24 22:06:44 - hirelens - INFO - course_recommender.py:147 - Found 2 courses for Mongodb
2026-01-24 22:06:44 - hirelens - WARNING - course_recommender.py:90 - No courses found for skill: Mysql
2026-01-24 22:06:44 - hirelens - WARNING - course_recommender.py:90 - No courses found for skill: Node
2026-01-24 22:06:44 - hirelens - INFO - course_recommender.py:147 - Found 2 courses for Node.Js
2026-01-24 22:06:44 - hirelens - INFO - course_recommender.py:147 - Found 3 courses for Python
2026-01-24 22:06:44 - hirelens - INFO - course_recommender.py:147 - Found 3 courses for React
2026-01-24 22:06:44 - hirelens - WARNING - course_recommender.py:90 - No courses found for skill: Vue
2026-01-24 22:06:44 - hirelens - INFO - course_recommender.py:149 - Generated recommendations for 7 skills
2026-01-24 22:06:44 - hirelens - INFO - course_recommender.py:172 - Recommendations saved to C:\Users\sharo\HireLens\data\recommendations.json
2026-01-24 22:06:44 - hirelens - INFO - feedback_generator.py:294 - Generating feedback for evaluation a7b530dd-495b-49d6-9e90-605b1cf06236
2026-01-24 22:06:44 - hirelens - INFO - feedback_generator.py:313 - Feedback generated successfully
2026-01-24 22:06:44 - hirelens - INFO - feedback_generator.py:333 - Feedback saved to C:\Users\sharo\HireLens\data\feedback.json
2026-01-24 22:06:44 - hirelens - INFO - routes.py:201 - Evaluating resume: Candidate 2.pdf
2026-01-24 22:06:44 - hirelens - INFO - routes.py:205 - Parsing resume from C:\Users\sharo\HireLens\uploads\Candidate 2.pdf
2026-01-24 22:06:44 - hirelens - INFO - resume_parser.py:363 - Parsing resume: C:\Users\sharo\HireLens\uploads\Candidate 2.pdf
2026-01-24 22:06:45 - hirelens - INFO - resume_parser.py:416 - Resume parsed successfully. Found 20 skills
2026-01-24 22:06:45 - hirelens - INFO - resume_parser.py:436 - Resume saved to C:\Users\sharo\HireLens\data\parsed_resumes.json
2026-01-24 22:06:45 - hirelens - INFO - evaluation_engine.py:257 - Evaluating resume a7d2605f-20ee-47af-b1fe-223ac793c685 against job e5936652-c9bf-46b2-8dc9-579264c147ff
2026-01-24 22:06:45 - hirelens - INFO - evaluation_engine.py:267 - Calculating TF-IDF similarity...
2026-01-24 22:06:45 - hirelens - INFO - evaluation_engine.py:269 - TF-IDF score: 0.331
2026-01-24 22:06:45 - hirelens - INFO - evaluation_engine.py:271 - Calculating fuzzy skill match...
2026-01-24 22:06:45 - hirelens - INFO - evaluation_engine.py:273 - Fuzzy match score: 0.898
2026-01-24 22:06:45 - hirelens - INFO - evaluation_engine.py:275 - Calculating embedding similarity...
2026-01-24 22:06:45 - hirelens - INFO - evaluation_engine.py:277 - Embedding score: 0.858
2026-01-24 22:06:45 - hirelens - INFO - evaluation_engine.py:281 - Hybrid score: 71.20
2026-01-24 22:06:45 - hirelens - INFO - evaluation_engine.py:285 - Classification: Average Fit
2026-01-24 22:06:45 - hirelens - INFO - evaluation_engine.py:304 - Evaluation complete. Matched: 14, Missing: 3
2026-01-24 22:06:45 - hirelens - INFO - evaluation_engine.py:324 - Evaluation saved to C:\Users\sharo\HireLens\data\evaluations.json
2026-01-24 22:06:45 - hirelens - INFO - skill_gap_analyzer.py:172 - Analyzing skill gaps for resume a7d2605f-20ee-47af-b1fe-223ac793c685
2026-01-24 22:06:45 - hirelens - INFO - skill_gap_analyzer.py:205 - Skill gap analysis complete. Critical gaps: 3, Moderate gaps: 0, Weak areas: 0
2026-01-24 22:06:45 - hirelens - INFO - skill_gap_analyzer.py:228 - Skill gaps saved to C:\Users\sharo\HireLens\data\skill_gaps.json
2026-01-24 22:06:45 - hirelens - INFO - course_recommender.py:110 - Generating course recommendations for gap 9831fe95-8a42-46a4-82f2-0a316df80a6c
2026-01-24 22:06:45 - hirelens - INFO - course_recommender.py:147 - Found 2 courses for Angular
2026-01-24 22:06:45 - hirelens - WARNING - course_recommender.py:90 - No courses found for skill: Documentation
2026-01-24 22:06:45 - hirelens - WARNING - course_recommender.py:90 - No courses found for skill: Vue
2026-01-24 22:06:45 - hirelens - INFO - course_recommender.py:149 - Generated recommendations for 1 skills
2026-01-24 22:06:45 - hirelens - INFO - course_recommender.py:172 - Recommendations saved to C:\Users\sharo\HireLens\data\recommendations.json
2026-01-24 22:06:45 - hirelens - INFO - feedback_generator.py:294 - Generating feedback for evaluation d9c5dd27-4b65-42a7-8366-d43ae7f906e2
2026-01-24 22:06:45 - hirelens - INFO - feedback_generator.py:313 - Feedback generated successfully
2026-01-24 22:06:45 - hirelens - INFO - feedback_generator.py:333 - Feedback saved to C:\Users\sharo\HireLens\data\feedback.json
2026-01-24 22:06:45 - hirelens - INFO - routes.py:201 - Evaluating resume: Candidate 3.pdf
2026-01-24 22:06:45 - hirelens - INFO - routes.py:205 - Parsing resume from C:\Users\sharo\HireLens\uploads\Candidate 3.pdf
2026-01-24 22:06:45 - hirelens - INFO - resume_parser.py:363 - Parsing resume: C:\Users\sharo\HireLens\uploads\Candidate 3.pdf
2026-01-24 22:06:45 - hirelens - ERROR - resume_parser.py:399 - Error extracting resume components: 2 validation errors for Education
degree
  Field required [type=missing, input_value={'year': '2025'}, input_type=dict]
    For further information visit https://errors.pydantic.dev/2.12/v/missing
institution
  Field required [type=missing, input_value={'year': '2025'}, input_type=dict]
    For further information visit https://errors.pydantic.dev/2.12/v/missing
2026-01-24 22:06:45 - hirelens - INFO - resume_parser.py:416 - Resume parsed successfully. Found 0 skills
2026-01-24 22:06:45 - hirelens - INFO - resume_parser.py:436 - Resume saved to C:\Users\sharo\HireLens\data\parsed_resumes.json
2026-01-24 22:06:45 - hirelens - INFO - evaluation_engine.py:257 - Evaluating resume cc2ec12b-472c-47a4-be22-c2b371a177de against job e5936652-c9bf-46b2-8dc9-579264c147ff
2026-01-24 22:06:45 - hirelens - INFO - evaluation_engine.py:267 - Calculating TF-IDF similarity...
2026-01-24 22:06:45 - hirelens - INFO - evaluation_engine.py:269 - TF-IDF score: 0.103
2026-01-24 22:06:45 - hirelens - INFO - evaluation_engine.py:271 - Calculating fuzzy skill match...
2026-01-24 22:06:45 - hirelens - INFO - evaluation_engine.py:273 - Fuzzy match score: 0.000
2026-01-24 22:06:45 - hirelens - INFO - evaluation_engine.py:275 - Calculating embedding similarity...
2026-01-24 22:06:45 - hirelens - INFO - evaluation_engine.py:277 - Embedding score: 0.606
2026-01-24 22:06:45 - hirelens - INFO - evaluation_engine.py:281 - Hybrid score: 27.30
2026-01-24 22:06:45 - hirelens - INFO - evaluation_engine.py:285 - Classification: Not Fit
2026-01-24 22:06:45 - hirelens - INFO - evaluation_engine.py:304 - Evaluation complete. Matched: 0, Missing: 17
2026-01-24 22:06:45 - hirelens - INFO - evaluation_engine.py:324 - Evaluation saved to C:\Users\sharo\HireLens\data\evaluations.json
2026-01-24 22:06:45 - hirelens - INFO - skill_gap_analyzer.py:172 - Analyzing skill gaps for resume cc2ec12b-472c-47a4-be22-c2b371a177de
2026-01-24 22:06:45 - hirelens - INFO - skill_gap_analyzer.py:205 - Skill gap analysis complete. Critical gaps: 17, Moderate gaps: 0, Weak areas: 0
2026-01-24 22:06:45 - hirelens - INFO - skill_gap_analyzer.py:228 - Skill gaps saved to C:\Users\sharo\HireLens\data\skill_gaps.json
2026-01-24 22:06:45 - hirelens - INFO - course_recommender.py:110 - Generating course recommendations for gap 16ee0ef0-a9da-4e94-9ca9-14deb339873e
2026-01-24 22:06:45 - hirelens - WARNING - course_recommender.py:90 - No courses found for skill: AI
2026-01-24 22:06:45 - hirelens - INFO - course_recommender.py:147 - Found 2 courses for Angular
2026-01-24 22:06:45 - hirelens - WARNING - course_recommender.py:90 - No courses found for skill: CSS
2026-01-24 22:06:45 - hirelens - WARNING - course_recommender.py:90 - No courses found for skill: Documentation
2026-01-24 22:06:45 - hirelens - WARNING - course_recommender.py:90 - No courses found for skill: Firebase
2026-01-24 22:06:45 - hirelens - WARNING - course_recommender.py:90 - No courses found for skill: HTML
2026-01-24 22:06:45 - hirelens - INFO - course_recommender.py:147 - Found 3 courses for Java
2026-01-24 22:06:45 - hirelens - INFO - course_recommender.py:147 - Found 3 courses for Javascript
2026-01-24 22:06:45 - hirelens - WARNING - course_recommender.py:90 - No courses found for skill: Js
2026-01-24 22:06:45 - hirelens - WARNING - course_recommender.py:90 - No courses found for skill: Json
2026-01-24 22:06:45 - hirelens - INFO - course_recommender.py:147 - Found 2 courses for Mongodb
2026-01-24 22:06:45 - hirelens - WARNING - course_recommender.py:90 - No courses found for skill: Mysql
2026-01-24 22:06:45 - hirelens - WARNING - course_recommender.py:90 - No courses found for skill: Node
2026-01-24 22:06:45 - hirelens - INFO - course_recommender.py:147 - Found 2 courses for Node.Js
2026-01-24 22:06:45 - hirelens - INFO - course_recommender.py:147 - Found 3 courses for Python
2026-01-24 22:06:45 - hirelens - INFO - course_recommender.py:147 - Found 3 courses for React
2026-01-24 22:06:45 - hirelens - WARNING - course_recommender.py:90 - No courses found for skill: Vue
2026-01-24 22:06:45 - hirelens - INFO - course_recommender.py:149 - Generated recommendations for 7 skills
2026-01-24 22:06:45 - hirelens - INFO - course_recommender.py:172 - Recommendations saved to C:\Users\sharo\HireLens\data\recommendations.json
2026-01-24 22:06:45 - hirelens - INFO - feedback_generator.py:294 - Generating feedback for evaluation b3de7759-05e5-41b5-8b14-f66f351355c5
2026-01-24 22:06:45 - hirelens - INFO - feedback_generator.py:313 - Feedback generated successfully
2026-01-24 22:06:45 - hirelens - INFO - feedback_generator.py:333 - Feedback saved to C:\Users\sharo\HireLens\data\feedback.json
2026-01-24 22:06:45 - hirelens - INFO - routes.py:201 - Evaluating resume: Candidate 4.pdf
2026-01-24 22:06:45 - hirelens - INFO - routes.py:205 - Parsing resume from C:\Users\sharo\HireLens\uploads\Candidate 4.pdf
2026-01-24 22:06:45 - hirelens - INFO - resume_parser.py:363 - Parsing resume: C:\Users\sharo\HireLens\uploads\Candidate 4.pdf
2026-01-24 22:06:46 - hirelens - INFO - resume_parser.py:416 - Resume parsed successfully. Found 21 skills
2026-01-24 22:06:46 - hirelens - INFO - resume_parser.py:436 - Resume saved to C:\Users\sharo\HireLens\data\parsed_resumes.json
2026-01-24 22:06:46 - hirelens - INFO - evaluation_engine.py:257 - Evaluating resume 69e38038-1bdc-4730-9dce-946cae70542d against job e5936652-c9bf-46b2-8dc9-579264c147ff
2026-01-24 22:06:46 - hirelens - INFO - evaluation_engine.py:267 - Calculating TF-IDF similarity...
2026-01-24 22:06:46 - hirelens - INFO - evaluation_engine.py:269 - TF-IDF score: 0.331
2026-01-24 22:06:46 - hirelens - INFO - evaluation_engine.py:271 - Calculating fuzzy skill match...
2026-01-24 22:06:46 - hirelens - INFO - evaluation_engine.py:273 - Fuzzy match score: 0.898
2026-01-24 22:06:46 - hirelens - INFO - evaluation_engine.py:275 - Calculating embedding similarity...
2026-01-24 22:06:46 - hirelens - INFO - evaluation_engine.py:277 - Embedding score: 0.801
2026-01-24 22:06:46 - hirelens - INFO - evaluation_engine.py:281 - Hybrid score: 68.92
2026-01-24 22:06:46 - hirelens - INFO - evaluation_engine.py:285 - Classification: Average Fit
2026-01-24 22:06:46 - hirelens - INFO - evaluation_engine.py:304 - Evaluation complete. Matched: 14, Missing: 3
2026-01-24 22:06:46 - hirelens - INFO - evaluation_engine.py:324 - Evaluation saved to C:\Users\sharo\HireLens\data\evaluations.json
2026-01-24 22:06:46 - hirelens - INFO - skill_gap_analyzer.py:172 - Analyzing skill gaps for resume 69e38038-1bdc-4730-9dce-946cae70542d
2026-01-24 22:06:46 - hirelens - INFO - skill_gap_analyzer.py:205 - Skill gap analysis complete. Critical gaps: 3, Moderate gaps: 0, Weak areas: 0
2026-01-24 22:06:46 - hirelens - INFO - skill_gap_analyzer.py:228 - Skill gaps saved to C:\Users\sharo\HireLens\data\skill_gaps.json
2026-01-24 22:06:46 - hirelens - INFO - course_recommender.py:110 - Generating course recommendations for gap 24eaf689-6c98-4882-ac64-94a9748689e6
2026-01-24 22:06:46 - hirelens - INFO - course_recommender.py:147 - Found 2 courses for Angular
2026-01-24 22:06:46 - hirelens - WARNING - course_recommender.py:90 - No courses found for skill: Documentation
2026-01-24 22:06:46 - hirelens - WARNING - course_recommender.py:90 - No courses found for skill: Vue
2026-01-24 22:06:46 - hirelens - INFO - course_recommender.py:149 - Generated recommendations for 1 skills
2026-01-24 22:06:46 - hirelens - INFO - course_recommender.py:172 - Recommendations saved to C:\Users\sharo\HireLens\data\recommendations.json
2026-01-24 22:06:46 - hirelens - INFO - feedback_generator.py:294 - Generating feedback for evaluation 9f6160a4-c9e5-43e2-a316-299b037dedfb
2026-01-24 22:06:46 - hirelens - INFO - feedback_generator.py:313 - Feedback generated successfully
2026-01-24 22:06:46 - hirelens - INFO - feedback_generator.py:333 - Feedback saved to C:\Users\sharo\HireLens\data\feedback.json
2026-01-24 22:06:46 - hirelens - INFO - routes.py:201 - Evaluating resume: Candidate 5.pdf
2026-01-24 22:06:46 - hirelens - INFO - routes.py:205 - Parsing resume from C:\Users\sharo\HireLens\uploads\Candidate 5.pdf
2026-01-24 22:06:46 - hirelens - INFO - resume_parser.py:363 - Parsing resume: C:\Users\sharo\HireLens\uploads\Candidate 5.pdf
2026-01-24 22:06:46 - hirelens - ERROR - resume_parser.py:399 - Error extracting resume components: 1 validation error for Education
institution
  Field required [type=missing, input_value={'degree': 'B.Tech IT, 2026', 'year': '2026'}, input_type=dict]
    For further information visit https://errors.pydantic.dev/2.12/v/missing
2026-01-24 22:06:46 - hirelens - INFO - resume_parser.py:416 - Resume parsed successfully. Found 0 skills
2026-01-24 22:06:46 - hirelens - INFO - resume_parser.py:436 - Resume saved to C:\Users\sharo\HireLens\data\parsed_resumes.json
2026-01-24 22:06:46 - hirelens - INFO - evaluation_engine.py:257 - Evaluating resume 5bde7c90-0b95-4302-89e1-d5a401aa7d39 against job e5936652-c9bf-46b2-8dc9-579264c147ff
2026-01-24 22:06:46 - hirelens - INFO - evaluation_engine.py:267 - Calculating TF-IDF similarity...
2026-01-24 22:06:46 - hirelens - INFO - evaluation_engine.py:269 - TF-IDF score: 0.053
2026-01-24 22:06:46 - hirelens - INFO - evaluation_engine.py:271 - Calculating fuzzy skill match...
2026-01-24 22:06:46 - hirelens - INFO - evaluation_engine.py:273 - Fuzzy match score: 0.000
2026-01-24 22:06:46 - hirelens - INFO - evaluation_engine.py:275 - Calculating embedding similarity...
2026-01-24 22:06:46 - hirelens - INFO - evaluation_engine.py:277 - Embedding score: 0.631
2026-01-24 22:06:46 - hirelens - INFO - evaluation_engine.py:281 - Hybrid score: 26.84
2026-01-24 22:06:46 - hirelens - INFO - evaluation_engine.py:285 - Classification: Not Fit
2026-01-24 22:06:46 - hirelens - INFO - evaluation_engine.py:304 - Evaluation complete. Matched: 0, Missing: 17
2026-01-24 22:06:46 - hirelens - INFO - evaluation_engine.py:324 - Evaluation saved to C:\Users\sharo\HireLens\data\evaluations.json
2026-01-24 22:06:46 - hirelens - INFO - skill_gap_analyzer.py:172 - Analyzing skill gaps for resume 5bde7c90-0b95-4302-89e1-d5a401aa7d39
2026-01-24 22:06:46 - hirelens - INFO - skill_gap_analyzer.py:205 - Skill gap analysis complete. Critical gaps: 17, Moderate gaps: 0, Weak areas: 0
2026-01-24 22:06:46 - hirelens - INFO - skill_gap_analyzer.py:228 - Skill gaps saved to C:\Users\sharo\HireLens\data\skill_gaps.json
2026-01-24 22:06:46 - hirelens - INFO - course_recommender.py:110 - Generating course recommendations for gap 2f13bc5b-9a68-4d61-bd75-8272d6ad8b26
2026-01-24 22:06:46 - hirelens - WARNING - course_recommender.py:90 - No courses found for skill: AI
2026-01-24 22:06:46 - hirelens - INFO - course_recommender.py:147 - Found 2 courses for Angular
2026-01-24 22:06:46 - hirelens - WARNING - course_recommender.py:90 - No courses found for skill: CSS
2026-01-24 22:06:46 - hirelens - WARNING - course_recommender.py:90 - No courses found for skill: Documentation
2026-01-24 22:06:46 - hirelens - WARNING - course_recommender.py:90 - No courses found for skill: Firebase
2026-01-24 22:06:46 - hirelens - WARNING - course_recommender.py:90 - No courses found for skill: HTML
2026-01-24 22:06:46 - hirelens - INFO - course_recommender.py:147 - Found 3 courses for Java
2026-01-24 22:06:46 - hirelens - INFO - course_recommender.py:147 - Found 3 courses for Javascript
2026-01-24 22:06:46 - hirelens - WARNING - course_recommender.py:90 - No courses found for skill: Js
2026-01-24 22:06:46 - hirelens - WARNING - course_recommender.py:90 - No courses found for skill: Json
2026-01-24 22:06:46 - hirelens - INFO - course_recommender.py:147 - Found 2 courses for Mongodb
2026-01-24 22:06:46 - hirelens - WARNING - course_recommender.py:90 - No courses found for skill: Mysql
2026-01-24 22:06:46 - hirelens - WARNING - course_recommender.py:90 - No courses found for skill: Node
2026-01-24 22:06:46 - hirelens - INFO - course_recommender.py:147 - Found 2 courses for Node.Js
2026-01-24 22:06:46 - hirelens - INFO - course_recommender.py:147 - Found 3 courses for Python
2026-01-24 22:06:46 - hirelens - INFO - course_recommender.py:147 - Found 3 courses for React
2026-01-24 22:06:46 - hirelens - WARNING - course_recommender.py:90 - No courses found for skill: Vue
2026-01-24 22:06:46 - hirelens - INFO - course_recommender.py:149 - Generated recommendations for 7 skills
2026-01-24 22:06:46 - hirelens - INFO - course_recommender.py:172 - Recommendations saved to C:\Users\sharo\HireLens\data\recommendations.json
2026-01-24 22:06:46 - hirelens - INFO - feedback_generator.py:294 - Generating feedback for evaluation 263b3cdf-41b5-43b5-9faf-242b174e196d
2026-01-24 22:06:46 - hirelens - INFO - feedback_generator.py:313 - Feedback generated successfully
2026-01-24 22:06:46 - hirelens - INFO - feedback_generator.py:333 - Feedback saved to C:\Users\sharo\HireLens\data\feedback.json
2026-01-24 22:06:46 - hirelens - INFO - routes.py:201 - Evaluating resume: Candidate 6.pdf
2026-01-24 22:06:46 - hirelens - INFO - routes.py:205 - Parsing resume from C:\Users\sharo\HireLens\uploads\Candidate 6.pdf
2026-01-24 22:06:46 - hirelens - INFO - resume_parser.py:363 - Parsing resume: C:\Users\sharo\HireLens\uploads\Candidate 6.pdf
2026-01-24 22:06:47 - hirelens - INFO - resume_parser.py:416 - Resume parsed successfully. Found 20 skills
2026-01-24 22:06:47 - hirelens - INFO - resume_parser.py:436 - Resume saved to C:\Users\sharo\HireLens\data\parsed_resumes.json
2026-01-24 22:06:47 - hirelens - INFO - evaluation_engine.py:257 - Evaluating resume 6ee46263-991b-4967-9a41-c1ab38b945c7 against job e5936652-c9bf-46b2-8dc9-579264c147ff
2026-01-24 22:06:47 - hirelens - INFO - evaluation_engine.py:267 - Calculating TF-IDF similarity...
2026-01-24 22:06:47 - hirelens - INFO - evaluation_engine.py:269 - TF-IDF score: 0.331
2026-01-24 22:06:47 - hirelens - INFO - evaluation_engine.py:271 - Calculating fuzzy skill match...
2026-01-24 22:06:47 - hirelens - INFO - evaluation_engine.py:273 - Fuzzy match score: 0.898
2026-01-24 22:06:47 - hirelens - INFO - evaluation_engine.py:275 - Calculating embedding similarity...
2026-01-24 22:06:47 - hirelens - INFO - evaluation_engine.py:277 - Embedding score: 0.823
2026-01-24 22:06:47 - hirelens - INFO - evaluation_engine.py:281 - Hybrid score: 69.80
2026-01-24 22:06:47 - hirelens - INFO - evaluation_engine.py:285 - Classification: Average Fit
2026-01-24 22:06:47 - hirelens - INFO - evaluation_engine.py:304 - Evaluation complete. Matched: 14, Missing: 3
2026-01-24 22:06:47 - hirelens - INFO - evaluation_engine.py:324 - Evaluation saved to C:\Users\sharo\HireLens\data\evaluations.json
2026-01-24 22:06:47 - hirelens - INFO - skill_gap_analyzer.py:172 - Analyzing skill gaps for resume 6ee46263-991b-4967-9a41-c1ab38b945c7
2026-01-24 22:06:47 - hirelens - INFO - skill_gap_analyzer.py:205 - Skill gap analysis complete. Critical gaps: 3, Moderate gaps: 0, Weak areas: 0
2026-01-24 22:06:47 - hirelens - INFO - skill_gap_analyzer.py:228 - Skill gaps saved to C:\Users\sharo\HireLens\data\skill_gaps.json
2026-01-24 22:06:47 - hirelens - INFO - course_recommender.py:110 - Generating course recommendations for gap 28e5a8f7-04bc-4222-ab49-a5f596c28e2a
2026-01-24 22:06:47 - hirelens - INFO - course_recommender.py:147 - Found 2 courses for Angular
2026-01-24 22:06:47 - hirelens - WARNING - course_recommender.py:90 - No courses found for skill: Documentation
2026-01-24 22:06:47 - hirelens - WARNING - course_recommender.py:90 - No courses found for skill: Vue
2026-01-24 22:06:47 - hirelens - INFO - course_recommender.py:149 - Generated recommendations for 1 skills
2026-01-24 22:06:47 - hirelens - INFO - course_recommender.py:172 - Recommendations saved to C:\Users\sharo\HireLens\data\recommendations.json
2026-01-24 22:06:47 - hirelens - INFO - feedback_generator.py:294 - Generating feedback for evaluation acff3501-5df3-420f-a7c4-0472c00cb63d
2026-01-24 22:06:47 - hirelens - INFO - feedback_generator.py:313 - Feedback generated successfully
2026-01-24 22:06:47 - hirelens - INFO - feedback_generator.py:333 - Feedback saved to C:\Users\sharo\HireLens\data\feedback.json
2026-01-24 22:06:47 - hirelens - INFO - routes.py:201 - Evaluating resume: Candidate 7.pdf
2026-01-24 22:06:47 - hirelens - INFO - routes.py:205 - Parsing resume from C:\Users\sharo\HireLens\uploads\Candidate 7.pdf
2026-01-24 22:06:47 - hirelens - INFO - resume_parser.py:363 - Parsing resume: C:\Users\sharo\HireLens\uploads\Candidate 7.pdf
2026-01-24 22:06:47 - hirelens - ERROR - resume_parser.py:399 - Error extracting resume components: 2 validation errors for Education
degree
  Field required [type=missing, input_value={'year': '2026'}, input_type=dict]
    For further information visit https://errors.pydantic.dev/2.12/v/missing
institution
  Field required [type=missing, input_value={'year': '2026'}, input_type=dict]
    For further information visit https://errors.pydantic.dev/2.12/v/missing
2026-01-24 22:06:47 - hirelens - INFO - resume_parser.py:416 - Resume parsed successfully. Found 0 skills
2026-01-24 22:06:47 - hirelens - INFO - resume_parser.py:436 - Resume saved to C:\Users\sharo\HireLens\data\parsed_resumes.json
2026-01-24 22:06:47 - hirelens - INFO - evaluation_engine.py:257 - Evaluating resume 36634cce-f729-4ac6-a076-ea8742d8d91d against job e5936652-c9bf-46b2-8dc9-579264c147ff
2026-01-24 22:06:47 - hirelens - INFO - evaluation_engine.py:267 - Calculating TF-IDF similarity...
2026-01-24 22:06:47 - hirelens - INFO - evaluation_engine.py:269 - TF-IDF score: 0.042
2026-01-24 22:06:47 - hirelens - INFO - evaluation_engine.py:271 - Calculating fuzzy skill match...
2026-01-24 22:06:47 - hirelens - INFO - evaluation_engine.py:273 - Fuzzy match score: 0.000
2026-01-24 22:06:47 - hirelens - INFO - evaluation_engine.py:275 - Calculating embedding similarity...
2026-01-24 22:06:47 - hirelens - INFO - evaluation_engine.py:277 - Embedding score: 0.426
2026-01-24 22:06:47 - hirelens - INFO - evaluation_engine.py:281 - Hybrid score: 18.31
2026-01-24 22:06:47 - hirelens - INFO - evaluation_engine.py:285 - Classification: Not Fit
2026-01-24 22:06:47 - hirelens - INFO - evaluation_engine.py:304 - Evaluation complete. Matched: 0, Missing: 17
2026-01-24 22:06:47 - hirelens - INFO - evaluation_engine.py:324 - Evaluation saved to C:\Users\sharo\HireLens\data\evaluations.json
2026-01-24 22:06:47 - hirelens - INFO - skill_gap_analyzer.py:172 - Analyzing skill gaps for resume 36634cce-f729-4ac6-a076-ea8742d8d91d
2026-01-24 22:06:47 - hirelens - INFO - skill_gap_analyzer.py:205 - Skill gap analysis complete. Critical gaps: 17, Moderate gaps: 0, Weak areas: 0
2026-01-24 22:06:47 - hirelens - INFO - skill_gap_analyzer.py:228 - Skill gaps saved to C:\Users\sharo\HireLens\data\skill_gaps.json
2026-01-24 22:06:47 - hirelens - INFO - course_recommender.py:110 - Generating course recommendations for gap d35bf9e3-22df-46f6-ae19-d4456e16b0db
2026-01-24 22:06:47 - hirelens - WARNING - course_recommender.py:90 - No courses found for skill: AI
2026-01-24 22:06:47 - hirelens - INFO - course_recommender.py:147 - Found 2 courses for Angular
2026-01-24 22:06:47 - hirelens - WARNING - course_recommender.py:90 - No courses found for skill: CSS
2026-01-24 22:06:47 - hirelens - WARNING - course_recommender.py:90 - No courses found for skill: Documentation
2026-01-24 22:06:47 - hirelens - WARNING - course_recommender.py:90 - No courses found for skill: Firebase
2026-01-24 22:06:47 - hirelens - WARNING - course_recommender.py:90 - No courses found for skill: HTML
2026-01-24 22:06:47 - hirelens - INFO - course_recommender.py:147 - Found 3 courses for Java
2026-01-24 22:06:47 - hirelens - INFO - course_recommender.py:147 - Found 3 courses for Javascript
2026-01-24 22:06:47 - hirelens - WARNING - course_recommender.py:90 - No courses found for skill: Js
2026-01-24 22:06:47 - hirelens - WARNING - course_recommender.py:90 - No courses found for skill: Json
2026-01-24 22:06:47 - hirelens - INFO - course_recommender.py:147 - Found 2 courses for Mongodb
2026-01-24 22:06:47 - hirelens - WARNING - course_recommender.py:90 - No courses found for skill: Mysql
2026-01-24 22:06:47 - hirelens - WARNING - course_recommender.py:90 - No courses found for skill: Node
2026-01-24 22:06:47 - hirelens - INFO - course_recommender.py:147 - Found 2 courses for Node.Js
2026-01-24 22:06:47 - hirelens - INFO - course_recommender.py:147 - Found 3 courses for Python
2026-01-24 22:06:47 - hirelens - INFO - course_recommender.py:147 - Found 3 courses for React
2026-01-24 22:06:47 - hirelens - WARNING - course_recommender.py:90 - No courses found for skill: Vue
2026-01-24 22:06:47 - hirelens - INFO - course_recommender.py:149 - Generated recommendations for 7 skills
2026-01-24 22:06:47 - hirelens - INFO - course_recommender.py:172 - Recommendations saved to C:\Users\sharo\HireLens\data\recommendations.json
2026-01-24 22:06:47 - hirelens - INFO - feedback_generator.py:294 - Generating feedback for evaluation 4eba95e8-5ecc-4627-9556-c4e833febca1
2026-01-24 22:06:47 - hirelens - INFO - feedback_generator.py:313 - Feedback generated successfully
2026-01-24 22:06:47 - hirelens - INFO - feedback_generator.py:333 - Feedback saved to C:\Users\sharo\HireLens\data\feedback.json
2026-01-24 22:06:47 - hirelens - INFO - routes.py:201 - Evaluating resume: Candidate 8.pdf
2026-01-24 22:06:47 - hirelens - INFO - routes.py:205 - Parsing resume from C:\Users\sharo\HireLens\uploads\Candidate 8.pdf
2026-01-24 22:06:47 - hirelens - INFO - resume_parser.py:363 - Parsing resume: C:\Users\sharo\HireLens\uploads\Candidate 8.pdf
2026-01-24 22:06:48 - hirelens - INFO - resume_parser.py:416 - Resume parsed successfully. Found 20 skills
2026-01-24 22:06:48 - hirelens - INFO - resume_parser.py:436 - Resume saved to C:\Users\sharo\HireLens\data\parsed_resumes.json
2026-01-24 22:06:48 - hirelens - INFO - evaluation_engine.py:257 - Evaluating resume 91e2486b-045f-40a8-88fc-ef0fa1fee333 against job e5936652-c9bf-46b2-8dc9-579264c147ff
2026-01-24 22:06:48 - hirelens - INFO - evaluation_engine.py:267 - Calculating TF-IDF similarity...
2026-01-24 22:06:48 - hirelens - INFO - evaluation_engine.py:269 - TF-IDF score: 0.331
2026-01-24 22:06:48 - hirelens - INFO - evaluation_engine.py:271 - Calculating fuzzy skill match...
2026-01-24 22:06:48 - hirelens - INFO - evaluation_engine.py:273 - Fuzzy match score: 0.898
2026-01-24 22:06:48 - hirelens - INFO - evaluation_engine.py:275 - Calculating embedding similarity...
2026-01-24 22:06:48 - hirelens - INFO - evaluation_engine.py:277 - Embedding score: 0.814
2026-01-24 22:06:48 - hirelens - INFO - evaluation_engine.py:281 - Hybrid score: 69.43
2026-01-24 22:06:48 - hirelens - INFO - evaluation_engine.py:285 - Classification: Average Fit
2026-01-24 22:06:48 - hirelens - INFO - evaluation_engine.py:304 - Evaluation complete. Matched: 14, Missing: 3
2026-01-24 22:06:48 - hirelens - INFO - evaluation_engine.py:324 - Evaluation saved to C:\Users\sharo\HireLens\data\evaluations.json
2026-01-24 22:06:48 - hirelens - INFO - skill_gap_analyzer.py:172 - Analyzing skill gaps for resume 91e2486b-045f-40a8-88fc-ef0fa1fee333
2026-01-24 22:06:48 - hirelens - INFO - skill_gap_analyzer.py:205 - Skill gap analysis complete. Critical gaps: 3, Moderate gaps: 0, Weak areas: 0
2026-01-24 22:06:48 - hirelens - INFO - skill_gap_analyzer.py:228 - Skill gaps saved to C:\Users\sharo\HireLens\data\skill_gaps.json
2026-01-24 22:06:48 - hirelens - INFO - course_recommender.py:110 - Generating course recommendations for gap a8f2ac32-74d7-4ac8-82dd-a5afee160217
2026-01-24 22:06:48 - hirelens - INFO - course_recommender.py:147 - Found 2 courses for Angular
2026-01-24 22:06:48 - hirelens - WARNING - course_recommender.py:90 - No courses found for skill: Documentation
2026-01-24 22:06:48 - hirelens - WARNING - course_recommender.py:90 - No courses found for skill: Vue
2026-01-24 22:06:48 - hirelens - INFO - course_recommender.py:149 - Generated recommendations for 1 skills
2026-01-24 22:06:48 - hirelens - INFO - course_recommender.py:172 - Recommendations saved to C:\Users\sharo\HireLens\data\recommendations.json
2026-01-24 22:06:48 - hirelens - INFO - feedback_generator.py:294 - Generating feedback for evaluation 90f74ea0-d866-43ec-94b1-8d69524335f4
2026-01-24 22:06:48 - hirelens - INFO - feedback_generator.py:313 - Feedback generated successfully
2026-01-24 22:06:48 - hirelens - INFO - feedback_generator.py:333 - Feedback saved to C:\Users\sharo\HireLens\data\feedback.json
2026-01-24 22:06:48 - hirelens - INFO - routes.py:201 - Evaluating resume: Candidate 9.pdf
2026-01-24 22:06:48 - hirelens - INFO - routes.py:205 - Parsing resume from C:\Users\sharo\HireLens\uploads\Candidate 9.pdf
2026-01-24 22:06:48 - hirelens - INFO - resume_parser.py:363 - Parsing resume: C:\Users\sharo\HireLens\uploads\Candidate 9.pdf
2026-01-24 22:06:48 - hirelens - ERROR - resume_parser.py:399 - Error extracting resume components: 2 validation errors for Education
degree
  Field required [type=missing, input_value={'year': '2025'}, input_type=dict]
    For further information visit https://errors.pydantic.dev/2.12/v/missing
institution
  Field required [type=missing, input_value={'year': '2025'}, input_type=dict]
    For further information visit https://errors.pydantic.dev/2.12/v/missing
2026-01-24 22:06:48 - hirelens - INFO - resume_parser.py:416 - Resume parsed successfully. Found 0 skills
2026-01-24 22:06:48 - hirelens - INFO - resume_parser.py:436 - Resume saved to C:\Users\sharo\HireLens\data\parsed_resumes.json
2026-01-24 22:06:48 - hirelens - INFO - evaluation_engine.py:257 - Evaluating resume 5c96351e-6255-4416-a73d-75bc2aaeb196 against job e5936652-c9bf-46b2-8dc9-579264c147ff
2026-01-24 22:06:48 - hirelens - INFO - evaluation_engine.py:267 - Calculating TF-IDF similarity...
2026-01-24 22:06:48 - hirelens - INFO - evaluation_engine.py:269 - TF-IDF score: 0.032
2026-01-24 22:06:48 - hirelens - INFO - evaluation_engine.py:271 - Calculating fuzzy skill match...
2026-01-24 22:06:48 - hirelens - INFO - evaluation_engine.py:273 - Fuzzy match score: 0.000
2026-01-24 22:06:48 - hirelens - INFO - evaluation_engine.py:275 - Calculating embedding similarity...
2026-01-24 22:06:48 - hirelens - INFO - evaluation_engine.py:277 - Embedding score: 0.437
2026-01-24 22:06:48 - hirelens - INFO - evaluation_engine.py:281 - Hybrid score: 18.43
2026-01-24 22:06:48 - hirelens - INFO - evaluation_engine.py:285 - Classification: Not Fit
2026-01-24 22:06:48 - hirelens - INFO - evaluation_engine.py:304 - Evaluation complete. Matched: 0, Missing: 17
2026-01-24 22:06:48 - hirelens - INFO - evaluation_engine.py:324 - Evaluation saved to C:\Users\sharo\HireLens\data\evaluations.json
2026-01-24 22:06:48 - hirelens - INFO - skill_gap_analyzer.py:172 - Analyzing skill gaps for resume 5c96351e-6255-4416-a73d-75bc2aaeb196
2026-01-24 22:06:48 - hirelens - INFO - skill_gap_analyzer.py:205 - Skill gap analysis complete. Critical gaps: 17, Moderate gaps: 0, Weak areas: 0
2026-01-24 22:06:48 - hirelens - INFO - skill_gap_analyzer.py:228 - Skill gaps saved to C:\Users\sharo\HireLens\data\skill_gaps.json
2026-01-24 22:06:48 - hirelens - INFO - course_recommender.py:110 - Generating course recommendations for gap d2cf0b05-7cc1-4493-ae45-4a77f940f7e6
2026-01-24 22:06:48 - hirelens - WARNING - course_recommender.py:90 - No courses found for skill: AI
2026-01-24 22:06:48 - hirelens - INFO - course_recommender.py:147 - Found 2 courses for Angular
2026-01-24 22:06:48 - hirelens - WARNING - course_recommender.py:90 - No courses found for skill: CSS
2026-01-24 22:06:48 - hirelens - WARNING - course_recommender.py:90 - No courses found for skill: Documentation
2026-01-24 22:06:48 - hirelens - WARNING - course_recommender.py:90 - No courses found for skill: Firebase
2026-01-24 22:06:48 - hirelens - WARNING - course_recommender.py:90 - No courses found for skill: HTML
2026-01-24 22:06:48 - hirelens - INFO - course_recommender.py:147 - Found 3 courses for Java
2026-01-24 22:06:48 - hirelens - INFO - course_recommender.py:147 - Found 3 courses for Javascript
2026-01-24 22:06:48 - hirelens - WARNING - course_recommender.py:90 - No courses found for skill: Js
2026-01-24 22:06:48 - hirelens - WARNING - course_recommender.py:90 - No courses found for skill: Json
2026-01-24 22:06:48 - hirelens - INFO - course_recommender.py:147 - Found 2 courses for Mongodb
2026-01-24 22:06:48 - hirelens - WARNING - course_recommender.py:90 - No courses found for skill: Mysql
2026-01-24 22:06:48 - hirelens - WARNING - course_recommender.py:90 - No courses found for skill: Node
2026-01-24 22:06:48 - hirelens - INFO - course_recommender.py:147 - Found 2 courses for Node.Js
2026-01-24 22:06:48 - hirelens - INFO - course_recommender.py:147 - Found 3 courses for Python
2026-01-24 22:06:48 - hirelens - INFO - course_recommender.py:147 - Found 3 courses for React
2026-01-24 22:06:48 - hirelens - WARNING - course_recommender.py:90 - No courses found for skill: Vue
2026-01-24 22:06:48 - hirelens - INFO - course_recommender.py:149 - Generated recommendations for 7 skills
2026-01-24 22:06:48 - hirelens - INFO - course_recommender.py:172 - Recommendations saved to C:\Users\sharo\HireLens\data\recommendations.json
2026-01-24 22:06:48 - hirelens - INFO - feedback_generator.py:294 - Generating feedback for evaluation 8ecf8b84-22a8-4abc-9acb-dd592b9a9465
2026-01-24 22:06:48 - hirelens - INFO - feedback_generator.py:313 - Feedback generated successfully
2026-01-24 22:06:48 - hirelens - INFO - feedback_generator.py:333 - Feedback saved to C:\Users\sharo\HireLens\data\feedback.json
2026-01-24 22:06:48 - hirelens - INFO - routes.py:201 - Evaluating resume: Candidate 10.pdf
2026-01-24 22:06:48 - hirelens - INFO - routes.py:205 - Parsing resume from C:\Users\sharo\HireLens\uploads\Candidate 10.pdf
2026-01-24 22:06:48 - hirelens - INFO - resume_parser.py:363 - Parsing resume: C:\Users\sharo\HireLens\uploads\Candidate 10.pdf
2026-01-24 22:06:49 - hirelens - INFO - resume_parser.py:416 - Resume parsed successfully. Found 20 skills
2026-01-24 22:06:49 - hirelens - INFO - resume_parser.py:436 - Resume saved to C:\Users\sharo\HireLens\data\parsed_resumes.json
2026-01-24 22:06:49 - hirelens - INFO - evaluation_engine.py:257 - Evaluating resume cb8ed453-cf3b-4e5f-8760-f828c1ce9fd2 against job e5936652-c9bf-46b2-8dc9-579264c147ff
2026-01-24 22:06:49 - hirelens - INFO - evaluation_engine.py:267 - Calculating TF-IDF similarity...
2026-01-24 22:06:49 - hirelens - INFO - evaluation_engine.py:269 - TF-IDF score: 0.331
2026-01-24 22:06:49 - hirelens - INFO - evaluation_engine.py:271 - Calculating fuzzy skill match...
2026-01-24 22:06:49 - hirelens - INFO - evaluation_engine.py:273 - Fuzzy match score: 0.898
2026-01-24 22:06:49 - hirelens - INFO - evaluation_engine.py:275 - Calculating embedding similarity...
2026-01-24 22:06:49 - hirelens - INFO - evaluation_engine.py:277 - Embedding score: 0.813
2026-01-24 22:06:49 - hirelens - INFO - evaluation_engine.py:281 - Hybrid score: 69.39
2026-01-24 22:06:49 - hirelens - INFO - evaluation_engine.py:285 - Classification: Average Fit
2026-01-24 22:06:49 - hirelens - INFO - evaluation_engine.py:304 - Evaluation complete. Matched: 14, Missing: 3
2026-01-24 22:06:49 - hirelens - INFO - evaluation_engine.py:324 - Evaluation saved to C:\Users\sharo\HireLens\data\evaluations.json
2026-01-24 22:06:49 - hirelens - INFO - skill_gap_analyzer.py:172 - Analyzing skill gaps for resume cb8ed453-cf3b-4e5f-8760-f828c1ce9fd2
2026-01-24 22:06:49 - hirelens - INFO - skill_gap_analyzer.py:205 - Skill gap analysis complete. Critical gaps: 3, Moderate gaps: 0, Weak areas: 0
2026-01-24 22:06:49 - hirelens - INFO - skill_gap_analyzer.py:228 - Skill gaps saved to C:\Users\sharo\HireLens\data\skill_gaps.json
2026-01-24 22:06:49 - hirelens - INFO - course_recommender.py:110 - Generating course recommendations for gap 3bfd70d6-7294-4097-99b1-b616166778bc
2026-01-24 22:06:49 - hirelens - INFO - course_recommender.py:147 - Found 2 courses for Angular
2026-01-24 22:06:49 - hirelens - WARNING - course_recommender.py:90 - No courses found for skill: Documentation
2026-01-24 22:06:49 - hirelens - WARNING - course_recommender.py:90 - No courses found for skill: Vue
2026-01-24 22:06:49 - hirelens - INFO - course_recommender.py:149 - Generated recommendations for 1 skills
2026-01-24 22:06:51 - hirelens - INFO - course_recommender.py:172 - Recommendations saved to C:\Users\sharo\HireLens\data\recommendations.json
2026-01-24 22:06:51 - hirelens - INFO - feedback_generator.py:294 - Generating feedback for evaluation c2ca6739-3486-48e2-917e-0762cba273b1
2026-01-24 22:06:51 - hirelens - INFO - feedback_generator.py:313 - Feedback generated successfully
2026-01-24 22:06:51 - hirelens - INFO - feedback_generator.py:333 - Feedback saved to C:\Users\sharo\HireLens\data\feedback.json
2026-01-24 22:06:51 - hirelens - INFO - routes.py:201 - Evaluating resume: Candidate 11.pdf
2026-01-24 22:06:51 - hirelens - INFO - routes.py:205 - Parsing resume from C:\Users\sharo\HireLens\uploads\Candidate 11.pdf
2026-01-24 22:06:51 - hirelens - INFO - resume_parser.py:363 - Parsing resume: C:\Users\sharo\HireLens\uploads\Candidate 11.pdf
2026-01-24 22:06:51 - hirelens - INFO - resume_parser.py:416 - Resume parsed successfully. Found 20 skills
2026-01-24 22:06:51 - hirelens - INFO - resume_parser.py:436 - Resume saved to C:\Users\sharo\HireLens\data\parsed_resumes.json
2026-01-24 22:06:51 - hirelens - INFO - evaluation_engine.py:257 - Evaluating resume 80eb6dfe-4a39-4041-8f9b-bd5e0924f6de against job e5936652-c9bf-46b2-8dc9-579264c147ff
2026-01-24 22:06:51 - hirelens - INFO - evaluation_engine.py:267 - Calculating TF-IDF similarity...
2026-01-24 22:06:51 - hirelens - INFO - evaluation_engine.py:269 - TF-IDF score: 0.331
2026-01-24 22:06:51 - hirelens - INFO - evaluation_engine.py:271 - Calculating fuzzy skill match...
2026-01-24 22:06:51 - hirelens - INFO - evaluation_engine.py:273 - Fuzzy match score: 0.898
2026-01-24 22:06:51 - hirelens - INFO - evaluation_engine.py:275 - Calculating embedding similarity...
2026-01-24 22:06:51 - hirelens - INFO - evaluation_engine.py:277 - Embedding score: 0.839
2026-01-24 22:06:51 - hirelens - INFO - evaluation_engine.py:281 - Hybrid score: 70.43
2026-01-24 22:06:51 - hirelens - INFO - evaluation_engine.py:285 - Classification: Average Fit
2026-01-24 22:06:51 - hirelens - INFO - evaluation_engine.py:304 - Evaluation complete. Matched: 14, Missing: 3
2026-01-24 22:06:51 - hirelens - INFO - evaluation_engine.py:324 - Evaluation saved to C:\Users\sharo\HireLens\data\evaluations.json
2026-01-24 22:06:51 - hirelens - INFO - skill_gap_analyzer.py:172 - Analyzing skill gaps for resume 80eb6dfe-4a39-4041-8f9b-bd5e0924f6de
2026-01-24 22:06:51 - hirelens - INFO - skill_gap_analyzer.py:205 - Skill gap analysis complete. Critical gaps: 3, Moderate gaps: 0, Weak areas: 0
2026-01-24 22:06:51 - hirelens - INFO - skill_gap_analyzer.py:228 - Skill gaps saved to C:\Users\sharo\HireLens\data\skill_gaps.json
2026-01-24 22:06:51 - hirelens - INFO - course_recommender.py:110 - Generating course recommendations for gap 71cfa858-4df5-4abe-aa31-d0f7dab4ee80
2026-01-24 22:06:51 - hirelens - INFO - course_recommender.py:147 - Found 2 courses for Angular
2026-01-24 22:06:51 - hirelens - WARNING - course_recommender.py:90 - No courses found for skill: Documentation
2026-01-24 22:06:51 - hirelens - WARNING - course_recommender.py:90 - No courses found for skill: Vue
2026-01-24 22:06:51 - hirelens - INFO - course_recommender.py:149 - Generated recommendations for 1 skills
2026-01-24 22:06:51 - hirelens - INFO - course_recommender.py:172 - Recommendations saved to C:\Users\sharo\HireLens\data\recommendations.json
2026-01-24 22:06:51 - hirelens - INFO - feedback_generator.py:294 - Generating feedback for evaluation 12b1982a-ef4e-4248-9e79-600265a4c957
2026-01-24 22:06:51 - hirelens - INFO - feedback_generator.py:313 - Feedback generated successfully
2026-01-24 22:06:51 - hirelens - INFO - feedback_generator.py:333 - Feedback saved to C:\Users\sharo\HireLens\data\feedback.json
2026-01-24 22:06:51 - hirelens - INFO - routes.py:201 - Evaluating resume: Candidate 12.pdf
2026-01-24 22:06:51 - hirelens - INFO - routes.py:205 - Parsing resume from C:\Users\sharo\HireLens\uploads\Candidate 12.pdf
2026-01-24 22:06:51 - hirelens - INFO - resume_parser.py:363 - Parsing resume: C:\Users\sharo\HireLens\uploads\Candidate 12.pdf
2026-01-24 22:06:51 - hirelens - ERROR - resume_parser.py:399 - Error extracting resume components: 2 validation errors for Education
degree
  Field required [type=missing, input_value={'year': '2026'}, input_type=dict]
    For further information visit https://errors.pydantic.dev/2.12/v/missing
institution
  Field required [type=missing, input_value={'year': '2026'}, input_type=dict]
    For further information visit https://errors.pydantic.dev/2.12/v/missing
2026-01-24 22:06:51 - hirelens - INFO - resume_parser.py:416 - Resume parsed successfully. Found 0 skills
2026-01-24 22:06:51 - hirelens - INFO - resume_parser.py:436 - Resume saved to C:\Users\sharo\HireLens\data\parsed_resumes.json
2026-01-24 22:06:51 - hirelens - INFO - evaluation_engine.py:257 - Evaluating resume 3c555e01-4d82-4341-92cb-879a65f5a85f against job e5936652-c9bf-46b2-8dc9-579264c147ff
2026-01-24 22:06:51 - hirelens - INFO - evaluation_engine.py:267 - Calculating TF-IDF similarity...
2026-01-24 22:06:51 - hirelens - INFO - evaluation_engine.py:269 - TF-IDF score: 0.050
2026-01-24 22:06:51 - hirelens - INFO - evaluation_engine.py:271 - Calculating fuzzy skill match...
2026-01-24 22:06:51 - hirelens - INFO - evaluation_engine.py:273 - Fuzzy match score: 0.000
2026-01-24 22:06:51 - hirelens - INFO - evaluation_engine.py:275 - Calculating embedding similarity...
2026-01-24 22:06:51 - hirelens - INFO - evaluation_engine.py:277 - Embedding score: 0.516
2026-01-24 22:06:51 - hirelens - INFO - evaluation_engine.py:281 - Hybrid score: 22.15
2026-01-24 22:06:51 - hirelens - INFO - evaluation_engine.py:285 - Classification: Not Fit
2026-01-24 22:06:51 - hirelens - INFO - evaluation_engine.py:304 - Evaluation complete. Matched: 0, Missing: 17
2026-01-24 22:06:51 - hirelens - INFO - evaluation_engine.py:324 - Evaluation saved to C:\Users\sharo\HireLens\data\evaluations.json
2026-01-24 22:06:51 - hirelens - INFO - skill_gap_analyzer.py:172 - Analyzing skill gaps for resume 3c555e01-4d82-4341-92cb-879a65f5a85f
2026-01-24 22:06:51 - hirelens - INFO - skill_gap_analyzer.py:205 - Skill gap analysis complete. Critical gaps: 17, Moderate gaps: 0, Weak areas: 0
2026-01-24 22:06:51 - hirelens - INFO - skill_gap_analyzer.py:228 - Skill gaps saved to C:\Users\sharo\HireLens\data\skill_gaps.json
2026-01-24 22:06:51 - hirelens - INFO - course_recommender.py:110 - Generating course recommendations for gap ec5b5b69-5c5d-43f2-bf73-086f6f1e7323
2026-01-24 22:06:51 - hirelens - WARNING - course_recommender.py:90 - No courses found for skill: AI
2026-01-24 22:06:51 - hirelens - INFO - course_recommender.py:147 - Found 2 courses for Angular
2026-01-24 22:06:51 - hirelens - WARNING - course_recommender.py:90 - No courses found for skill: CSS
2026-01-24 22:06:51 - hirelens - WARNING - course_recommender.py:90 - No courses found for skill: Documentation
2026-01-24 22:06:51 - hirelens - WARNING - course_recommender.py:90 - No courses found for skill: Firebase
2026-01-24 22:06:51 - hirelens - WARNING - course_recommender.py:90 - No courses found for skill: HTML
2026-01-24 22:06:51 - hirelens - INFO - course_recommender.py:147 - Found 3 courses for Java
2026-01-24 22:06:51 - hirelens - INFO - course_recommender.py:147 - Found 3 courses for Javascript
2026-01-24 22:06:51 - hirelens - WARNING - course_recommender.py:90 - No courses found for skill: Js
2026-01-24 22:06:51 - hirelens - WARNING - course_recommender.py:90 - No courses found for skill: Json
2026-01-24 22:06:51 - hirelens - INFO - course_recommender.py:147 - Found 2 courses for Mongodb
2026-01-24 22:06:51 - hirelens - WARNING - course_recommender.py:90 - No courses found for skill: Mysql
2026-01-24 22:06:51 - hirelens - WARNING - course_recommender.py:90 - No courses found for skill: Node
2026-01-24 22:06:51 - hirelens - INFO - course_recommender.py:147 - Found 2 courses for Node.Js
2026-01-24 22:06:51 - hirelens - INFO - course_recommender.py:147 - Found 3 courses for Python
2026-01-24 22:06:51 - hirelens - INFO - course_recommender.py:147 - Found 3 courses for React
2026-01-24 22:06:51 - hirelens - WARNING - course_recommender.py:90 - No courses found for skill: Vue
2026-01-24 22:06:51 - hirelens - INFO - course_recommender.py:149 - Generated recommendations for 7 skills
2026-01-24 22:06:52 - hirelens - INFO - course_recommender.py:172 - Recommendations saved to C:\Users\sharo\HireLens\data\recommendations.json
2026-01-24 22:06:52 - hirelens - INFO - feedback_generator.py:294 - Generating feedback for evaluation f30f9235-5c49-4bb5-ba4a-f4f73d35658f
2026-01-24 22:06:52 - hirelens - INFO - feedback_generator.py:313 - Feedback generated successfully
2026-01-24 22:06:52 - hirelens - INFO - feedback_generator.py:333 - Feedback saved to C:\Users\sharo\HireLens\data\feedback.json
2026-01-24 22:06:52 - hirelens - INFO - routes.py:201 - Evaluating resume: Candidate 13.pdf
2026-01-24 22:06:52 - hirelens - INFO - routes.py:205 - Parsing resume from C:\Users\sharo\HireLens\uploads\Candidate 13.pdf
2026-01-24 22:06:52 - hirelens - INFO - resume_parser.py:363 - Parsing resume: C:\Users\sharo\HireLens\uploads\Candidate 13.pdf
2026-01-24 22:06:52 - hirelens - INFO - resume_parser.py:416 - Resume parsed successfully. Found 20 skills
2026-01-24 22:06:52 - hirelens - INFO - resume_parser.py:436 - Resume saved to C:\Users\sharo\HireLens\data\parsed_resumes.json
2026-01-24 22:06:52 - hirelens - INFO - evaluation_engine.py:257 - Evaluating resume 16e1d6ad-d456-45a9-b308-6e27c5e3ae98 against job e5936652-c9bf-46b2-8dc9-579264c147ff
2026-01-24 22:06:52 - hirelens - INFO - evaluation_engine.py:267 - Calculating TF-IDF similarity...
2026-01-24 22:06:52 - hirelens - INFO - evaluation_engine.py:269 - TF-IDF score: 0.331
2026-01-24 22:06:52 - hirelens - INFO - evaluation_engine.py:271 - Calculating fuzzy skill match...
2026-01-24 22:06:52 - hirelens - INFO - evaluation_engine.py:273 - Fuzzy match score: 0.898
2026-01-24 22:06:52 - hirelens - INFO - evaluation_engine.py:275 - Calculating embedding similarity...
2026-01-24 22:06:52 - hirelens - INFO - evaluation_engine.py:277 - Embedding score: 0.835
2026-01-24 22:06:52 - hirelens - INFO - evaluation_engine.py:281 - Hybrid score: 70.27
2026-01-24 22:06:52 - hirelens - INFO - evaluation_engine.py:285 - Classification: Average Fit
2026-01-24 22:06:52 - hirelens - INFO - evaluation_engine.py:304 - Evaluation complete. Matched: 14, Missing: 3
2026-01-24 22:06:52 - hirelens - INFO - evaluation_engine.py:324 - Evaluation saved to C:\Users\sharo\HireLens\data\evaluations.json
2026-01-24 22:06:52 - hirelens - INFO - skill_gap_analyzer.py:172 - Analyzing skill gaps for resume 16e1d6ad-d456-45a9-b308-6e27c5e3ae98
2026-01-24 22:06:52 - hirelens - INFO - skill_gap_analyzer.py:205 - Skill gap analysis complete. Critical gaps: 3, Moderate gaps: 0, Weak areas: 0
2026-01-24 22:06:52 - hirelens - INFO - skill_gap_analyzer.py:228 - Skill gaps saved to C:\Users\sharo\HireLens\data\skill_gaps.json
2026-01-24 22:06:52 - hirelens - INFO - course_recommender.py:110 - Generating course recommendations for gap 66e93158-51e9-401d-aa9a-2777b578f661
2026-01-24 22:06:52 - hirelens - INFO - course_recommender.py:147 - Found 2 courses for Angular
2026-01-24 22:06:52 - hirelens - WARNING - course_recommender.py:90 - No courses found for skill: Documentation
2026-01-24 22:06:52 - hirelens - WARNING - course_recommender.py:90 - No courses found for skill: Vue
2026-01-24 22:06:52 - hirelens - INFO - course_recommender.py:149 - Generated recommendations for 1 skills
2026-01-24 22:06:52 - hirelens - INFO - course_recommender.py:172 - Recommendations saved to C:\Users\sharo\HireLens\data\recommendations.json
2026-01-24 22:06:52 - hirelens - INFO - feedback_generator.py:294 - Generating feedback for evaluation b2d24e7d-c261-401c-91d5-a1d1000a6c87
2026-01-24 22:06:52 - hirelens - INFO - feedback_generator.py:313 - Feedback generated successfully
2026-01-24 22:06:52 - hirelens - INFO - feedback_generator.py:333 - Feedback saved to C:\Users\sharo\HireLens\data\feedback.json
2026-01-24 22:06:52 - hirelens - INFO - routes.py:201 - Evaluating resume: Candidate 14.pdf
2026-01-24 22:06:52 - hirelens - INFO - routes.py:205 - Parsing resume from C:\Users\sharo\HireLens\uploads\Candidate 14.pdf
2026-01-24 22:06:52 - hirelens - INFO - resume_parser.py:363 - Parsing resume: C:\Users\sharo\HireLens\uploads\Candidate 14.pdf
2026-01-24 22:06:52 - hirelens - ERROR - resume_parser.py:399 - Error extracting resume components: 1 validation error for Education
institution
  Field required [type=missing, input_value={'degree': 'B.Tech CSE, 2025', 'year': '2025'}, input_type=dict]
    For further information visit https://errors.pydantic.dev/2.12/v/missing
2026-01-24 22:06:52 - hirelens - INFO - resume_parser.py:416 - Resume parsed successfully. Found 0 skills
2026-01-24 22:06:52 - hirelens - INFO - resume_parser.py:436 - Resume saved to C:\Users\sharo\HireLens\data\parsed_resumes.json
2026-01-24 22:06:52 - hirelens - INFO - evaluation_engine.py:257 - Evaluating resume 73112be0-8ecf-490e-9dda-05549b7e116e against job e5936652-c9bf-46b2-8dc9-579264c147ff
2026-01-24 22:06:52 - hirelens - INFO - evaluation_engine.py:267 - Calculating TF-IDF similarity...
2026-01-24 22:06:52 - hirelens - INFO - evaluation_engine.py:269 - TF-IDF score: 0.063
2026-01-24 22:06:52 - hirelens - INFO - evaluation_engine.py:271 - Calculating fuzzy skill match...
2026-01-24 22:06:52 - hirelens - INFO - evaluation_engine.py:273 - Fuzzy match score: 0.000
2026-01-24 22:06:52 - hirelens - INFO - evaluation_engine.py:275 - Calculating embedding similarity...
2026-01-24 22:06:52 - hirelens - INFO - evaluation_engine.py:277 - Embedding score: 0.623
2026-01-24 22:06:52 - hirelens - INFO - evaluation_engine.py:281 - Hybrid score: 26.78
2026-01-24 22:06:52 - hirelens - INFO - evaluation_engine.py:285 - Classification: Not Fit
2026-01-24 22:06:52 - hirelens - INFO - evaluation_engine.py:304 - Evaluation complete. Matched: 0, Missing: 17
2026-01-24 22:06:52 - hirelens - INFO - evaluation_engine.py:324 - Evaluation saved to C:\Users\sharo\HireLens\data\evaluations.json
2026-01-24 22:06:52 - hirelens - INFO - skill_gap_analyzer.py:172 - Analyzing skill gaps for resume 73112be0-8ecf-490e-9dda-05549b7e116e
2026-01-24 22:06:52 - hirelens - INFO - skill_gap_analyzer.py:205 - Skill gap analysis complete. Critical gaps: 17, Moderate gaps: 0, Weak areas: 0
2026-01-24 22:06:52 - hirelens - INFO - skill_gap_analyzer.py:228 - Skill gaps saved to C:\Users\sharo\HireLens\data\skill_gaps.json
2026-01-24 22:06:52 - hirelens - INFO - course_recommender.py:110 - Generating course recommendations for gap bdd92069-10bd-4740-8d26-9a14f1211005
2026-01-24 22:06:52 - hirelens - WARNING - course_recommender.py:90 - No courses found for skill: AI
2026-01-24 22:06:52 - hirelens - INFO - course_recommender.py:147 - Found 2 courses for Angular
2026-01-24 22:06:52 - hirelens - WARNING - course_recommender.py:90 - No courses found for skill: CSS
2026-01-24 22:06:52 - hirelens - WARNING - course_recommender.py:90 - No courses found for skill: Documentation
2026-01-24 22:06:52 - hirelens - WARNING - course_recommender.py:90 - No courses found for skill: Firebase
2026-01-24 22:06:52 - hirelens - WARNING - course_recommender.py:90 - No courses found for skill: HTML
2026-01-24 22:06:52 - hirelens - INFO - course_recommender.py:147 - Found 3 courses for Java
2026-01-24 22:06:52 - hirelens - INFO - course_recommender.py:147 - Found 3 courses for Javascript
2026-01-24 22:06:52 - hirelens - WARNING - course_recommender.py:90 - No courses found for skill: Js
2026-01-24 22:06:52 - hirelens - WARNING - course_recommender.py:90 - No courses found for skill: Json
2026-01-24 22:06:52 - hirelens - INFO - course_recommender.py:147 - Found 2 courses for Mongodb
2026-01-24 22:06:52 - hirelens - WARNING - course_recommender.py:90 - No courses found for skill: Mysql
2026-01-24 22:06:52 - hirelens - WARNING - course_recommender.py:90 - No courses found for skill: Node
2026-01-24 22:06:52 - hirelens - INFO - course_recommender.py:147 - Found 2 courses for Node.Js
2026-01-24 22:06:52 - hirelens - INFO - course_recommender.py:147 - Found 3 courses for Python
2026-01-24 22:06:52 - hirelens - INFO - course_recommender.py:147 - Found 3 courses for React
2026-01-24 22:06:52 - hirelens - WARNING - course_recommender.py:90 - No courses found for skill: Vue
2026-01-24 22:06:52 - hirelens - INFO - course_recommender.py:149 - Generated recommendations for 7 skills
2026-01-24 22:06:52 - hirelens - INFO - course_recommender.py:172 - Recommendations saved to C:\Users\sharo\HireLens\data\recommendations.json
2026-01-24 22:06:52 - hirelens - INFO - feedback_generator.py:294 - Generating feedback for evaluation c256fdb7-b1ca-4c9b-b13d-1a8c990b1125
2026-01-24 22:06:52 - hirelens - INFO - feedback_generator.py:313 - Feedback generated successfully
2026-01-24 22:06:52 - hirelens - INFO - feedback_generator.py:333 - Feedback saved to C:\Users\sharo\HireLens\data\feedback.json
2026-01-24 22:06:52 - hirelens - INFO - routes.py:201 - Evaluating resume: Candidate 15.pdf
2026-01-24 22:06:52 - hirelens - INFO - routes.py:205 - Parsing resume from C:\Users\sharo\HireLens\uploads\Candidate 15.pdf
2026-01-24 22:06:52 - hirelens - INFO - resume_parser.py:363 - Parsing resume: C:\Users\sharo\HireLens\uploads\Candidate 15.pdf
2026-01-24 22:06:53 - hirelens - ERROR - resume_parser.py:399 - Error extracting resume components: 2 validation errors for Education
degree
  Field required [type=missing, input_value={'year': '2024'}, input_type=dict]
    For further information visit https://errors.pydantic.dev/2.12/v/missing
institution
  Field required [type=missing, input_value={'year': '2024'}, input_type=dict]
    For further information visit https://errors.pydantic.dev/2.12/v/missing
2026-01-24 22:06:53 - hirelens - INFO - resume_parser.py:416 - Resume parsed successfully. Found 0 skills
2026-01-24 22:06:53 - hirelens - INFO - resume_parser.py:436 - Resume saved to C:\Users\sharo\HireLens\data\parsed_resumes.json
2026-01-24 22:06:53 - hirelens - INFO - evaluation_engine.py:257 - Evaluating resume f8df0106-b5d1-41d4-8a34-68b509cb0bb3 against job e5936652-c9bf-46b2-8dc9-579264c147ff
2026-01-24 22:06:53 - hirelens - INFO - evaluation_engine.py:267 - Calculating TF-IDF similarity...
2026-01-24 22:06:53 - hirelens - INFO - evaluation_engine.py:269 - TF-IDF score: 0.027
2026-01-24 22:06:53 - hirelens - INFO - evaluation_engine.py:271 - Calculating fuzzy skill match...
2026-01-24 22:06:53 - hirelens - INFO - evaluation_engine.py:273 - Fuzzy match score: 0.000
2026-01-24 22:06:53 - hirelens - INFO - evaluation_engine.py:275 - Calculating embedding similarity...
2026-01-24 22:06:53 - hirelens - INFO - evaluation_engine.py:277 - Embedding score: 0.430
2026-01-24 22:06:53 - hirelens - INFO - evaluation_engine.py:281 - Hybrid score: 18.01
2026-01-24 22:06:53 - hirelens - INFO - evaluation_engine.py:285 - Classification: Not Fit
2026-01-24 22:06:53 - hirelens - INFO - evaluation_engine.py:304 - Evaluation complete. Matched: 0, Missing: 17
2026-01-24 22:06:53 - hirelens - INFO - evaluation_engine.py:324 - Evaluation saved to C:\Users\sharo\HireLens\data\evaluations.json
2026-01-24 22:06:53 - hirelens - INFO - skill_gap_analyzer.py:172 - Analyzing skill gaps for resume f8df0106-b5d1-41d4-8a34-68b509cb0bb3
2026-01-24 22:06:53 - hirelens - INFO - skill_gap_analyzer.py:205 - Skill gap analysis complete. Critical gaps: 17, Moderate gaps: 0, Weak areas: 0
2026-01-24 22:06:53 - hirelens - INFO - skill_gap_analyzer.py:228 - Skill gaps saved to C:\Users\sharo\HireLens\data\skill_gaps.json
2026-01-24 22:06:53 - hirelens - INFO - course_recommender.py:110 - Generating course recommendations for gap 70159d64-00b9-4064-876c-40bea818cc06
2026-01-24 22:06:53 - hirelens - WARNING - course_recommender.py:90 - No courses found for skill: AI
2026-01-24 22:06:53 - hirelens - INFO - course_recommender.py:147 - Found 2 courses for Angular
2026-01-24 22:06:53 - hirelens - WARNING - course_recommender.py:90 - No courses found for skill: CSS
2026-01-24 22:06:53 - hirelens - WARNING - course_recommender.py:90 - No courses found for skill: Documentation
2026-01-24 22:06:53 - hirelens - WARNING - course_recommender.py:90 - No courses found for skill: Firebase
2026-01-24 22:06:53 - hirelens - WARNING - course_recommender.py:90 - No courses found for skill: HTML
2026-01-24 22:06:53 - hirelens - INFO - course_recommender.py:147 - Found 3 courses for Java
2026-01-24 22:06:53 - hirelens - INFO - course_recommender.py:147 - Found 3 courses for Javascript
2026-01-24 22:06:53 - hirelens - WARNING - course_recommender.py:90 - No courses found for skill: Js
2026-01-24 22:06:53 - hirelens - WARNING - course_recommender.py:90 - No courses found for skill: Json
2026-01-24 22:06:53 - hirelens - INFO - course_recommender.py:147 - Found 2 courses for Mongodb
2026-01-24 22:06:53 - hirelens - WARNING - course_recommender.py:90 - No courses found for skill: Mysql
2026-01-24 22:06:53 - hirelens - WARNING - course_recommender.py:90 - No courses found for skill: Node
2026-01-24 22:06:53 - hirelens - INFO - course_recommender.py:147 - Found 2 courses for Node.Js
2026-01-24 22:06:53 - hirelens - INFO - course_recommender.py:147 - Found 3 courses for Python
2026-01-24 22:06:53 - hirelens - INFO - course_recommender.py:147 - Found 3 courses for React
2026-01-24 22:06:53 - hirelens - WARNING - course_recommender.py:90 - No courses found for skill: Vue
2026-01-24 22:06:53 - hirelens - INFO - course_recommender.py:149 - Generated recommendations for 7 skills
2026-01-24 22:06:53 - hirelens - INFO - course_recommender.py:172 - Recommendations saved to C:\Users\sharo\HireLens\data\recommendations.json
2026-01-24 22:06:53 - hirelens - INFO - feedback_generator.py:294 - Generating feedback for evaluation 7f8e2b0d-174b-4ca1-939a-b8928c02ec03
2026-01-24 22:06:53 - hirelens - INFO - feedback_generator.py:313 - Feedback generated successfully
2026-01-24 22:06:53 - hirelens - INFO - feedback_generator.py:333 - Feedback saved to C:\Users\sharo\HireLens\data\feedback.json
2026-01-24 22:06:53 - hirelens - INFO - routes.py:201 - Evaluating resume: Candidate 16.pdf
2026-01-24 22:06:53 - hirelens - INFO - routes.py:205 - Parsing resume from C:\Users\sharo\HireLens\uploads\Candidate 16.pdf
2026-01-24 22:06:53 - hirelens - INFO - resume_parser.py:363 - Parsing resume: C:\Users\sharo\HireLens\uploads\Candidate 16.pdf
2026-01-24 22:06:53 - hirelens - INFO - resume_parser.py:416 - Resume parsed successfully. Found 20 skills
2026-01-24 22:06:53 - hirelens - INFO - resume_parser.py:436 - Resume saved to C:\Users\sharo\HireLens\data\parsed_resumes.json
2026-01-24 22:06:53 - hirelens - INFO - evaluation_engine.py:257 - Evaluating resume c976a9ba-a9a4-4dc3-88a3-2bfea0bbcc19 against job e5936652-c9bf-46b2-8dc9-579264c147ff
2026-01-24 22:06:53 - hirelens - INFO - evaluation_engine.py:267 - Calculating TF-IDF similarity...
2026-01-24 22:06:53 - hirelens - INFO - evaluation_engine.py:269 - TF-IDF score: 0.331
2026-01-24 22:06:53 - hirelens - INFO - evaluation_engine.py:271 - Calculating fuzzy skill match...
2026-01-24 22:06:53 - hirelens - INFO - evaluation_engine.py:273 - Fuzzy match score: 0.898
2026-01-24 22:06:53 - hirelens - INFO - evaluation_engine.py:275 - Calculating embedding similarity...
2026-01-24 22:06:53 - hirelens - INFO - evaluation_engine.py:277 - Embedding score: 0.830
2026-01-24 22:06:53 - hirelens - INFO - evaluation_engine.py:281 - Hybrid score: 70.10
2026-01-24 22:06:53 - hirelens - INFO - evaluation_engine.py:285 - Classification: Average Fit
2026-01-24 22:06:53 - hirelens - INFO - evaluation_engine.py:304 - Evaluation complete. Matched: 14, Missing: 3
2026-01-24 22:06:53 - hirelens - INFO - evaluation_engine.py:324 - Evaluation saved to C:\Users\sharo\HireLens\data\evaluations.json
2026-01-24 22:06:53 - hirelens - INFO - skill_gap_analyzer.py:172 - Analyzing skill gaps for resume c976a9ba-a9a4-4dc3-88a3-2bfea0bbcc19
2026-01-24 22:06:53 - hirelens - INFO - skill_gap_analyzer.py:205 - Skill gap analysis complete. Critical gaps: 3, Moderate gaps: 0, Weak areas: 0
2026-01-24 22:06:53 - hirelens - INFO - skill_gap_analyzer.py:228 - Skill gaps saved to C:\Users\sharo\HireLens\data\skill_gaps.json
2026-01-24 22:06:53 - hirelens - INFO - course_recommender.py:110 - Generating course recommendations for gap ef5dd9b4-0ad1-4fad-9b49-baf1d1d6759e
2026-01-24 22:06:53 - hirelens - INFO - course_recommender.py:147 - Found 2 courses for Angular
2026-01-24 22:06:53 - hirelens - WARNING - course_recommender.py:90 - No courses found for skill: Documentation
2026-01-24 22:06:53 - hirelens - WARNING - course_recommender.py:90 - No courses found for skill: Vue
2026-01-24 22:06:53 - hirelens - INFO - course_recommender.py:149 - Generated recommendations for 1 skills
2026-01-24 22:06:53 - hirelens - INFO - course_recommender.py:172 - Recommendations saved to C:\Users\sharo\HireLens\data\recommendations.json
2026-01-24 22:06:53 - hirelens - INFO - feedback_generator.py:294 - Generating feedback for evaluation 41b99746-7a39-4d53-ab4f-6018b1b06722
2026-01-24 22:06:53 - hirelens - INFO - feedback_generator.py:313 - Feedback generated successfully
2026-01-24 22:06:54 - hirelens - INFO - feedback_generator.py:333 - Feedback saved to C:\Users\sharo\HireLens\data\feedback.json
2026-01-24 22:06:54 - hirelens - INFO - routes.py:201 - Evaluating resume: Candidate 17.pdf
2026-01-24 22:06:54 - hirelens - INFO - routes.py:205 - Parsing resume from C:\Users\sharo\HireLens\uploads\Candidate 17.pdf
2026-01-24 22:06:54 - hirelens - INFO - resume_parser.py:363 - Parsing resume: C:\Users\sharo\HireLens\uploads\Candidate 17.pdf
2026-01-24 22:06:54 - hirelens - INFO - resume_parser.py:416 - Resume parsed successfully. Found 20 skills
2026-01-24 22:06:54 - hirelens - INFO - resume_parser.py:436 - Resume saved to C:\Users\sharo\HireLens\data\parsed_resumes.json
2026-01-24 22:06:54 - hirelens - INFO - evaluation_engine.py:257 - Evaluating resume c96a98fb-4bcb-408a-8182-16aff572ae7a against job e5936652-c9bf-46b2-8dc9-579264c147ff
2026-01-24 22:06:54 - hirelens - INFO - evaluation_engine.py:267 - Calculating TF-IDF similarity...
2026-01-24 22:06:54 - hirelens - INFO - evaluation_engine.py:269 - TF-IDF score: 0.331
2026-01-24 22:06:54 - hirelens - INFO - evaluation_engine.py:271 - Calculating fuzzy skill match...
2026-01-24 22:06:54 - hirelens - INFO - evaluation_engine.py:273 - Fuzzy match score: 0.898
2026-01-24 22:06:54 - hirelens - INFO - evaluation_engine.py:275 - Calculating embedding similarity...
2026-01-24 22:06:54 - hirelens - INFO - evaluation_engine.py:277 - Embedding score: 0.807
2026-01-24 22:06:54 - hirelens - INFO - evaluation_engine.py:281 - Hybrid score: 69.18
2026-01-24 22:06:54 - hirelens - INFO - evaluation_engine.py:285 - Classification: Average Fit
2026-01-24 22:06:54 - hirelens - INFO - evaluation_engine.py:304 - Evaluation complete. Matched: 14, Missing: 3
2026-01-24 22:06:54 - hirelens - INFO - evaluation_engine.py:324 - Evaluation saved to C:\Users\sharo\HireLens\data\evaluations.json
2026-01-24 22:06:54 - hirelens - INFO - skill_gap_analyzer.py:172 - Analyzing skill gaps for resume c96a98fb-4bcb-408a-8182-16aff572ae7a
2026-01-24 22:06:54 - hirelens - INFO - skill_gap_analyzer.py:205 - Skill gap analysis complete. Critical gaps: 3, Moderate gaps: 0, Weak areas: 0
2026-01-24 22:06:54 - hirelens - INFO - skill_gap_analyzer.py:228 - Skill gaps saved to C:\Users\sharo\HireLens\data\skill_gaps.json
2026-01-24 22:06:54 - hirelens - INFO - course_recommender.py:110 - Generating course recommendations for gap b3836692-2e79-4456-863c-5a132ca17929
2026-01-24 22:06:54 - hirelens - INFO - course_recommender.py:147 - Found 2 courses for Angular
2026-01-24 22:06:54 - hirelens - WARNING - course_recommender.py:90 - No courses found for skill: Documentation
2026-01-24 22:06:54 - hirelens - WARNING - course_recommender.py:90 - No courses found for skill: Vue
2026-01-24 22:06:54 - hirelens - INFO - course_recommender.py:149 - Generated recommendations for 1 skills
2026-01-24 22:06:54 - hirelens - INFO - course_recommender.py:172 - Recommendations saved to C:\Users\sharo\HireLens\data\recommendations.json
2026-01-24 22:06:54 - hirelens - INFO - feedback_generator.py:294 - Generating feedback for evaluation b56ccfc0-c8bf-4741-9620-13b9d99baed3
2026-01-24 22:06:54 - hirelens - INFO - feedback_generator.py:313 - Feedback generated successfully
2026-01-24 22:06:54 - hirelens - INFO - feedback_generator.py:333 - Feedback saved to C:\Users\sharo\HireLens\data\feedback.json
2026-01-24 22:06:54 - hirelens - INFO - routes.py:201 - Evaluating resume: Candidate 18.pdf
2026-01-24 22:06:54 - hirelens - INFO - routes.py:205 - Parsing resume from C:\Users\sharo\HireLens\uploads\Candidate 18.pdf
2026-01-24 22:06:54 - hirelens - INFO - resume_parser.py:363 - Parsing resume: C:\Users\sharo\HireLens\uploads\Candidate 18.pdf
2026-01-24 22:06:54 - hirelens - ERROR - resume_parser.py:399 - Error extracting resume components: 2 validation errors for Education
degree
  Field required [type=missing, input_value={'year': '2025'}, input_type=dict]
    For further information visit https://errors.pydantic.dev/2.12/v/missing
institution
  Field required [type=missing, input_value={'year': '2025'}, input_type=dict]
    For further information visit https://errors.pydantic.dev/2.12/v/missing
2026-01-24 22:06:54 - hirelens - INFO - resume_parser.py:416 - Resume parsed successfully. Found 0 skills
2026-01-24 22:06:54 - hirelens - INFO - resume_parser.py:436 - Resume saved to C:\Users\sharo\HireLens\data\parsed_resumes.json
2026-01-24 22:06:54 - hirelens - INFO - evaluation_engine.py:257 - Evaluating resume 9e3c5a9e-8531-4a01-9b9a-708b44145319 against job e5936652-c9bf-46b2-8dc9-579264c147ff
2026-01-24 22:06:54 - hirelens - INFO - evaluation_engine.py:267 - Calculating TF-IDF similarity...
2026-01-24 22:06:54 - hirelens - INFO - evaluation_engine.py:269 - TF-IDF score: 0.028
2026-01-24 22:06:54 - hirelens - INFO - evaluation_engine.py:271 - Calculating fuzzy skill match...
2026-01-24 22:06:54 - hirelens - INFO - evaluation_engine.py:273 - Fuzzy match score: 0.000
2026-01-24 22:06:54 - hirelens - INFO - evaluation_engine.py:275 - Calculating embedding similarity...
2026-01-24 22:06:54 - hirelens - INFO - evaluation_engine.py:277 - Embedding score: 0.365
2026-01-24 22:06:54 - hirelens - INFO - evaluation_engine.py:281 - Hybrid score: 15.47
2026-01-24 22:06:54 - hirelens - INFO - evaluation_engine.py:285 - Classification: Not Fit
2026-01-24 22:06:54 - hirelens - INFO - evaluation_engine.py:304 - Evaluation complete. Matched: 0, Missing: 17
2026-01-24 22:06:54 - hirelens - INFO - evaluation_engine.py:324 - Evaluation saved to C:\Users\sharo\HireLens\data\evaluations.json
2026-01-24 22:06:54 - hirelens - INFO - skill_gap_analyzer.py:172 - Analyzing skill gaps for resume 9e3c5a9e-8531-4a01-9b9a-708b44145319
2026-01-24 22:06:54 - hirelens - INFO - skill_gap_analyzer.py:205 - Skill gap analysis complete. Critical gaps: 17, Moderate gaps: 0, Weak areas: 0
2026-01-24 22:06:54 - hirelens - INFO - skill_gap_analyzer.py:228 - Skill gaps saved to C:\Users\sharo\HireLens\data\skill_gaps.json
2026-01-24 22:06:54 - hirelens - INFO - course_recommender.py:110 - Generating course recommendations for gap 451cbc2e-80e2-41e9-952c-4f06bb70f8ab
2026-01-24 22:06:54 - hirelens - WARNING - course_recommender.py:90 - No courses found for skill: AI
2026-01-24 22:06:54 - hirelens - INFO - course_recommender.py:147 - Found 2 courses for Angular
2026-01-24 22:06:54 - hirelens - WARNING - course_recommender.py:90 - No courses found for skill: CSS
2026-01-24 22:06:54 - hirelens - WARNING - course_recommender.py:90 - No courses found for skill: Documentation
2026-01-24 22:06:54 - hirelens - WARNING - course_recommender.py:90 - No courses found for skill: Firebase
2026-01-24 22:06:54 - hirelens - WARNING - course_recommender.py:90 - No courses found for skill: HTML
2026-01-24 22:06:54 - hirelens - INFO - course_recommender.py:147 - Found 3 courses for Java
2026-01-24 22:06:54 - hirelens - INFO - course_recommender.py:147 - Found 3 courses for Javascript
2026-01-24 22:06:54 - hirelens - WARNING - course_recommender.py:90 - No courses found for skill: Js
2026-01-24 22:06:54 - hirelens - WARNING - course_recommender.py:90 - No courses found for skill: Json
2026-01-24 22:06:54 - hirelens - INFO - course_recommender.py:147 - Found 2 courses for Mongodb
2026-01-24 22:06:54 - hirelens - WARNING - course_recommender.py:90 - No courses found for skill: Mysql
2026-01-24 22:06:54 - hirelens - WARNING - course_recommender.py:90 - No courses found for skill: Node
2026-01-24 22:06:54 - hirelens - INFO - course_recommender.py:147 - Found 2 courses for Node.Js
2026-01-24 22:06:54 - hirelens - INFO - course_recommender.py:147 - Found 3 courses for Python
2026-01-24 22:06:54 - hirelens - INFO - course_recommender.py:147 - Found 3 courses for React
2026-01-24 22:06:54 - hirelens - WARNING - course_recommender.py:90 - No courses found for skill: Vue
2026-01-24 22:06:54 - hirelens - INFO - course_recommender.py:149 - Generated recommendations for 7 skills
2026-01-24 22:06:54 - hirelens - INFO - course_recommender.py:172 - Recommendations saved to C:\Users\sharo\HireLens\data\recommendations.json
2026-01-24 22:06:54 - hirelens - INFO - feedback_generator.py:294 - Generating feedback for evaluation f438857a-8b38-42df-8e8c-bce5b30358fa
2026-01-24 22:06:54 - hirelens - INFO - feedback_generator.py:313 - Feedback generated successfully
2026-01-24 22:06:55 - hirelens - INFO - feedback_generator.py:333 - Feedback saved to C:\Users\sharo\HireLens\data\feedback.json
2026-01-24 22:06:55 - hirelens - INFO - routes.py:201 - Evaluating resume: Candidate 19.pdf
2026-01-24 22:06:55 - hirelens - INFO - routes.py:205 - Parsing resume from C:\Users\sharo\HireLens\uploads\Candidate 19.pdf
2026-01-24 22:06:55 - hirelens - INFO - resume_parser.py:363 - Parsing resume: C:\Users\sharo\HireLens\uploads\Candidate 19.pdf
2026-01-24 22:06:55 - hirelens - INFO - resume_parser.py:416 - Resume parsed successfully. Found 20 skills
2026-01-24 22:06:55 - hirelens - INFO - resume_parser.py:436 - Resume saved to C:\Users\sharo\HireLens\data\parsed_resumes.json
2026-01-24 22:06:55 - hirelens - INFO - evaluation_engine.py:257 - Evaluating resume 600e5d90-0528-4bbe-ad98-0a479245919c against job e5936652-c9bf-46b2-8dc9-579264c147ff
2026-01-24 22:06:55 - hirelens - INFO - evaluation_engine.py:267 - Calculating TF-IDF similarity...
2026-01-24 22:06:55 - hirelens - INFO - evaluation_engine.py:269 - TF-IDF score: 0.331
2026-01-24 22:06:55 - hirelens - INFO - evaluation_engine.py:271 - Calculating fuzzy skill match...
2026-01-24 22:06:55 - hirelens - INFO - evaluation_engine.py:273 - Fuzzy match score: 0.898
2026-01-24 22:06:55 - hirelens - INFO - evaluation_engine.py:275 - Calculating embedding similarity...
2026-01-24 22:06:55 - hirelens - INFO - evaluation_engine.py:277 - Embedding score: 0.821
2026-01-24 22:06:55 - hirelens - INFO - evaluation_engine.py:281 - Hybrid score: 69.71
2026-01-24 22:06:55 - hirelens - INFO - evaluation_engine.py:285 - Classification: Average Fit
2026-01-24 22:06:55 - hirelens - INFO - evaluation_engine.py:304 - Evaluation complete. Matched: 14, Missing: 3
2026-01-24 22:06:55 - hirelens - INFO - evaluation_engine.py:324 - Evaluation saved to C:\Users\sharo\HireLens\data\evaluations.json
2026-01-24 22:06:55 - hirelens - INFO - skill_gap_analyzer.py:172 - Analyzing skill gaps for resume 600e5d90-0528-4bbe-ad98-0a479245919c
2026-01-24 22:06:55 - hirelens - INFO - skill_gap_analyzer.py:205 - Skill gap analysis complete. Critical gaps: 3, Moderate gaps: 0, Weak areas: 0
2026-01-24 22:06:55 - hirelens - INFO - skill_gap_analyzer.py:228 - Skill gaps saved to C:\Users\sharo\HireLens\data\skill_gaps.json
2026-01-24 22:06:55 - hirelens - INFO - course_recommender.py:110 - Generating course recommendations for gap 635d581c-6ca1-4dbe-a568-886b67bd4f91
2026-01-24 22:06:55 - hirelens - INFO - course_recommender.py:147 - Found 2 courses for Angular
2026-01-24 22:06:55 - hirelens - WARNING - course_recommender.py:90 - No courses found for skill: Documentation
2026-01-24 22:06:55 - hirelens - WARNING - course_recommender.py:90 - No courses found for skill: Vue
2026-01-24 22:06:55 - hirelens - INFO - course_recommender.py:149 - Generated recommendations for 1 skills
2026-01-24 22:06:55 - hirelens - INFO - course_recommender.py:172 - Recommendations saved to C:\Users\sharo\HireLens\data\recommendations.json
2026-01-24 22:06:55 - hirelens - INFO - feedback_generator.py:294 - Generating feedback for evaluation 216019d3-c81c-451e-a7e5-c188a75c020e
2026-01-24 22:06:55 - hirelens - INFO - feedback_generator.py:313 - Feedback generated successfully
2026-01-24 22:06:55 - hirelens - INFO - feedback_generator.py:333 - Feedback saved to C:\Users\sharo\HireLens\data\feedback.json
2026-01-24 22:06:55 - hirelens - INFO - routes.py:201 - Evaluating resume: Candidate 20.pdf
2026-01-24 22:06:55 - hirelens - INFO - routes.py:205 - Parsing resume from C:\Users\sharo\HireLens\uploads\Candidate 20.pdf
2026-01-24 22:06:55 - hirelens - INFO - resume_parser.py:363 - Parsing resume: C:\Users\sharo\HireLens\uploads\Candidate 20.pdf
2026-01-24 22:06:55 - hirelens - ERROR - resume_parser.py:399 - Error extracting resume components: 2 validation errors for Education
degree
  Field required [type=missing, input_value={'year': '2026'}, input_type=dict]
    For further information visit https://errors.pydantic.dev/2.12/v/missing
institution
  Field required [type=missing, input_value={'year': '2026'}, input_type=dict]
    For further information visit https://errors.pydantic.dev/2.12/v/missing
2026-01-24 22:06:55 - hirelens - INFO - resume_parser.py:416 - Resume parsed successfully. Found 0 skills
2026-01-24 22:06:55 - hirelens - INFO - resume_parser.py:436 - Resume saved to C:\Users\sharo\HireLens\data\parsed_resumes.json
2026-01-24 22:06:55 - hirelens - INFO - evaluation_engine.py:257 - Evaluating resume c3f4909f-0d9a-4fe8-8183-9daf0c9e7e41 against job e5936652-c9bf-46b2-8dc9-579264c147ff
2026-01-24 22:06:55 - hirelens - INFO - evaluation_engine.py:267 - Calculating TF-IDF similarity...
2026-01-24 22:06:55 - hirelens - INFO - evaluation_engine.py:269 - TF-IDF score: 0.045
2026-01-24 22:06:55 - hirelens - INFO - evaluation_engine.py:271 - Calculating fuzzy skill match...
2026-01-24 22:06:55 - hirelens - INFO - evaluation_engine.py:273 - Fuzzy match score: 0.000
2026-01-24 22:06:55 - hirelens - INFO - evaluation_engine.py:275 - Calculating embedding similarity...
2026-01-24 22:06:55 - hirelens - INFO - evaluation_engine.py:277 - Embedding score: 0.541
2026-01-24 22:06:55 - hirelens - INFO - evaluation_engine.py:281 - Hybrid score: 22.98
2026-01-24 22:06:55 - hirelens - INFO - evaluation_engine.py:285 - Classification: Not Fit
2026-01-24 22:06:55 - hirelens - INFO - evaluation_engine.py:304 - Evaluation complete. Matched: 0, Missing: 17
2026-01-24 22:06:55 - hirelens - INFO - evaluation_engine.py:324 - Evaluation saved to C:\Users\sharo\HireLens\data\evaluations.json
2026-01-24 22:06:55 - hirelens - INFO - skill_gap_analyzer.py:172 - Analyzing skill gaps for resume c3f4909f-0d9a-4fe8-8183-9daf0c9e7e41
2026-01-24 22:06:55 - hirelens - INFO - skill_gap_analyzer.py:205 - Skill gap analysis complete. Critical gaps: 17, Moderate gaps: 0, Weak areas: 0
2026-01-24 22:06:55 - hirelens - INFO - skill_gap_analyzer.py:228 - Skill gaps saved to C:\Users\sharo\HireLens\data\skill_gaps.json
2026-01-24 22:06:55 - hirelens - INFO - course_recommender.py:110 - Generating course recommendations for gap 9202bd1a-357c-49b4-9d1c-dc4057213eb5
2026-01-24 22:06:55 - hirelens - WARNING - course_recommender.py:90 - No courses found for skill: AI
2026-01-24 22:06:55 - hirelens - INFO - course_recommender.py:147 - Found 2 courses for Angular
2026-01-24 22:06:55 - hirelens - WARNING - course_recommender.py:90 - No courses found for skill: CSS
2026-01-24 22:06:55 - hirelens - WARNING - course_recommender.py:90 - No courses found for skill: Documentation
2026-01-24 22:06:55 - hirelens - WARNING - course_recommender.py:90 - No courses found for skill: Firebase
2026-01-24 22:06:55 - hirelens - WARNING - course_recommender.py:90 - No courses found for skill: HTML
2026-01-24 22:06:55 - hirelens - INFO - course_recommender.py:147 - Found 3 courses for Java
2026-01-24 22:06:55 - hirelens - INFO - course_recommender.py:147 - Found 3 courses for Javascript
2026-01-24 22:06:55 - hirelens - WARNING - course_recommender.py:90 - No courses found for skill: Js
2026-01-24 22:06:55 - hirelens - WARNING - course_recommender.py:90 - No courses found for skill: Json
2026-01-24 22:06:55 - hirelens - INFO - course_recommender.py:147 - Found 2 courses for Mongodb
2026-01-24 22:06:55 - hirelens - WARNING - course_recommender.py:90 - No courses found for skill: Mysql
2026-01-24 22:06:55 - hirelens - WARNING - course_recommender.py:90 - No courses found for skill: Node
2026-01-24 22:06:55 - hirelens - INFO - course_recommender.py:147 - Found 2 courses for Node.Js
2026-01-24 22:06:55 - hirelens - INFO - course_recommender.py:147 - Found 3 courses for Python
2026-01-24 22:06:55 - hirelens - INFO - course_recommender.py:147 - Found 3 courses for React
2026-01-24 22:06:55 - hirelens - WARNING - course_recommender.py:90 - No courses found for skill: Vue
2026-01-24 22:06:55 - hirelens - INFO - course_recommender.py:149 - Generated recommendations for 7 skills
2026-01-24 22:06:56 - hirelens - INFO - course_recommender.py:172 - Recommendations saved to C:\Users\sharo\HireLens\data\recommendations.json
2026-01-24 22:06:56 - hirelens - INFO - feedback_generator.py:294 - Generating feedback for evaluation caee1f01-0dc6-4ec6-b8b1-ba3b3e532f5f
2026-01-24 22:06:56 - hirelens - INFO - feedback_generator.py:313 - Feedback generated successfully
2026-01-24 22:06:56 - hirelens - INFO - feedback_generator.py:333 - Feedback saved to C:\Users\sharo\HireLens\data\feedback.json
2026-01-24 22:06:56 - hirelens - INFO - routes.py:251 - Batch evaluation complete. Evaluated 20 resumes, avg score: 46.28
2026-01-24 22:07:40 - hirelens - INFO - course_recommender.py:34 - Loaded courses for 31 skills
2026-01-24 22:07:50 - hirelens - INFO - routes.py:316 - Deleted file: Candidate 2.pdf
2026-01-24 22:11:46 - hirelens - INFO - routes.py:39 - Uploading resume: Candidate 1.pdf
2026-01-24 22:11:46 - hirelens - INFO - routes.py:55 - File saved to C:\Users\sharo\HireLens\uploads\Candidate 1.pdf
2026-01-24 22:11:46 - hirelens - INFO - resume_parser.py:363 - Parsing resume: C:\Users\sharo\HireLens\uploads\Candidate 1.pdf
2026-01-24 22:11:46 - hirelens - ERROR - resume_parser.py:399 - Error extracting resume components: 2 validation errors for Education
degree
  Field required [type=missing, input_value={'year': '2026'}, input_type=dict]
    For further information visit https://errors.pydantic.dev/2.12/v/missing
institution
  Field required [type=missing, input_value={'year': '2026'}, input_type=dict]
    For further information visit https://errors.pydantic.dev/2.12/v/missing
2026-01-24 22:11:46 - hirelens - INFO - resume_parser.py:416 - Resume parsed successfully. Found 0 skills
2026-01-24 22:11:46 - hirelens - INFO - resume_parser.py:436 - Resume saved to C:\Users\sharo\HireLens\data\parsed_resumes.json
2026-01-24 22:11:46 - hirelens - INFO - routes.py:39 - Uploading resume: Candidate 2.pdf
2026-01-24 22:11:46 - hirelens - INFO - routes.py:55 - File saved to C:\Users\sharo\HireLens\uploads\Candidate 2.pdf
2026-01-24 22:11:46 - hirelens - INFO - resume_parser.py:363 - Parsing resume: C:\Users\sharo\HireLens\uploads\Candidate 2.pdf
2026-01-24 22:11:46 - hirelens - INFO - resume_parser.py:416 - Resume parsed successfully. Found 20 skills
2026-01-24 22:11:46 - hirelens - INFO - resume_parser.py:436 - Resume saved to C:\Users\sharo\HireLens\data\parsed_resumes.json
2026-01-24 22:11:46 - hirelens - INFO - routes.py:39 - Uploading resume: Candidate 3.pdf
2026-01-24 22:11:46 - hirelens - INFO - routes.py:55 - File saved to C:\Users\sharo\HireLens\uploads\Candidate 3.pdf
2026-01-24 22:11:46 - hirelens - INFO - resume_parser.py:363 - Parsing resume: C:\Users\sharo\HireLens\uploads\Candidate 3.pdf
2026-01-24 22:11:46 - hirelens - ERROR - resume_parser.py:399 - Error extracting resume components: 2 validation errors for Education
degree
  Field required [type=missing, input_value={'year': '2025'}, input_type=dict]
    For further information visit https://errors.pydantic.dev/2.12/v/missing
institution
  Field required [type=missing, input_value={'year': '2025'}, input_type=dict]
    For further information visit https://errors.pydantic.dev/2.12/v/missing
2026-01-24 22:11:46 - hirelens - INFO - resume_parser.py:416 - Resume parsed successfully. Found 0 skills
2026-01-24 22:11:46 - hirelens - INFO - resume_parser.py:436 - Resume saved to C:\Users\sharo\HireLens\data\parsed_resumes.json
2026-01-24 22:11:46 - hirelens - INFO - routes.py:39 - Uploading resume: Candidate 4.pdf
2026-01-24 22:11:46 - hirelens - INFO - routes.py:55 - File saved to C:\Users\sharo\HireLens\uploads\Candidate 4.pdf
2026-01-24 22:11:46 - hirelens - INFO - resume_parser.py:363 - Parsing resume: C:\Users\sharo\HireLens\uploads\Candidate 4.pdf
2026-01-24 22:11:46 - hirelens - INFO - resume_parser.py:416 - Resume parsed successfully. Found 21 skills
2026-01-24 22:11:46 - hirelens - INFO - resume_parser.py:436 - Resume saved to C:\Users\sharo\HireLens\data\parsed_resumes.json
2026-01-24 22:11:46 - hirelens - INFO - routes.py:39 - Uploading resume: Candidate 5.pdf
2026-01-24 22:11:46 - hirelens - INFO - routes.py:55 - File saved to C:\Users\sharo\HireLens\uploads\Candidate 5.pdf
2026-01-24 22:11:46 - hirelens - INFO - resume_parser.py:363 - Parsing resume: C:\Users\sharo\HireLens\uploads\Candidate 5.pdf
2026-01-24 22:11:47 - hirelens - ERROR - resume_parser.py:399 - Error extracting resume components: 1 validation error for Education
institution
  Field required [type=missing, input_value={'degree': 'B.Tech IT, 2026', 'year': '2026'}, input_type=dict]
    For further information visit https://errors.pydantic.dev/2.12/v/missing
2026-01-24 22:11:47 - hirelens - INFO - resume_parser.py:416 - Resume parsed successfully. Found 0 skills
2026-01-24 22:11:47 - hirelens - INFO - resume_parser.py:436 - Resume saved to C:\Users\sharo\HireLens\data\parsed_resumes.json
2026-01-24 22:11:47 - hirelens - INFO - routes.py:39 - Uploading resume: Candidate 6.pdf
2026-01-24 22:11:47 - hirelens - INFO - routes.py:55 - File saved to C:\Users\sharo\HireLens\uploads\Candidate 6.pdf
2026-01-24 22:11:47 - hirelens - INFO - resume_parser.py:363 - Parsing resume: C:\Users\sharo\HireLens\uploads\Candidate 6.pdf
2026-01-24 22:11:47 - hirelens - INFO - resume_parser.py:416 - Resume parsed successfully. Found 20 skills
2026-01-24 22:11:47 - hirelens - INFO - resume_parser.py:436 - Resume saved to C:\Users\sharo\HireLens\data\parsed_resumes.json
2026-01-24 22:11:47 - hirelens - INFO - routes.py:39 - Uploading resume: Candidate 7.pdf
2026-01-24 22:11:47 - hirelens - INFO - routes.py:55 - File saved to C:\Users\sharo\HireLens\uploads\Candidate 7.pdf
2026-01-24 22:11:47 - hirelens - INFO - resume_parser.py:363 - Parsing resume: C:\Users\sharo\HireLens\uploads\Candidate 7.pdf
2026-01-24 22:11:47 - hirelens - ERROR - resume_parser.py:399 - Error extracting resume components: 2 validation errors for Education
degree
  Field required [type=missing, input_value={'year': '2026'}, input_type=dict]
    For further information visit https://errors.pydantic.dev/2.12/v/missing
institution
  Field required [type=missing, input_value={'year': '2026'}, input_type=dict]
    For further information visit https://errors.pydantic.dev/2.12/v/missing
2026-01-24 22:11:47 - hirelens - INFO - resume_parser.py:416 - Resume parsed successfully. Found 0 skills
2026-01-24 22:11:47 - hirelens - INFO - resume_parser.py:436 - Resume saved to C:\Users\sharo\HireLens\data\parsed_resumes.json
2026-01-24 22:11:47 - hirelens - INFO - routes.py:39 - Uploading resume: Candidate 8.pdf
2026-01-24 22:11:47 - hirelens - INFO - routes.py:55 - File saved to C:\Users\sharo\HireLens\uploads\Candidate 8.pdf
2026-01-24 22:11:47 - hirelens - INFO - resume_parser.py:363 - Parsing resume: C:\Users\sharo\HireLens\uploads\Candidate 8.pdf
2026-01-24 22:11:47 - hirelens - INFO - resume_parser.py:416 - Resume parsed successfully. Found 20 skills
2026-01-24 22:11:47 - hirelens - INFO - resume_parser.py:436 - Resume saved to C:\Users\sharo\HireLens\data\parsed_resumes.json
2026-01-24 22:11:47 - hirelens - INFO - routes.py:39 - Uploading resume: Candidate 9.pdf
2026-01-24 22:11:47 - hirelens - INFO - routes.py:55 - File saved to C:\Users\sharo\HireLens\uploads\Candidate 9.pdf
2026-01-24 22:11:47 - hirelens - INFO - resume_parser.py:363 - Parsing resume: C:\Users\sharo\HireLens\uploads\Candidate 9.pdf
2026-01-24 22:11:47 - hirelens - ERROR - resume_parser.py:399 - Error extracting resume components: 2 validation errors for Education
degree
  Field required [type=missing, input_value={'year': '2025'}, input_type=dict]
    For further information visit https://errors.pydantic.dev/2.12/v/missing
institution
  Field required [type=missing, input_value={'year': '2025'}, input_type=dict]
    For further information visit https://errors.pydantic.dev/2.12/v/missing
2026-01-24 22:11:47 - hirelens - INFO - resume_parser.py:416 - Resume parsed successfully. Found 0 skills
2026-01-24 22:11:47 - hirelens - INFO - resume_parser.py:436 - Resume saved to C:\Users\sharo\HireLens\data\parsed_resumes.json
2026-01-24 22:11:47 - hirelens - INFO - routes.py:39 - Uploading resume: Candidate 10.pdf
2026-01-24 22:11:47 - hirelens - INFO - routes.py:55 - File saved to C:\Users\sharo\HireLens\uploads\Candidate 10.pdf
2026-01-24 22:11:47 - hirelens - INFO - resume_parser.py:363 - Parsing resume: C:\Users\sharo\HireLens\uploads\Candidate 10.pdf
2026-01-24 22:11:47 - hirelens - INFO - resume_parser.py:416 - Resume parsed successfully. Found 20 skills
2026-01-24 22:11:47 - hirelens - INFO - resume_parser.py:436 - Resume saved to C:\Users\sharo\HireLens\data\parsed_resumes.json
2026-01-24 22:11:47 - hirelens - INFO - routes.py:39 - Uploading resume: Candidate 11.pdf
2026-01-24 22:11:47 - hirelens - INFO - routes.py:55 - File saved to C:\Users\sharo\HireLens\uploads\Candidate 11.pdf
2026-01-24 22:11:47 - hirelens - INFO - resume_parser.py:363 - Parsing resume: C:\Users\sharo\HireLens\uploads\Candidate 11.pdf
2026-01-24 22:11:48 - hirelens - INFO - resume_parser.py:416 - Resume parsed successfully. Found 20 skills
2026-01-24 22:11:48 - hirelens - INFO - resume_parser.py:436 - Resume saved to C:\Users\sharo\HireLens\data\parsed_resumes.json
2026-01-24 22:11:48 - hirelens - INFO - routes.py:39 - Uploading resume: Candidate 12.pdf
2026-01-24 22:11:48 - hirelens - INFO - routes.py:55 - File saved to C:\Users\sharo\HireLens\uploads\Candidate 12.pdf
2026-01-24 22:11:48 - hirelens - INFO - resume_parser.py:363 - Parsing resume: C:\Users\sharo\HireLens\uploads\Candidate 12.pdf
2026-01-24 22:11:48 - hirelens - ERROR - resume_parser.py:399 - Error extracting resume components: 2 validation errors for Education
degree
  Field required [type=missing, input_value={'year': '2026'}, input_type=dict]
    For further information visit https://errors.pydantic.dev/2.12/v/missing
institution
  Field required [type=missing, input_value={'year': '2026'}, input_type=dict]
    For further information visit https://errors.pydantic.dev/2.12/v/missing
2026-01-24 22:11:48 - hirelens - INFO - resume_parser.py:416 - Resume parsed successfully. Found 0 skills
2026-01-24 22:11:48 - hirelens - INFO - resume_parser.py:436 - Resume saved to C:\Users\sharo\HireLens\data\parsed_resumes.json
2026-01-24 22:11:48 - hirelens - INFO - routes.py:39 - Uploading resume: Candidate 13.pdf
2026-01-24 22:11:48 - hirelens - INFO - routes.py:55 - File saved to C:\Users\sharo\HireLens\uploads\Candidate 13.pdf
2026-01-24 22:11:48 - hirelens - INFO - resume_parser.py:363 - Parsing resume: C:\Users\sharo\HireLens\uploads\Candidate 13.pdf
2026-01-24 22:11:48 - hirelens - INFO - resume_parser.py:416 - Resume parsed successfully. Found 20 skills
2026-01-24 22:11:48 - hirelens - INFO - resume_parser.py:436 - Resume saved to C:\Users\sharo\HireLens\data\parsed_resumes.json
2026-01-24 22:11:48 - hirelens - INFO - routes.py:39 - Uploading resume: Candidate 14.pdf
2026-01-24 22:11:48 - hirelens - INFO - routes.py:55 - File saved to C:\Users\sharo\HireLens\uploads\Candidate 14.pdf
2026-01-24 22:11:48 - hirelens - INFO - resume_parser.py:363 - Parsing resume: C:\Users\sharo\HireLens\uploads\Candidate 14.pdf
2026-01-24 22:11:48 - hirelens - ERROR - resume_parser.py:399 - Error extracting resume components: 1 validation error for Education
institution
  Field required [type=missing, input_value={'degree': 'B.Tech CSE, 2025', 'year': '2025'}, input_type=dict]
    For further information visit https://errors.pydantic.dev/2.12/v/missing
2026-01-24 22:11:48 - hirelens - INFO - resume_parser.py:416 - Resume parsed successfully. Found 0 skills
2026-01-24 22:11:48 - hirelens - INFO - resume_parser.py:436 - Resume saved to C:\Users\sharo\HireLens\data\parsed_resumes.json
2026-01-24 22:11:48 - hirelens - INFO - routes.py:39 - Uploading resume: Candidate 15.pdf
2026-01-24 22:11:48 - hirelens - INFO - routes.py:55 - File saved to C:\Users\sharo\HireLens\uploads\Candidate 15.pdf
2026-01-24 22:11:48 - hirelens - INFO - resume_parser.py:363 - Parsing resume: C:\Users\sharo\HireLens\uploads\Candidate 15.pdf
2026-01-24 22:11:48 - hirelens - ERROR - resume_parser.py:399 - Error extracting resume components: 2 validation errors for Education
degree
  Field required [type=missing, input_value={'year': '2024'}, input_type=dict]
    For further information visit https://errors.pydantic.dev/2.12/v/missing
institution
  Field required [type=missing, input_value={'year': '2024'}, input_type=dict]
    For further information visit https://errors.pydantic.dev/2.12/v/missing
2026-01-24 22:11:48 - hirelens - INFO - resume_parser.py:416 - Resume parsed successfully. Found 0 skills
2026-01-24 22:11:48 - hirelens - INFO - resume_parser.py:436 - Resume saved to C:\Users\sharo\HireLens\data\parsed_resumes.json
2026-01-24 22:11:48 - hirelens - INFO - routes.py:39 - Uploading resume: Candidate 16.pdf
2026-01-24 22:11:48 - hirelens - INFO - routes.py:55 - File saved to C:\Users\sharo\HireLens\uploads\Candidate 16.pdf
2026-01-24 22:11:48 - hirelens - INFO - resume_parser.py:363 - Parsing resume: C:\Users\sharo\HireLens\uploads\Candidate 16.pdf
2026-01-24 22:11:48 - hirelens - INFO - resume_parser.py:416 - Resume parsed successfully. Found 20 skills
2026-01-24 22:11:49 - hirelens - INFO - resume_parser.py:436 - Resume saved to C:\Users\sharo\HireLens\data\parsed_resumes.json
2026-01-24 22:11:49 - hirelens - INFO - routes.py:39 - Uploading resume: Candidate 17.pdf
2026-01-24 22:11:49 - hirelens - INFO - routes.py:55 - File saved to C:\Users\sharo\HireLens\uploads\Candidate 17.pdf
2026-01-24 22:11:49 - hirelens - INFO - resume_parser.py:363 - Parsing resume: C:\Users\sharo\HireLens\uploads\Candidate 17.pdf
2026-01-24 22:11:49 - hirelens - INFO - resume_parser.py:416 - Resume parsed successfully. Found 20 skills
2026-01-24 22:11:49 - hirelens - INFO - resume_parser.py:436 - Resume saved to C:\Users\sharo\HireLens\data\parsed_resumes.json
2026-01-24 22:11:49 - hirelens - INFO - routes.py:39 - Uploading resume: Candidate 18.pdf
2026-01-24 22:11:49 - hirelens - INFO - routes.py:55 - File saved to C:\Users\sharo\HireLens\uploads\Candidate 18.pdf
2026-01-24 22:11:49 - hirelens - INFO - resume_parser.py:363 - Parsing resume: C:\Users\sharo\HireLens\uploads\Candidate 18.pdf
2026-01-24 22:11:49 - hirelens - ERROR - resume_parser.py:399 - Error extracting resume components: 2 validation errors for Education
degree
  Field required [type=missing, input_value={'year': '2025'}, input_type=dict]
    For further information visit https://errors.pydantic.dev/2.12/v/missing
institution
  Field required [type=missing, input_value={'year': '2025'}, input_type=dict]
    For further information visit https://errors.pydantic.dev/2.12/v/missing
2026-01-24 22:11:49 - hirelens - INFO - resume_parser.py:416 - Resume parsed successfully. Found 0 skills
2026-01-24 22:11:49 - hirelens - INFO - resume_parser.py:436 - Resume saved to C:\Users\sharo\HireLens\data\parsed_resumes.json
2026-01-24 22:11:49 - hirelens - INFO - routes.py:39 - Uploading resume: Candidate 19.pdf
2026-01-24 22:11:49 - hirelens - INFO - routes.py:55 - File saved to C:\Users\sharo\HireLens\uploads\Candidate 19.pdf
2026-01-24 22:11:49 - hirelens - INFO - resume_parser.py:363 - Parsing resume: C:\Users\sharo\HireLens\uploads\Candidate 19.pdf
2026-01-24 22:11:49 - hirelens - INFO - resume_parser.py:416 - Resume parsed successfully. Found 20 skills
2026-01-24 22:11:49 - hirelens - INFO - resume_parser.py:436 - Resume saved to C:\Users\sharo\HireLens\data\parsed_resumes.json
2026-01-24 22:11:49 - hirelens - INFO - routes.py:39 - Uploading resume: Candidate 20.pdf
2026-01-24 22:11:49 - hirelens - INFO - routes.py:55 - File saved to C:\Users\sharo\HireLens\uploads\Candidate 20.pdf
2026-01-24 22:11:49 - hirelens - INFO - resume_parser.py:363 - Parsing resume: C:\Users\sharo\HireLens\uploads\Candidate 20.pdf
2026-01-24 22:11:49 - hirelens - ERROR - resume_parser.py:399 - Error extracting resume components: 2 validation errors for Education
degree
  Field required [type=missing, input_value={'year': '2026'}, input_type=dict]
    For further information visit https://errors.pydantic.dev/2.12/v/missing
institution
  Field required [type=missing, input_value={'year': '2026'}, input_type=dict]
    For further information visit https://errors.pydantic.dev/2.12/v/missing
2026-01-24 22:11:49 - hirelens - INFO - resume_parser.py:416 - Resume parsed successfully. Found 0 skills
2026-01-24 22:11:49 - hirelens - INFO - resume_parser.py:436 - Resume saved to C:\Users\sharo\HireLens\data\parsed_resumes.json
2026-01-24 22:11:49 - hirelens - INFO - routes.py:185 - Starting batch evaluation of 20 resumes
2026-01-24 22:11:49 - hirelens - INFO - job_analyzer.py:255 - Analyzing job description...
2026-01-24 22:11:49 - hirelens - WARNING - job_analyzer.py:60 - No required skills found via patterns, scanning entire job description
2026-01-24 22:11:49 - hirelens - INFO - job_analyzer.py:65 - Extracted 17 required skills from job description
2026-01-24 22:11:49 - hirelens - INFO - job_analyzer.py:102 - Extracted 0 preferred skills from job description
2026-01-24 22:11:49 - hirelens - INFO - job_analyzer.py:279 - Job description analyzed. Found 17 required skills, 0 preferred skills
2026-01-24 22:11:49 - hirelens - INFO - job_analyzer.py:300 - Job description saved to C:\Users\sharo\HireLens\data\job_descriptions.json
2026-01-24 22:11:49 - hirelens - INFO - course_recommender.py:34 - Loaded courses for 31 skills
2026-01-24 22:11:49 - hirelens - INFO - routes.py:201 - Evaluating resume: Candidate 1.pdf
2026-01-24 22:11:49 - hirelens - INFO - routes.py:205 - Parsing resume from C:\Users\sharo\HireLens\uploads\Candidate 1.pdf
2026-01-24 22:11:49 - hirelens - INFO - resume_parser.py:363 - Parsing resume: C:\Users\sharo\HireLens\uploads\Candidate 1.pdf
2026-01-24 22:11:50 - hirelens - ERROR - resume_parser.py:399 - Error extracting resume components: 2 validation errors for Education
degree
  Field required [type=missing, input_value={'year': '2026'}, input_type=dict]
    For further information visit https://errors.pydantic.dev/2.12/v/missing
institution
  Field required [type=missing, input_value={'year': '2026'}, input_type=dict]
    For further information visit https://errors.pydantic.dev/2.12/v/missing
2026-01-24 22:11:50 - hirelens - INFO - resume_parser.py:416 - Resume parsed successfully. Found 0 skills
2026-01-24 22:11:50 - hirelens - INFO - resume_parser.py:436 - Resume saved to C:\Users\sharo\HireLens\data\parsed_resumes.json
2026-01-24 22:11:50 - hirelens - INFO - evaluation_engine.py:257 - Evaluating resume 61677cc0-22b9-4e6c-a72e-daff33e2765e against job 02ba4146-86fb-4f8b-9023-6859e7083a06
2026-01-24 22:11:50 - hirelens - INFO - evaluation_engine.py:267 - Calculating TF-IDF similarity...
2026-01-24 22:11:50 - hirelens - INFO - evaluation_engine.py:269 - TF-IDF score: 0.148
2026-01-24 22:11:50 - hirelens - INFO - evaluation_engine.py:271 - Calculating fuzzy skill match...
2026-01-24 22:11:50 - hirelens - INFO - evaluation_engine.py:273 - Fuzzy match score: 0.000
2026-01-24 22:11:50 - hirelens - INFO - evaluation_engine.py:275 - Calculating embedding similarity...
2026-01-24 22:11:50 - hirelens - INFO - evaluation_engine.py:277 - Embedding score: 0.661
2026-01-24 22:11:50 - hirelens - INFO - evaluation_engine.py:281 - Hybrid score: 30.89
2026-01-24 22:11:50 - hirelens - INFO - evaluation_engine.py:285 - Classification: Not Fit
2026-01-24 22:11:50 - hirelens - INFO - evaluation_engine.py:304 - Evaluation complete. Matched: 0, Missing: 17
2026-01-24 22:11:50 - hirelens - INFO - evaluation_engine.py:324 - Evaluation saved to C:\Users\sharo\HireLens\data\evaluations.json
2026-01-24 22:11:50 - hirelens - INFO - skill_gap_analyzer.py:172 - Analyzing skill gaps for resume 61677cc0-22b9-4e6c-a72e-daff33e2765e
2026-01-24 22:11:50 - hirelens - INFO - skill_gap_analyzer.py:205 - Skill gap analysis complete. Critical gaps: 17, Moderate gaps: 0, Weak areas: 0
2026-01-24 22:11:50 - hirelens - INFO - skill_gap_analyzer.py:228 - Skill gaps saved to C:\Users\sharo\HireLens\data\skill_gaps.json
2026-01-24 22:11:50 - hirelens - INFO - course_recommender.py:110 - Generating course recommendations for gap 7aebae08-32d8-45a6-97ab-dd0904677a47
2026-01-24 22:11:50 - hirelens - WARNING - course_recommender.py:90 - No courses found for skill: AI
2026-01-24 22:11:50 - hirelens - INFO - course_recommender.py:147 - Found 2 courses for Angular
2026-01-24 22:11:50 - hirelens - WARNING - course_recommender.py:90 - No courses found for skill: CSS
2026-01-24 22:11:50 - hirelens - WARNING - course_recommender.py:90 - No courses found for skill: Documentation
2026-01-24 22:11:50 - hirelens - WARNING - course_recommender.py:90 - No courses found for skill: Firebase
2026-01-24 22:11:50 - hirelens - WARNING - course_recommender.py:90 - No courses found for skill: HTML
2026-01-24 22:11:50 - hirelens - INFO - course_recommender.py:147 - Found 3 courses for Java
2026-01-24 22:11:50 - hirelens - INFO - course_recommender.py:147 - Found 3 courses for Javascript
2026-01-24 22:11:50 - hirelens - WARNING - course_recommender.py:90 - No courses found for skill: Js
2026-01-24 22:11:50 - hirelens - WARNING - course_recommender.py:90 - No courses found for skill: Json
2026-01-24 22:11:50 - hirelens - INFO - course_recommender.py:147 - Found 2 courses for Mongodb
2026-01-24 22:11:50 - hirelens - WARNING - course_recommender.py:90 - No courses found for skill: Mysql
2026-01-24 22:11:50 - hirelens - WARNING - course_recommender.py:90 - No courses found for skill: Node
2026-01-24 22:11:50 - hirelens - INFO - course_recommender.py:147 - Found 2 courses for Node.Js
2026-01-24 22:11:50 - hirelens - INFO - course_recommender.py:147 - Found 3 courses for Python
2026-01-24 22:11:50 - hirelens - INFO - course_recommender.py:147 - Found 3 courses for React
2026-01-24 22:11:50 - hirelens - WARNING - course_recommender.py:90 - No courses found for skill: Vue
2026-01-24 22:11:50 - hirelens - INFO - course_recommender.py:149 - Generated recommendations for 7 skills
2026-01-24 22:11:50 - hirelens - INFO - course_recommender.py:172 - Recommendations saved to C:\Users\sharo\HireLens\data\recommendations.json
2026-01-24 22:11:50 - hirelens - INFO - feedback_generator.py:294 - Generating feedback for evaluation 15e8c4ea-01c6-458c-8c95-fd8f29e60ce8
2026-01-24 22:11:50 - hirelens - INFO - feedback_generator.py:313 - Feedback generated successfully
2026-01-24 22:11:50 - hirelens - INFO - feedback_generator.py:333 - Feedback saved to C:\Users\sharo\HireLens\data\feedback.json
2026-01-24 22:11:50 - hirelens - INFO - routes.py:201 - Evaluating resume: Candidate 2.pdf
2026-01-24 22:11:50 - hirelens - INFO - routes.py:205 - Parsing resume from C:\Users\sharo\HireLens\uploads\Candidate 2.pdf
2026-01-24 22:11:50 - hirelens - INFO - resume_parser.py:363 - Parsing resume: C:\Users\sharo\HireLens\uploads\Candidate 2.pdf
2026-01-24 22:11:50 - hirelens - INFO - resume_parser.py:416 - Resume parsed successfully. Found 20 skills
2026-01-24 22:11:50 - hirelens - INFO - resume_parser.py:436 - Resume saved to C:\Users\sharo\HireLens\data\parsed_resumes.json
2026-01-24 22:11:50 - hirelens - INFO - evaluation_engine.py:257 - Evaluating resume 15a0ef30-02f1-44f7-907c-2db2e51b0f37 against job 02ba4146-86fb-4f8b-9023-6859e7083a06
2026-01-24 22:11:50 - hirelens - INFO - evaluation_engine.py:267 - Calculating TF-IDF similarity...
2026-01-24 22:11:50 - hirelens - INFO - evaluation_engine.py:269 - TF-IDF score: 0.331
2026-01-24 22:11:50 - hirelens - INFO - evaluation_engine.py:271 - Calculating fuzzy skill match...
2026-01-24 22:11:50 - hirelens - INFO - evaluation_engine.py:273 - Fuzzy match score: 0.898
2026-01-24 22:11:50 - hirelens - INFO - evaluation_engine.py:275 - Calculating embedding similarity...
2026-01-24 22:11:50 - hirelens - INFO - evaluation_engine.py:277 - Embedding score: 0.858
2026-01-24 22:11:50 - hirelens - INFO - evaluation_engine.py:281 - Hybrid score: 71.20
2026-01-24 22:11:50 - hirelens - INFO - evaluation_engine.py:285 - Classification: Average Fit
2026-01-24 22:11:50 - hirelens - INFO - evaluation_engine.py:304 - Evaluation complete. Matched: 14, Missing: 3
2026-01-24 22:11:50 - hirelens - INFO - evaluation_engine.py:324 - Evaluation saved to C:\Users\sharo\HireLens\data\evaluations.json
2026-01-24 22:11:50 - hirelens - INFO - skill_gap_analyzer.py:172 - Analyzing skill gaps for resume 15a0ef30-02f1-44f7-907c-2db2e51b0f37
2026-01-24 22:11:50 - hirelens - INFO - skill_gap_analyzer.py:205 - Skill gap analysis complete. Critical gaps: 3, Moderate gaps: 0, Weak areas: 0
2026-01-24 22:11:50 - hirelens - INFO - skill_gap_analyzer.py:228 - Skill gaps saved to C:\Users\sharo\HireLens\data\skill_gaps.json
2026-01-24 22:11:50 - hirelens - INFO - course_recommender.py:110 - Generating course recommendations for gap b445a57d-510a-4950-8d87-69e49d21d2bc
2026-01-24 22:11:50 - hirelens - INFO - course_recommender.py:147 - Found 2 courses for Angular
2026-01-24 22:11:50 - hirelens - WARNING - course_recommender.py:90 - No courses found for skill: Documentation
2026-01-24 22:11:50 - hirelens - WARNING - course_recommender.py:90 - No courses found for skill: Vue
2026-01-24 22:11:50 - hirelens - INFO - course_recommender.py:149 - Generated recommendations for 1 skills
2026-01-24 22:11:50 - hirelens - INFO - course_recommender.py:172 - Recommendations saved to C:\Users\sharo\HireLens\data\recommendations.json
2026-01-24 22:11:50 - hirelens - INFO - feedback_generator.py:294 - Generating feedback for evaluation 9895b8f4-8b73-4f85-855a-c83f788e9796
2026-01-24 22:11:50 - hirelens - INFO - feedback_generator.py:313 - Feedback generated successfully
2026-01-24 22:11:50 - hirelens - INFO - feedback_generator.py:333 - Feedback saved to C:\Users\sharo\HireLens\data\feedback.json
2026-01-24 22:11:50 - hirelens - INFO - routes.py:201 - Evaluating resume: Candidate 3.pdf
2026-01-24 22:11:50 - hirelens - INFO - routes.py:205 - Parsing resume from C:\Users\sharo\HireLens\uploads\Candidate 3.pdf
2026-01-24 22:11:50 - hirelens - INFO - resume_parser.py:363 - Parsing resume: C:\Users\sharo\HireLens\uploads\Candidate 3.pdf
2026-01-24 22:11:51 - hirelens - ERROR - resume_parser.py:399 - Error extracting resume components: 2 validation errors for Education
degree
  Field required [type=missing, input_value={'year': '2025'}, input_type=dict]
    For further information visit https://errors.pydantic.dev/2.12/v/missing
institution
  Field required [type=missing, input_value={'year': '2025'}, input_type=dict]
    For further information visit https://errors.pydantic.dev/2.12/v/missing
2026-01-24 22:11:51 - hirelens - INFO - resume_parser.py:416 - Resume parsed successfully. Found 0 skills
2026-01-24 22:11:51 - hirelens - INFO - resume_parser.py:436 - Resume saved to C:\Users\sharo\HireLens\data\parsed_resumes.json
2026-01-24 22:11:51 - hirelens - INFO - evaluation_engine.py:257 - Evaluating resume 4e0975d5-c4da-4009-84f6-21e11e710233 against job 02ba4146-86fb-4f8b-9023-6859e7083a06
2026-01-24 22:11:51 - hirelens - INFO - evaluation_engine.py:267 - Calculating TF-IDF similarity...
2026-01-24 22:11:51 - hirelens - INFO - evaluation_engine.py:269 - TF-IDF score: 0.103
2026-01-24 22:11:51 - hirelens - INFO - evaluation_engine.py:271 - Calculating fuzzy skill match...
2026-01-24 22:11:51 - hirelens - INFO - evaluation_engine.py:273 - Fuzzy match score: 0.000
2026-01-24 22:11:51 - hirelens - INFO - evaluation_engine.py:275 - Calculating embedding similarity...
2026-01-24 22:11:51 - hirelens - INFO - evaluation_engine.py:277 - Embedding score: 0.606
2026-01-24 22:11:51 - hirelens - INFO - evaluation_engine.py:281 - Hybrid score: 27.30
2026-01-24 22:11:51 - hirelens - INFO - evaluation_engine.py:285 - Classification: Not Fit
2026-01-24 22:11:51 - hirelens - INFO - evaluation_engine.py:304 - Evaluation complete. Matched: 0, Missing: 17
2026-01-24 22:11:51 - hirelens - INFO - evaluation_engine.py:324 - Evaluation saved to C:\Users\sharo\HireLens\data\evaluations.json
2026-01-24 22:11:51 - hirelens - INFO - skill_gap_analyzer.py:172 - Analyzing skill gaps for resume 4e0975d5-c4da-4009-84f6-21e11e710233
2026-01-24 22:11:51 - hirelens - INFO - skill_gap_analyzer.py:205 - Skill gap analysis complete. Critical gaps: 17, Moderate gaps: 0, Weak areas: 0
2026-01-24 22:11:51 - hirelens - INFO - skill_gap_analyzer.py:228 - Skill gaps saved to C:\Users\sharo\HireLens\data\skill_gaps.json
2026-01-24 22:11:51 - hirelens - INFO - course_recommender.py:110 - Generating course recommendations for gap 68e75963-1602-410d-80f2-eaaaa295696a
2026-01-24 22:11:51 - hirelens - WARNING - course_recommender.py:90 - No courses found for skill: AI
2026-01-24 22:11:51 - hirelens - INFO - course_recommender.py:147 - Found 2 courses for Angular
2026-01-24 22:11:51 - hirelens - WARNING - course_recommender.py:90 - No courses found for skill: CSS
2026-01-24 22:11:51 - hirelens - WARNING - course_recommender.py:90 - No courses found for skill: Documentation
2026-01-24 22:11:51 - hirelens - WARNING - course_recommender.py:90 - No courses found for skill: Firebase
2026-01-24 22:11:51 - hirelens - WARNING - course_recommender.py:90 - No courses found for skill: HTML
2026-01-24 22:11:51 - hirelens - INFO - course_recommender.py:147 - Found 3 courses for Java
2026-01-24 22:11:51 - hirelens - INFO - course_recommender.py:147 - Found 3 courses for Javascript
2026-01-24 22:11:51 - hirelens - WARNING - course_recommender.py:90 - No courses found for skill: Js
2026-01-24 22:11:51 - hirelens - WARNING - course_recommender.py:90 - No courses found for skill: Json
2026-01-24 22:11:51 - hirelens - INFO - course_recommender.py:147 - Found 2 courses for Mongodb
2026-01-24 22:11:51 - hirelens - WARNING - course_recommender.py:90 - No courses found for skill: Mysql
2026-01-24 22:11:51 - hirelens - WARNING - course_recommender.py:90 - No courses found for skill: Node
2026-01-24 22:11:51 - hirelens - INFO - course_recommender.py:147 - Found 2 courses for Node.Js
2026-01-24 22:11:51 - hirelens - INFO - course_recommender.py:147 - Found 3 courses for Python
2026-01-24 22:11:51 - hirelens - INFO - course_recommender.py:147 - Found 3 courses for React
2026-01-24 22:11:51 - hirelens - WARNING - course_recommender.py:90 - No courses found for skill: Vue
2026-01-24 22:11:51 - hirelens - INFO - course_recommender.py:149 - Generated recommendations for 7 skills
2026-01-24 22:11:51 - hirelens - INFO - course_recommender.py:172 - Recommendations saved to C:\Users\sharo\HireLens\data\recommendations.json
2026-01-24 22:11:51 - hirelens - INFO - feedback_generator.py:294 - Generating feedback for evaluation 5e5891a0-da3d-4a21-8d79-8db1a21545c5
2026-01-24 22:11:51 - hirelens - INFO - feedback_generator.py:313 - Feedback generated successfully
2026-01-24 22:11:51 - hirelens - INFO - feedback_generator.py:333 - Feedback saved to C:\Users\sharo\HireLens\data\feedback.json
2026-01-24 22:11:51 - hirelens - INFO - routes.py:201 - Evaluating resume: Candidate 4.pdf
2026-01-24 22:11:51 - hirelens - INFO - routes.py:205 - Parsing resume from C:\Users\sharo\HireLens\uploads\Candidate 4.pdf
2026-01-24 22:11:51 - hirelens - INFO - resume_parser.py:363 - Parsing resume: C:\Users\sharo\HireLens\uploads\Candidate 4.pdf
2026-01-24 22:11:51 - hirelens - INFO - resume_parser.py:416 - Resume parsed successfully. Found 21 skills
2026-01-24 22:11:51 - hirelens - INFO - resume_parser.py:436 - Resume saved to C:\Users\sharo\HireLens\data\parsed_resumes.json
2026-01-24 22:11:51 - hirelens - INFO - evaluation_engine.py:257 - Evaluating resume da235052-7c4a-48bc-873f-7f7c58c6dc22 against job 02ba4146-86fb-4f8b-9023-6859e7083a06
2026-01-24 22:11:51 - hirelens - INFO - evaluation_engine.py:267 - Calculating TF-IDF similarity...
2026-01-24 22:11:51 - hirelens - INFO - evaluation_engine.py:269 - TF-IDF score: 0.331
2026-01-24 22:11:51 - hirelens - INFO - evaluation_engine.py:271 - Calculating fuzzy skill match...
2026-01-24 22:11:51 - hirelens - INFO - evaluation_engine.py:273 - Fuzzy match score: 0.898
2026-01-24 22:11:51 - hirelens - INFO - evaluation_engine.py:275 - Calculating embedding similarity...
2026-01-24 22:11:51 - hirelens - INFO - evaluation_engine.py:277 - Embedding score: 0.801
2026-01-24 22:11:51 - hirelens - INFO - evaluation_engine.py:281 - Hybrid score: 68.92
2026-01-24 22:11:51 - hirelens - INFO - evaluation_engine.py:285 - Classification: Average Fit
2026-01-24 22:11:51 - hirelens - INFO - evaluation_engine.py:304 - Evaluation complete. Matched: 14, Missing: 3
2026-01-24 22:11:51 - hirelens - INFO - evaluation_engine.py:324 - Evaluation saved to C:\Users\sharo\HireLens\data\evaluations.json
2026-01-24 22:11:51 - hirelens - INFO - skill_gap_analyzer.py:172 - Analyzing skill gaps for resume da235052-7c4a-48bc-873f-7f7c58c6dc22
2026-01-24 22:11:51 - hirelens - INFO - skill_gap_analyzer.py:205 - Skill gap analysis complete. Critical gaps: 3, Moderate gaps: 0, Weak areas: 0
2026-01-24 22:11:51 - hirelens - INFO - skill_gap_analyzer.py:228 - Skill gaps saved to C:\Users\sharo\HireLens\data\skill_gaps.json
2026-01-24 22:11:51 - hirelens - INFO - course_recommender.py:110 - Generating course recommendations for gap d66b28fe-a1b4-489a-a987-06d9ae2f9983
2026-01-24 22:11:51 - hirelens - INFO - course_recommender.py:147 - Found 2 courses for Angular
2026-01-24 22:11:51 - hirelens - WARNING - course_recommender.py:90 - No courses found for skill: Documentation
2026-01-24 22:11:51 - hirelens - WARNING - course_recommender.py:90 - No courses found for skill: Vue
2026-01-24 22:11:51 - hirelens - INFO - course_recommender.py:149 - Generated recommendations for 1 skills
2026-01-24 22:11:51 - hirelens - INFO - course_recommender.py:172 - Recommendations saved to C:\Users\sharo\HireLens\data\recommendations.json
2026-01-24 22:11:51 - hirelens - INFO - feedback_generator.py:294 - Generating feedback for evaluation a108cb17-d10d-42e3-bf16-de60f09a30f5
2026-01-24 22:11:51 - hirelens - INFO - feedback_generator.py:313 - Feedback generated successfully
2026-01-24 22:11:52 - hirelens - INFO - feedback_generator.py:333 - Feedback saved to C:\Users\sharo\HireLens\data\feedback.json
2026-01-24 22:11:52 - hirelens - INFO - routes.py:201 - Evaluating resume: Candidate 5.pdf
2026-01-24 22:11:52 - hirelens - INFO - routes.py:205 - Parsing resume from C:\Users\sharo\HireLens\uploads\Candidate 5.pdf
2026-01-24 22:11:52 - hirelens - INFO - resume_parser.py:363 - Parsing resume: C:\Users\sharo\HireLens\uploads\Candidate 5.pdf
2026-01-24 22:11:52 - hirelens - ERROR - resume_parser.py:399 - Error extracting resume components: 1 validation error for Education
institution
  Field required [type=missing, input_value={'degree': 'B.Tech IT, 2026', 'year': '2026'}, input_type=dict]
    For further information visit https://errors.pydantic.dev/2.12/v/missing
2026-01-24 22:11:52 - hirelens - INFO - resume_parser.py:416 - Resume parsed successfully. Found 0 skills
2026-01-24 22:11:52 - hirelens - INFO - resume_parser.py:436 - Resume saved to C:\Users\sharo\HireLens\data\parsed_resumes.json
2026-01-24 22:11:52 - hirelens - INFO - evaluation_engine.py:257 - Evaluating resume 4fe0b59b-cc94-4fb6-b890-7d0d18ada405 against job 02ba4146-86fb-4f8b-9023-6859e7083a06
2026-01-24 22:11:52 - hirelens - INFO - evaluation_engine.py:267 - Calculating TF-IDF similarity...
2026-01-24 22:11:52 - hirelens - INFO - evaluation_engine.py:269 - TF-IDF score: 0.053
2026-01-24 22:11:52 - hirelens - INFO - evaluation_engine.py:271 - Calculating fuzzy skill match...
2026-01-24 22:11:52 - hirelens - INFO - evaluation_engine.py:273 - Fuzzy match score: 0.000
2026-01-24 22:11:52 - hirelens - INFO - evaluation_engine.py:275 - Calculating embedding similarity...
2026-01-24 22:11:52 - hirelens - INFO - evaluation_engine.py:277 - Embedding score: 0.631
2026-01-24 22:11:52 - hirelens - INFO - evaluation_engine.py:281 - Hybrid score: 26.84
2026-01-24 22:11:52 - hirelens - INFO - evaluation_engine.py:285 - Classification: Not Fit
2026-01-24 22:11:52 - hirelens - INFO - evaluation_engine.py:304 - Evaluation complete. Matched: 0, Missing: 17
2026-01-24 22:11:52 - hirelens - INFO - evaluation_engine.py:324 - Evaluation saved to C:\Users\sharo\HireLens\data\evaluations.json
2026-01-24 22:11:52 - hirelens - INFO - skill_gap_analyzer.py:172 - Analyzing skill gaps for resume 4fe0b59b-cc94-4fb6-b890-7d0d18ada405
2026-01-24 22:11:52 - hirelens - INFO - skill_gap_analyzer.py:205 - Skill gap analysis complete. Critical gaps: 17, Moderate gaps: 0, Weak areas: 0
2026-01-24 22:11:52 - hirelens - INFO - skill_gap_analyzer.py:228 - Skill gaps saved to C:\Users\sharo\HireLens\data\skill_gaps.json
2026-01-24 22:11:52 - hirelens - INFO - course_recommender.py:110 - Generating course recommendations for gap a890ca9d-2dcc-4c2b-abd5-f7736ca94f94
2026-01-24 22:11:52 - hirelens - WARNING - course_recommender.py:90 - No courses found for skill: AI
2026-01-24 22:11:52 - hirelens - INFO - course_recommender.py:147 - Found 2 courses for Angular
2026-01-24 22:11:52 - hirelens - WARNING - course_recommender.py:90 - No courses found for skill: CSS
2026-01-24 22:11:52 - hirelens - WARNING - course_recommender.py:90 - No courses found for skill: Documentation
2026-01-24 22:11:52 - hirelens - WARNING - course_recommender.py:90 - No courses found for skill: Firebase
2026-01-24 22:11:52 - hirelens - WARNING - course_recommender.py:90 - No courses found for skill: HTML
2026-01-24 22:11:52 - hirelens - INFO - course_recommender.py:147 - Found 3 courses for Java
2026-01-24 22:11:52 - hirelens - INFO - course_recommender.py:147 - Found 3 courses for Javascript
2026-01-24 22:11:52 - hirelens - WARNING - course_recommender.py:90 - No courses found for skill: Js
2026-01-24 22:11:52 - hirelens - WARNING - course_recommender.py:90 - No courses found for skill: Json
2026-01-24 22:11:52 - hirelens - INFO - course_recommender.py:147 - Found 2 courses for Mongodb
2026-01-24 22:11:52 - hirelens - WARNING - course_recommender.py:90 - No courses found for skill: Mysql
2026-01-24 22:11:52 - hirelens - WARNING - course_recommender.py:90 - No courses found for skill: Node
2026-01-24 22:11:52 - hirelens - INFO - course_recommender.py:147 - Found 2 courses for Node.Js
2026-01-24 22:11:52 - hirelens - INFO - course_recommender.py:147 - Found 3 courses for Python
2026-01-24 22:11:52 - hirelens - INFO - course_recommender.py:147 - Found 3 courses for React
2026-01-24 22:11:52 - hirelens - WARNING - course_recommender.py:90 - No courses found for skill: Vue
2026-01-24 22:11:52 - hirelens - INFO - course_recommender.py:149 - Generated recommendations for 7 skills
2026-01-24 22:11:52 - hirelens - INFO - course_recommender.py:172 - Recommendations saved to C:\Users\sharo\HireLens\data\recommendations.json
2026-01-24 22:11:52 - hirelens - INFO - feedback_generator.py:294 - Generating feedback for evaluation e2b375a7-1f37-4da0-903d-da1323173721
2026-01-24 22:11:52 - hirelens - INFO - feedback_generator.py:313 - Feedback generated successfully
2026-01-24 22:11:52 - hirelens - INFO - feedback_generator.py:333 - Feedback saved to C:\Users\sharo\HireLens\data\feedback.json
2026-01-24 22:11:52 - hirelens - INFO - routes.py:201 - Evaluating resume: Candidate 6.pdf
2026-01-24 22:11:52 - hirelens - INFO - routes.py:205 - Parsing resume from C:\Users\sharo\HireLens\uploads\Candidate 6.pdf
2026-01-24 22:11:52 - hirelens - INFO - resume_parser.py:363 - Parsing resume: C:\Users\sharo\HireLens\uploads\Candidate 6.pdf
2026-01-24 22:11:52 - hirelens - INFO - resume_parser.py:416 - Resume parsed successfully. Found 20 skills
2026-01-24 22:11:52 - hirelens - INFO - resume_parser.py:436 - Resume saved to C:\Users\sharo\HireLens\data\parsed_resumes.json
2026-01-24 22:11:52 - hirelens - INFO - evaluation_engine.py:257 - Evaluating resume 665fc601-f50f-4582-b320-c6cc9346953f against job 02ba4146-86fb-4f8b-9023-6859e7083a06
2026-01-24 22:11:52 - hirelens - INFO - evaluation_engine.py:267 - Calculating TF-IDF similarity...
2026-01-24 22:11:52 - hirelens - INFO - evaluation_engine.py:269 - TF-IDF score: 0.331
2026-01-24 22:11:52 - hirelens - INFO - evaluation_engine.py:271 - Calculating fuzzy skill match...
2026-01-24 22:11:52 - hirelens - INFO - evaluation_engine.py:273 - Fuzzy match score: 0.898
2026-01-24 22:11:52 - hirelens - INFO - evaluation_engine.py:275 - Calculating embedding similarity...
2026-01-24 22:11:52 - hirelens - INFO - evaluation_engine.py:277 - Embedding score: 0.823
2026-01-24 22:11:52 - hirelens - INFO - evaluation_engine.py:281 - Hybrid score: 69.80
2026-01-24 22:11:52 - hirelens - INFO - evaluation_engine.py:285 - Classification: Average Fit
2026-01-24 22:11:52 - hirelens - INFO - evaluation_engine.py:304 - Evaluation complete. Matched: 14, Missing: 3
2026-01-24 22:11:52 - hirelens - INFO - evaluation_engine.py:324 - Evaluation saved to C:\Users\sharo\HireLens\data\evaluations.json
2026-01-24 22:11:52 - hirelens - INFO - skill_gap_analyzer.py:172 - Analyzing skill gaps for resume 665fc601-f50f-4582-b320-c6cc9346953f
2026-01-24 22:11:52 - hirelens - INFO - skill_gap_analyzer.py:205 - Skill gap analysis complete. Critical gaps: 3, Moderate gaps: 0, Weak areas: 0
2026-01-24 22:11:52 - hirelens - INFO - skill_gap_analyzer.py:228 - Skill gaps saved to C:\Users\sharo\HireLens\data\skill_gaps.json
2026-01-24 22:11:52 - hirelens - INFO - course_recommender.py:110 - Generating course recommendations for gap c048b493-96c5-4c81-82ea-9a03a871e9d6
2026-01-24 22:11:52 - hirelens - INFO - course_recommender.py:147 - Found 2 courses for Angular
2026-01-24 22:11:52 - hirelens - WARNING - course_recommender.py:90 - No courses found for skill: Documentation
2026-01-24 22:11:52 - hirelens - WARNING - course_recommender.py:90 - No courses found for skill: Vue
2026-01-24 22:11:52 - hirelens - INFO - course_recommender.py:149 - Generated recommendations for 1 skills
2026-01-24 22:11:52 - hirelens - INFO - course_recommender.py:172 - Recommendations saved to C:\Users\sharo\HireLens\data\recommendations.json
2026-01-24 22:11:52 - hirelens - INFO - feedback_generator.py:294 - Generating feedback for evaluation 4acf79cc-d803-4a9f-b86c-5ce962133b63
2026-01-24 22:11:52 - hirelens - INFO - feedback_generator.py:313 - Feedback generated successfully
2026-01-24 22:11:53 - hirelens - INFO - feedback_generator.py:333 - Feedback saved to C:\Users\sharo\HireLens\data\feedback.json
2026-01-24 22:11:53 - hirelens - INFO - routes.py:201 - Evaluating resume: Candidate 7.pdf
2026-01-24 22:11:53 - hirelens - INFO - routes.py:205 - Parsing resume from C:\Users\sharo\HireLens\uploads\Candidate 7.pdf
2026-01-24 22:11:53 - hirelens - INFO - resume_parser.py:363 - Parsing resume: C:\Users\sharo\HireLens\uploads\Candidate 7.pdf
2026-01-24 22:11:53 - hirelens - ERROR - resume_parser.py:399 - Error extracting resume components: 2 validation errors for Education
degree
  Field required [type=missing, input_value={'year': '2026'}, input_type=dict]
    For further information visit https://errors.pydantic.dev/2.12/v/missing
institution
  Field required [type=missing, input_value={'year': '2026'}, input_type=dict]
    For further information visit https://errors.pydantic.dev/2.12/v/missing
2026-01-24 22:11:53 - hirelens - INFO - resume_parser.py:416 - Resume parsed successfully. Found 0 skills
2026-01-24 22:11:53 - hirelens - INFO - resume_parser.py:436 - Resume saved to C:\Users\sharo\HireLens\data\parsed_resumes.json
2026-01-24 22:11:53 - hirelens - INFO - evaluation_engine.py:257 - Evaluating resume db954c19-3ef4-4ded-9d5b-2363916ea7ac against job 02ba4146-86fb-4f8b-9023-6859e7083a06
2026-01-24 22:11:53 - hirelens - INFO - evaluation_engine.py:267 - Calculating TF-IDF similarity...
2026-01-24 22:11:53 - hirelens - INFO - evaluation_engine.py:269 - TF-IDF score: 0.042
2026-01-24 22:11:53 - hirelens - INFO - evaluation_engine.py:271 - Calculating fuzzy skill match...
2026-01-24 22:11:53 - hirelens - INFO - evaluation_engine.py:273 - Fuzzy match score: 0.000
2026-01-24 22:11:53 - hirelens - INFO - evaluation_engine.py:275 - Calculating embedding similarity...
2026-01-24 22:11:53 - hirelens - INFO - evaluation_engine.py:277 - Embedding score: 0.426
2026-01-24 22:11:53 - hirelens - INFO - evaluation_engine.py:281 - Hybrid score: 18.31
2026-01-24 22:11:53 - hirelens - INFO - evaluation_engine.py:285 - Classification: Not Fit
2026-01-24 22:11:53 - hirelens - INFO - evaluation_engine.py:304 - Evaluation complete. Matched: 0, Missing: 17
2026-01-24 22:11:53 - hirelens - INFO - evaluation_engine.py:324 - Evaluation saved to C:\Users\sharo\HireLens\data\evaluations.json
2026-01-24 22:11:53 - hirelens - INFO - skill_gap_analyzer.py:172 - Analyzing skill gaps for resume db954c19-3ef4-4ded-9d5b-2363916ea7ac
2026-01-24 22:11:53 - hirelens - INFO - skill_gap_analyzer.py:205 - Skill gap analysis complete. Critical gaps: 17, Moderate gaps: 0, Weak areas: 0
2026-01-24 22:11:53 - hirelens - INFO - skill_gap_analyzer.py:228 - Skill gaps saved to C:\Users\sharo\HireLens\data\skill_gaps.json
2026-01-24 22:11:53 - hirelens - INFO - course_recommender.py:110 - Generating course recommendations for gap e7154a7f-797e-453c-a580-99e726069c17
2026-01-24 22:11:53 - hirelens - WARNING - course_recommender.py:90 - No courses found for skill: AI
2026-01-24 22:11:53 - hirelens - INFO - course_recommender.py:147 - Found 2 courses for Angular
2026-01-24 22:11:53 - hirelens - WARNING - course_recommender.py:90 - No courses found for skill: CSS
2026-01-24 22:11:53 - hirelens - WARNING - course_recommender.py:90 - No courses found for skill: Documentation
2026-01-24 22:11:53 - hirelens - WARNING - course_recommender.py:90 - No courses found for skill: Firebase
2026-01-24 22:11:53 - hirelens - WARNING - course_recommender.py:90 - No courses found for skill: HTML
2026-01-24 22:11:53 - hirelens - INFO - course_recommender.py:147 - Found 3 courses for Java
2026-01-24 22:11:53 - hirelens - INFO - course_recommender.py:147 - Found 3 courses for Javascript
2026-01-24 22:11:53 - hirelens - WARNING - course_recommender.py:90 - No courses found for skill: Js
2026-01-24 22:11:53 - hirelens - WARNING - course_recommender.py:90 - No courses found for skill: Json
2026-01-24 22:11:53 - hirelens - INFO - course_recommender.py:147 - Found 2 courses for Mongodb
2026-01-24 22:11:53 - hirelens - WARNING - course_recommender.py:90 - No courses found for skill: Mysql
2026-01-24 22:11:53 - hirelens - WARNING - course_recommender.py:90 - No courses found for skill: Node
2026-01-24 22:11:53 - hirelens - INFO - course_recommender.py:147 - Found 2 courses for Node.Js
2026-01-24 22:11:53 - hirelens - INFO - course_recommender.py:147 - Found 3 courses for Python
2026-01-24 22:11:53 - hirelens - INFO - course_recommender.py:147 - Found 3 courses for React
2026-01-24 22:11:53 - hirelens - WARNING - course_recommender.py:90 - No courses found for skill: Vue
2026-01-24 22:11:53 - hirelens - INFO - course_recommender.py:149 - Generated recommendations for 7 skills
2026-01-24 22:11:53 - hirelens - INFO - course_recommender.py:172 - Recommendations saved to C:\Users\sharo\HireLens\data\recommendations.json
2026-01-24 22:11:53 - hirelens - INFO - feedback_generator.py:294 - Generating feedback for evaluation 80cf51b7-4b1e-4bdb-a57d-72748f4a355f
2026-01-24 22:11:53 - hirelens - INFO - feedback_generator.py:313 - Feedback generated successfully
2026-01-24 22:11:53 - hirelens - INFO - feedback_generator.py:333 - Feedback saved to C:\Users\sharo\HireLens\data\feedback.json
2026-01-24 22:11:53 - hirelens - INFO - routes.py:201 - Evaluating resume: Candidate 8.pdf
2026-01-24 22:11:53 - hirelens - INFO - routes.py:205 - Parsing resume from C:\Users\sharo\HireLens\uploads\Candidate 8.pdf
2026-01-24 22:11:53 - hirelens - INFO - resume_parser.py:363 - Parsing resume: C:\Users\sharo\HireLens\uploads\Candidate 8.pdf
2026-01-24 22:11:53 - hirelens - INFO - resume_parser.py:416 - Resume parsed successfully. Found 20 skills
2026-01-24 22:11:53 - hirelens - INFO - resume_parser.py:436 - Resume saved to C:\Users\sharo\HireLens\data\parsed_resumes.json
2026-01-24 22:11:53 - hirelens - INFO - evaluation_engine.py:257 - Evaluating resume 16466728-74b8-4bb5-b11c-8479cf0533ac against job 02ba4146-86fb-4f8b-9023-6859e7083a06
2026-01-24 22:11:53 - hirelens - INFO - evaluation_engine.py:267 - Calculating TF-IDF similarity...
2026-01-24 22:11:53 - hirelens - INFO - evaluation_engine.py:269 - TF-IDF score: 0.331
2026-01-24 22:11:53 - hirelens - INFO - evaluation_engine.py:271 - Calculating fuzzy skill match...
2026-01-24 22:11:53 - hirelens - INFO - evaluation_engine.py:273 - Fuzzy match score: 0.898
2026-01-24 22:11:53 - hirelens - INFO - evaluation_engine.py:275 - Calculating embedding similarity...
2026-01-24 22:11:53 - hirelens - INFO - evaluation_engine.py:277 - Embedding score: 0.814
2026-01-24 22:11:53 - hirelens - INFO - evaluation_engine.py:281 - Hybrid score: 69.43
2026-01-24 22:11:53 - hirelens - INFO - evaluation_engine.py:285 - Classification: Average Fit
2026-01-24 22:11:53 - hirelens - INFO - evaluation_engine.py:304 - Evaluation complete. Matched: 14, Missing: 3
2026-01-24 22:11:53 - hirelens - INFO - evaluation_engine.py:324 - Evaluation saved to C:\Users\sharo\HireLens\data\evaluations.json
2026-01-24 22:11:53 - hirelens - INFO - skill_gap_analyzer.py:172 - Analyzing skill gaps for resume 16466728-74b8-4bb5-b11c-8479cf0533ac
2026-01-24 22:11:53 - hirelens - INFO - skill_gap_analyzer.py:205 - Skill gap analysis complete. Critical gaps: 3, Moderate gaps: 0, Weak areas: 0
2026-01-24 22:11:53 - hirelens - INFO - skill_gap_analyzer.py:228 - Skill gaps saved to C:\Users\sharo\HireLens\data\skill_gaps.json
2026-01-24 22:11:53 - hirelens - INFO - course_recommender.py:110 - Generating course recommendations for gap f6d12c62-57ad-4f75-ab1d-0633aaac39b2
2026-01-24 22:11:53 - hirelens - INFO - course_recommender.py:147 - Found 2 courses for Angular
2026-01-24 22:11:53 - hirelens - WARNING - course_recommender.py:90 - No courses found for skill: Documentation
2026-01-24 22:11:53 - hirelens - WARNING - course_recommender.py:90 - No courses found for skill: Vue
2026-01-24 22:11:53 - hirelens - INFO - course_recommender.py:149 - Generated recommendations for 1 skills
2026-01-24 22:11:54 - hirelens - INFO - course_recommender.py:172 - Recommendations saved to C:\Users\sharo\HireLens\data\recommendations.json
2026-01-24 22:11:54 - hirelens - INFO - feedback_generator.py:294 - Generating feedback for evaluation 1b26ec30-078c-45df-9d23-532cf11e8254
2026-01-24 22:11:54 - hirelens - INFO - feedback_generator.py:313 - Feedback generated successfully
2026-01-24 22:11:54 - hirelens - INFO - feedback_generator.py:333 - Feedback saved to C:\Users\sharo\HireLens\data\feedback.json
2026-01-24 22:11:54 - hirelens - INFO - routes.py:201 - Evaluating resume: Candidate 9.pdf
2026-01-24 22:11:54 - hirelens - INFO - routes.py:205 - Parsing resume from C:\Users\sharo\HireLens\uploads\Candidate 9.pdf
2026-01-24 22:11:54 - hirelens - INFO - resume_parser.py:363 - Parsing resume: C:\Users\sharo\HireLens\uploads\Candidate 9.pdf
2026-01-24 22:11:54 - hirelens - ERROR - resume_parser.py:399 - Error extracting resume components: 2 validation errors for Education
degree
  Field required [type=missing, input_value={'year': '2025'}, input_type=dict]
    For further information visit https://errors.pydantic.dev/2.12/v/missing
institution
  Field required [type=missing, input_value={'year': '2025'}, input_type=dict]
    For further information visit https://errors.pydantic.dev/2.12/v/missing
2026-01-24 22:11:54 - hirelens - INFO - resume_parser.py:416 - Resume parsed successfully. Found 0 skills
2026-01-24 22:11:54 - hirelens - INFO - resume_parser.py:436 - Resume saved to C:\Users\sharo\HireLens\data\parsed_resumes.json
2026-01-24 22:11:54 - hirelens - INFO - evaluation_engine.py:257 - Evaluating resume 90688e6f-55ab-43c3-b4fb-07c652a1a992 against job 02ba4146-86fb-4f8b-9023-6859e7083a06
2026-01-24 22:11:54 - hirelens - INFO - evaluation_engine.py:267 - Calculating TF-IDF similarity...
2026-01-24 22:11:54 - hirelens - INFO - evaluation_engine.py:269 - TF-IDF score: 0.032
2026-01-24 22:11:54 - hirelens - INFO - evaluation_engine.py:271 - Calculating fuzzy skill match...
2026-01-24 22:11:54 - hirelens - INFO - evaluation_engine.py:273 - Fuzzy match score: 0.000
2026-01-24 22:11:54 - hirelens - INFO - evaluation_engine.py:275 - Calculating embedding similarity...
2026-01-24 22:11:54 - hirelens - INFO - evaluation_engine.py:277 - Embedding score: 0.437
2026-01-24 22:11:54 - hirelens - INFO - evaluation_engine.py:281 - Hybrid score: 18.43
2026-01-24 22:11:54 - hirelens - INFO - evaluation_engine.py:285 - Classification: Not Fit
2026-01-24 22:11:54 - hirelens - INFO - evaluation_engine.py:304 - Evaluation complete. Matched: 0, Missing: 17
2026-01-24 22:11:54 - hirelens - INFO - evaluation_engine.py:324 - Evaluation saved to C:\Users\sharo\HireLens\data\evaluations.json
2026-01-24 22:11:54 - hirelens - INFO - skill_gap_analyzer.py:172 - Analyzing skill gaps for resume 90688e6f-55ab-43c3-b4fb-07c652a1a992
2026-01-24 22:11:54 - hirelens - INFO - skill_gap_analyzer.py:205 - Skill gap analysis complete. Critical gaps: 17, Moderate gaps: 0, Weak areas: 0
2026-01-24 22:11:54 - hirelens - INFO - skill_gap_analyzer.py:228 - Skill gaps saved to C:\Users\sharo\HireLens\data\skill_gaps.json
2026-01-24 22:11:54 - hirelens - INFO - course_recommender.py:110 - Generating course recommendations for gap 0cac7deb-f25f-4d2e-b39c-ee912de754bf
2026-01-24 22:11:54 - hirelens - WARNING - course_recommender.py:90 - No courses found for skill: AI
2026-01-24 22:11:54 - hirelens - INFO - course_recommender.py:147 - Found 2 courses for Angular
2026-01-24 22:11:54 - hirelens - WARNING - course_recommender.py:90 - No courses found for skill: CSS
2026-01-24 22:11:54 - hirelens - WARNING - course_recommender.py:90 - No courses found for skill: Documentation
2026-01-24 22:11:54 - hirelens - WARNING - course_recommender.py:90 - No courses found for skill: Firebase
2026-01-24 22:11:54 - hirelens - WARNING - course_recommender.py:90 - No courses found for skill: HTML
2026-01-24 22:11:54 - hirelens - INFO - course_recommender.py:147 - Found 3 courses for Java
2026-01-24 22:11:54 - hirelens - INFO - course_recommender.py:147 - Found 3 courses for Javascript
2026-01-24 22:11:54 - hirelens - WARNING - course_recommender.py:90 - No courses found for skill: Js
2026-01-24 22:11:54 - hirelens - WARNING - course_recommender.py:90 - No courses found for skill: Json
2026-01-24 22:11:54 - hirelens - INFO - course_recommender.py:147 - Found 2 courses for Mongodb
2026-01-24 22:11:54 - hirelens - WARNING - course_recommender.py:90 - No courses found for skill: Mysql
2026-01-24 22:11:54 - hirelens - WARNING - course_recommender.py:90 - No courses found for skill: Node
2026-01-24 22:11:54 - hirelens - INFO - course_recommender.py:147 - Found 2 courses for Node.Js
2026-01-24 22:11:54 - hirelens - INFO - course_recommender.py:147 - Found 3 courses for Python
2026-01-24 22:11:54 - hirelens - INFO - course_recommender.py:147 - Found 3 courses for React
2026-01-24 22:11:54 - hirelens - WARNING - course_recommender.py:90 - No courses found for skill: Vue
2026-01-24 22:11:54 - hirelens - INFO - course_recommender.py:149 - Generated recommendations for 7 skills
2026-01-24 22:11:54 - hirelens - INFO - course_recommender.py:172 - Recommendations saved to C:\Users\sharo\HireLens\data\recommendations.json
2026-01-24 22:11:54 - hirelens - INFO - feedback_generator.py:294 - Generating feedback for evaluation 25e0e343-b76c-4c05-8769-ae4b95b55827
2026-01-24 22:11:54 - hirelens - INFO - feedback_generator.py:313 - Feedback generated successfully
2026-01-24 22:11:54 - hirelens - INFO - feedback_generator.py:333 - Feedback saved to C:\Users\sharo\HireLens\data\feedback.json
2026-01-24 22:11:54 - hirelens - INFO - routes.py:201 - Evaluating resume: Candidate 10.pdf
2026-01-24 22:11:54 - hirelens - INFO - routes.py:205 - Parsing resume from C:\Users\sharo\HireLens\uploads\Candidate 10.pdf
2026-01-24 22:11:54 - hirelens - INFO - resume_parser.py:363 - Parsing resume: C:\Users\sharo\HireLens\uploads\Candidate 10.pdf
2026-01-24 22:11:54 - hirelens - INFO - resume_parser.py:416 - Resume parsed successfully. Found 20 skills
2026-01-24 22:11:55 - hirelens - INFO - resume_parser.py:436 - Resume saved to C:\Users\sharo\HireLens\data\parsed_resumes.json
2026-01-24 22:11:55 - hirelens - INFO - evaluation_engine.py:257 - Evaluating resume 7e7f1274-5e6c-4ce2-904c-5da171e36ee8 against job 02ba4146-86fb-4f8b-9023-6859e7083a06
2026-01-24 22:11:55 - hirelens - INFO - evaluation_engine.py:267 - Calculating TF-IDF similarity...
2026-01-24 22:11:55 - hirelens - INFO - evaluation_engine.py:269 - TF-IDF score: 0.331
2026-01-24 22:11:55 - hirelens - INFO - evaluation_engine.py:271 - Calculating fuzzy skill match...
2026-01-24 22:11:55 - hirelens - INFO - evaluation_engine.py:273 - Fuzzy match score: 0.898
2026-01-24 22:11:55 - hirelens - INFO - evaluation_engine.py:275 - Calculating embedding similarity...
2026-01-24 22:11:55 - hirelens - INFO - evaluation_engine.py:277 - Embedding score: 0.813
2026-01-24 22:11:55 - hirelens - INFO - evaluation_engine.py:281 - Hybrid score: 69.39
2026-01-24 22:11:55 - hirelens - INFO - evaluation_engine.py:285 - Classification: Average Fit
2026-01-24 22:11:55 - hirelens - INFO - evaluation_engine.py:304 - Evaluation complete. Matched: 14, Missing: 3
2026-01-24 22:11:55 - hirelens - INFO - evaluation_engine.py:324 - Evaluation saved to C:\Users\sharo\HireLens\data\evaluations.json
2026-01-24 22:11:55 - hirelens - INFO - skill_gap_analyzer.py:172 - Analyzing skill gaps for resume 7e7f1274-5e6c-4ce2-904c-5da171e36ee8
2026-01-24 22:11:55 - hirelens - INFO - skill_gap_analyzer.py:205 - Skill gap analysis complete. Critical gaps: 3, Moderate gaps: 0, Weak areas: 0
2026-01-24 22:11:55 - hirelens - INFO - skill_gap_analyzer.py:228 - Skill gaps saved to C:\Users\sharo\HireLens\data\skill_gaps.json
2026-01-24 22:11:55 - hirelens - INFO - course_recommender.py:110 - Generating course recommendations for gap b16ba9dd-8571-438a-bad0-26bf1de8ba0c
2026-01-24 22:11:55 - hirelens - INFO - course_recommender.py:147 - Found 2 courses for Angular
2026-01-24 22:11:55 - hirelens - WARNING - course_recommender.py:90 - No courses found for skill: Documentation
2026-01-24 22:11:55 - hirelens - WARNING - course_recommender.py:90 - No courses found for skill: Vue
2026-01-24 22:11:55 - hirelens - INFO - course_recommender.py:149 - Generated recommendations for 1 skills
2026-01-24 22:11:55 - hirelens - INFO - course_recommender.py:172 - Recommendations saved to C:\Users\sharo\HireLens\data\recommendations.json
2026-01-24 22:11:55 - hirelens - INFO - feedback_generator.py:294 - Generating feedback for evaluation 69b4fe38-f2fb-42c7-bbf4-2cf1397b9d5b
2026-01-24 22:11:55 - hirelens - INFO - feedback_generator.py:313 - Feedback generated successfully
2026-01-24 22:11:55 - hirelens - INFO - feedback_generator.py:333 - Feedback saved to C:\Users\sharo\HireLens\data\feedback.json
2026-01-24 22:11:55 - hirelens - INFO - routes.py:201 - Evaluating resume: Candidate 11.pdf
2026-01-24 22:11:55 - hirelens - INFO - routes.py:205 - Parsing resume from C:\Users\sharo\HireLens\uploads\Candidate 11.pdf
2026-01-24 22:11:55 - hirelens - INFO - resume_parser.py:363 - Parsing resume: C:\Users\sharo\HireLens\uploads\Candidate 11.pdf
2026-01-24 22:11:55 - hirelens - INFO - resume_parser.py:416 - Resume parsed successfully. Found 20 skills
2026-01-24 22:11:55 - hirelens - INFO - resume_parser.py:436 - Resume saved to C:\Users\sharo\HireLens\data\parsed_resumes.json
2026-01-24 22:11:55 - hirelens - INFO - evaluation_engine.py:257 - Evaluating resume 60a2f953-c7e7-4bac-a9c7-2fa83792f9e5 against job 02ba4146-86fb-4f8b-9023-6859e7083a06
2026-01-24 22:11:55 - hirelens - INFO - evaluation_engine.py:267 - Calculating TF-IDF similarity...
2026-01-24 22:11:55 - hirelens - INFO - evaluation_engine.py:269 - TF-IDF score: 0.331
2026-01-24 22:11:55 - hirelens - INFO - evaluation_engine.py:271 - Calculating fuzzy skill match...
2026-01-24 22:11:55 - hirelens - INFO - evaluation_engine.py:273 - Fuzzy match score: 0.898
2026-01-24 22:11:55 - hirelens - INFO - evaluation_engine.py:275 - Calculating embedding similarity...
2026-01-24 22:11:55 - hirelens - INFO - evaluation_engine.py:277 - Embedding score: 0.839
2026-01-24 22:11:55 - hirelens - INFO - evaluation_engine.py:281 - Hybrid score: 70.43
2026-01-24 22:11:55 - hirelens - INFO - evaluation_engine.py:285 - Classification: Average Fit
2026-01-24 22:11:55 - hirelens - INFO - evaluation_engine.py:304 - Evaluation complete. Matched: 14, Missing: 3
2026-01-24 22:11:55 - hirelens - INFO - evaluation_engine.py:324 - Evaluation saved to C:\Users\sharo\HireLens\data\evaluations.json
2026-01-24 22:11:55 - hirelens - INFO - skill_gap_analyzer.py:172 - Analyzing skill gaps for resume 60a2f953-c7e7-4bac-a9c7-2fa83792f9e5
2026-01-24 22:11:55 - hirelens - INFO - skill_gap_analyzer.py:205 - Skill gap analysis complete. Critical gaps: 3, Moderate gaps: 0, Weak areas: 0
2026-01-24 22:11:55 - hirelens - INFO - skill_gap_analyzer.py:228 - Skill gaps saved to C:\Users\sharo\HireLens\data\skill_gaps.json
2026-01-24 22:11:55 - hirelens - INFO - course_recommender.py:110 - Generating course recommendations for gap 8d99d229-b88e-4bcb-aaa5-851d18f45110
2026-01-24 22:11:55 - hirelens - INFO - course_recommender.py:147 - Found 2 courses for Angular
2026-01-24 22:11:55 - hirelens - WARNING - course_recommender.py:90 - No courses found for skill: Documentation
2026-01-24 22:11:55 - hirelens - WARNING - course_recommender.py:90 - No courses found for skill: Vue
2026-01-24 22:11:55 - hirelens - INFO - course_recommender.py:149 - Generated recommendations for 1 skills
2026-01-24 22:11:55 - hirelens - INFO - course_recommender.py:172 - Recommendations saved to C:\Users\sharo\HireLens\data\recommendations.json
2026-01-24 22:11:55 - hirelens - INFO - feedback_generator.py:294 - Generating feedback for evaluation 24d15318-357c-4a9f-a559-2d8ad2ac73ff
2026-01-24 22:11:55 - hirelens - INFO - feedback_generator.py:313 - Feedback generated successfully
2026-01-24 22:11:55 - hirelens - INFO - feedback_generator.py:333 - Feedback saved to C:\Users\sharo\HireLens\data\feedback.json
2026-01-24 22:11:55 - hirelens - INFO - routes.py:201 - Evaluating resume: Candidate 12.pdf
2026-01-24 22:11:55 - hirelens - INFO - routes.py:205 - Parsing resume from C:\Users\sharo\HireLens\uploads\Candidate 12.pdf
2026-01-24 22:11:55 - hirelens - INFO - resume_parser.py:363 - Parsing resume: C:\Users\sharo\HireLens\uploads\Candidate 12.pdf
2026-01-24 22:11:55 - hirelens - ERROR - resume_parser.py:399 - Error extracting resume components: 2 validation errors for Education
degree
  Field required [type=missing, input_value={'year': '2026'}, input_type=dict]
    For further information visit https://errors.pydantic.dev/2.12/v/missing
institution
  Field required [type=missing, input_value={'year': '2026'}, input_type=dict]
    For further information visit https://errors.pydantic.dev/2.12/v/missing
2026-01-24 22:11:55 - hirelens - INFO - resume_parser.py:416 - Resume parsed successfully. Found 0 skills
2026-01-24 22:11:56 - hirelens - INFO - resume_parser.py:436 - Resume saved to C:\Users\sharo\HireLens\data\parsed_resumes.json
2026-01-24 22:11:56 - hirelens - INFO - evaluation_engine.py:257 - Evaluating resume a50e61a1-1924-4a24-8617-c95fcbb36a3c against job 02ba4146-86fb-4f8b-9023-6859e7083a06
2026-01-24 22:11:56 - hirelens - INFO - evaluation_engine.py:267 - Calculating TF-IDF similarity...
2026-01-24 22:11:56 - hirelens - INFO - evaluation_engine.py:269 - TF-IDF score: 0.050
2026-01-24 22:11:56 - hirelens - INFO - evaluation_engine.py:271 - Calculating fuzzy skill match...
2026-01-24 22:11:56 - hirelens - INFO - evaluation_engine.py:273 - Fuzzy match score: 0.000
2026-01-24 22:11:56 - hirelens - INFO - evaluation_engine.py:275 - Calculating embedding similarity...
2026-01-24 22:11:56 - hirelens - INFO - evaluation_engine.py:277 - Embedding score: 0.516
2026-01-24 22:11:56 - hirelens - INFO - evaluation_engine.py:281 - Hybrid score: 22.15
2026-01-24 22:11:56 - hirelens - INFO - evaluation_engine.py:285 - Classification: Not Fit
2026-01-24 22:11:56 - hirelens - INFO - evaluation_engine.py:304 - Evaluation complete. Matched: 0, Missing: 17
2026-01-24 22:11:56 - hirelens - INFO - evaluation_engine.py:324 - Evaluation saved to C:\Users\sharo\HireLens\data\evaluations.json
2026-01-24 22:11:56 - hirelens - INFO - skill_gap_analyzer.py:172 - Analyzing skill gaps for resume a50e61a1-1924-4a24-8617-c95fcbb36a3c
2026-01-24 22:11:56 - hirelens - INFO - skill_gap_analyzer.py:205 - Skill gap analysis complete. Critical gaps: 17, Moderate gaps: 0, Weak areas: 0
2026-01-24 22:11:56 - hirelens - INFO - skill_gap_analyzer.py:228 - Skill gaps saved to C:\Users\sharo\HireLens\data\skill_gaps.json
2026-01-24 22:11:56 - hirelens - INFO - course_recommender.py:110 - Generating course recommendations for gap ba414bc3-54c8-4050-8ef6-82f961668f8d
2026-01-24 22:11:56 - hirelens - WARNING - course_recommender.py:90 - No courses found for skill: AI
2026-01-24 22:11:56 - hirelens - INFO - course_recommender.py:147 - Found 2 courses for Angular
2026-01-24 22:11:56 - hirelens - WARNING - course_recommender.py:90 - No courses found for skill: CSS
2026-01-24 22:11:56 - hirelens - WARNING - course_recommender.py:90 - No courses found for skill: Documentation
2026-01-24 22:11:56 - hirelens - WARNING - course_recommender.py:90 - No courses found for skill: Firebase
2026-01-24 22:11:56 - hirelens - WARNING - course_recommender.py:90 - No courses found for skill: HTML
2026-01-24 22:11:56 - hirelens - INFO - course_recommender.py:147 - Found 3 courses for Java
2026-01-24 22:11:56 - hirelens - INFO - course_recommender.py:147 - Found 3 courses for Javascript
2026-01-24 22:11:56 - hirelens - WARNING - course_recommender.py:90 - No courses found for skill: Js
2026-01-24 22:11:56 - hirelens - WARNING - course_recommender.py:90 - No courses found for skill: Json
2026-01-24 22:11:56 - hirelens - INFO - course_recommender.py:147 - Found 2 courses for Mongodb
2026-01-24 22:11:56 - hirelens - WARNING - course_recommender.py:90 - No courses found for skill: Mysql
2026-01-24 22:11:56 - hirelens - WARNING - course_recommender.py:90 - No courses found for skill: Node
2026-01-24 22:11:56 - hirelens - INFO - course_recommender.py:147 - Found 2 courses for Node.Js
2026-01-24 22:11:56 - hirelens - INFO - course_recommender.py:147 - Found 3 courses for Python
2026-01-24 22:11:56 - hirelens - INFO - course_recommender.py:147 - Found 3 courses for React
2026-01-24 22:11:56 - hirelens - WARNING - course_recommender.py:90 - No courses found for skill: Vue
2026-01-24 22:11:56 - hirelens - INFO - course_recommender.py:149 - Generated recommendations for 7 skills
2026-01-24 22:11:56 - hirelens - INFO - course_recommender.py:172 - Recommendations saved to C:\Users\sharo\HireLens\data\recommendations.json
2026-01-24 22:11:56 - hirelens - INFO - feedback_generator.py:294 - Generating feedback for evaluation 5f461dbb-f8fb-4c9d-9b34-208eff96428f
2026-01-24 22:11:56 - hirelens - INFO - feedback_generator.py:313 - Feedback generated successfully
2026-01-24 22:11:56 - hirelens - INFO - feedback_generator.py:333 - Feedback saved to C:\Users\sharo\HireLens\data\feedback.json
2026-01-24 22:11:56 - hirelens - INFO - routes.py:201 - Evaluating resume: Candidate 13.pdf
2026-01-24 22:11:56 - hirelens - INFO - routes.py:205 - Parsing resume from C:\Users\sharo\HireLens\uploads\Candidate 13.pdf
2026-01-24 22:11:56 - hirelens - INFO - resume_parser.py:363 - Parsing resume: C:\Users\sharo\HireLens\uploads\Candidate 13.pdf
2026-01-24 22:11:56 - hirelens - INFO - resume_parser.py:416 - Resume parsed successfully. Found 20 skills
2026-01-24 22:11:56 - hirelens - INFO - resume_parser.py:436 - Resume saved to C:\Users\sharo\HireLens\data\parsed_resumes.json
2026-01-24 22:11:56 - hirelens - INFO - evaluation_engine.py:257 - Evaluating resume f6a7566e-573f-421f-8905-076c3f22052d against job 02ba4146-86fb-4f8b-9023-6859e7083a06
2026-01-24 22:11:56 - hirelens - INFO - evaluation_engine.py:267 - Calculating TF-IDF similarity...
2026-01-24 22:11:56 - hirelens - INFO - evaluation_engine.py:269 - TF-IDF score: 0.331
2026-01-24 22:11:56 - hirelens - INFO - evaluation_engine.py:271 - Calculating fuzzy skill match...
2026-01-24 22:11:56 - hirelens - INFO - evaluation_engine.py:273 - Fuzzy match score: 0.898
2026-01-24 22:11:56 - hirelens - INFO - evaluation_engine.py:275 - Calculating embedding similarity...
2026-01-24 22:11:56 - hirelens - INFO - evaluation_engine.py:277 - Embedding score: 0.835
2026-01-24 22:11:56 - hirelens - INFO - evaluation_engine.py:281 - Hybrid score: 70.27
2026-01-24 22:11:56 - hirelens - INFO - evaluation_engine.py:285 - Classification: Average Fit
2026-01-24 22:11:56 - hirelens - INFO - evaluation_engine.py:304 - Evaluation complete. Matched: 14, Missing: 3
2026-01-24 22:11:56 - hirelens - INFO - evaluation_engine.py:324 - Evaluation saved to C:\Users\sharo\HireLens\data\evaluations.json
2026-01-24 22:11:56 - hirelens - INFO - skill_gap_analyzer.py:172 - Analyzing skill gaps for resume f6a7566e-573f-421f-8905-076c3f22052d
2026-01-24 22:11:56 - hirelens - INFO - skill_gap_analyzer.py:205 - Skill gap analysis complete. Critical gaps: 3, Moderate gaps: 0, Weak areas: 0
2026-01-24 22:11:56 - hirelens - INFO - skill_gap_analyzer.py:228 - Skill gaps saved to C:\Users\sharo\HireLens\data\skill_gaps.json
2026-01-24 22:11:56 - hirelens - INFO - course_recommender.py:110 - Generating course recommendations for gap a5cc68af-50d0-40e2-a87e-2517f09c4b21
2026-01-24 22:11:56 - hirelens - INFO - course_recommender.py:147 - Found 2 courses for Angular
2026-01-24 22:11:56 - hirelens - WARNING - course_recommender.py:90 - No courses found for skill: Documentation
2026-01-24 22:11:56 - hirelens - WARNING - course_recommender.py:90 - No courses found for skill: Vue
2026-01-24 22:11:56 - hirelens - INFO - course_recommender.py:149 - Generated recommendations for 1 skills
2026-01-24 22:11:56 - hirelens - INFO - course_recommender.py:172 - Recommendations saved to C:\Users\sharo\HireLens\data\recommendations.json
2026-01-24 22:11:56 - hirelens - INFO - feedback_generator.py:294 - Generating feedback for evaluation 2798c0a0-0edd-4f9e-bf99-d2a9f961b8da
2026-01-24 22:11:56 - hirelens - INFO - feedback_generator.py:313 - Feedback generated successfully
2026-01-24 22:11:56 - hirelens - INFO - feedback_generator.py:333 - Feedback saved to C:\Users\sharo\HireLens\data\feedback.json
2026-01-24 22:11:56 - hirelens - INFO - routes.py:201 - Evaluating resume: Candidate 14.pdf
2026-01-24 22:11:56 - hirelens - INFO - routes.py:205 - Parsing resume from C:\Users\sharo\HireLens\uploads\Candidate 14.pdf
2026-01-24 22:11:56 - hirelens - INFO - resume_parser.py:363 - Parsing resume: C:\Users\sharo\HireLens\uploads\Candidate 14.pdf
2026-01-24 22:11:56 - hirelens - ERROR - resume_parser.py:399 - Error extracting resume components: 1 validation error for Education
institution
  Field required [type=missing, input_value={'degree': 'B.Tech CSE, 2025', 'year': '2025'}, input_type=dict]
    For further information visit https://errors.pydantic.dev/2.12/v/missing
2026-01-24 22:11:56 - hirelens - INFO - resume_parser.py:416 - Resume parsed successfully. Found 0 skills
2026-01-24 22:11:57 - hirelens - INFO - resume_parser.py:436 - Resume saved to C:\Users\sharo\HireLens\data\parsed_resumes.json
2026-01-24 22:11:57 - hirelens - INFO - evaluation_engine.py:257 - Evaluating resume c8c3f4ed-c286-450e-9c59-8d739d89145e against job 02ba4146-86fb-4f8b-9023-6859e7083a06
2026-01-24 22:11:57 - hirelens - INFO - evaluation_engine.py:267 - Calculating TF-IDF similarity...
2026-01-24 22:11:57 - hirelens - INFO - evaluation_engine.py:269 - TF-IDF score: 0.063
2026-01-24 22:11:57 - hirelens - INFO - evaluation_engine.py:271 - Calculating fuzzy skill match...
2026-01-24 22:11:57 - hirelens - INFO - evaluation_engine.py:273 - Fuzzy match score: 0.000
2026-01-24 22:11:57 - hirelens - INFO - evaluation_engine.py:275 - Calculating embedding similarity...
2026-01-24 22:11:57 - hirelens - INFO - evaluation_engine.py:277 - Embedding score: 0.623
2026-01-24 22:11:57 - hirelens - INFO - evaluation_engine.py:281 - Hybrid score: 26.78
2026-01-24 22:11:57 - hirelens - INFO - evaluation_engine.py:285 - Classification: Not Fit
2026-01-24 22:11:57 - hirelens - INFO - evaluation_engine.py:304 - Evaluation complete. Matched: 0, Missing: 17
2026-01-24 22:11:57 - hirelens - INFO - evaluation_engine.py:324 - Evaluation saved to C:\Users\sharo\HireLens\data\evaluations.json
2026-01-24 22:11:57 - hirelens - INFO - skill_gap_analyzer.py:172 - Analyzing skill gaps for resume c8c3f4ed-c286-450e-9c59-8d739d89145e
2026-01-24 22:11:57 - hirelens - INFO - skill_gap_analyzer.py:205 - Skill gap analysis complete. Critical gaps: 17, Moderate gaps: 0, Weak areas: 0
2026-01-24 22:11:57 - hirelens - INFO - skill_gap_analyzer.py:228 - Skill gaps saved to C:\Users\sharo\HireLens\data\skill_gaps.json
2026-01-24 22:11:57 - hirelens - INFO - course_recommender.py:110 - Generating course recommendations for gap c673e7bb-f729-455d-98ea-d6437cce2259
2026-01-24 22:11:57 - hirelens - WARNING - course_recommender.py:90 - No courses found for skill: AI
2026-01-24 22:11:57 - hirelens - INFO - course_recommender.py:147 - Found 2 courses for Angular
2026-01-24 22:11:57 - hirelens - WARNING - course_recommender.py:90 - No courses found for skill: CSS
2026-01-24 22:11:57 - hirelens - WARNING - course_recommender.py:90 - No courses found for skill: Documentation
2026-01-24 22:11:57 - hirelens - WARNING - course_recommender.py:90 - No courses found for skill: Firebase
2026-01-24 22:11:57 - hirelens - WARNING - course_recommender.py:90 - No courses found for skill: HTML
2026-01-24 22:11:57 - hirelens - INFO - course_recommender.py:147 - Found 3 courses for Java
2026-01-24 22:11:57 - hirelens - INFO - course_recommender.py:147 - Found 3 courses for Javascript
2026-01-24 22:11:57 - hirelens - WARNING - course_recommender.py:90 - No courses found for skill: Js
2026-01-24 22:11:57 - hirelens - WARNING - course_recommender.py:90 - No courses found for skill: Json
2026-01-24 22:11:57 - hirelens - INFO - course_recommender.py:147 - Found 2 courses for Mongodb
2026-01-24 22:11:57 - hirelens - WARNING - course_recommender.py:90 - No courses found for skill: Mysql
2026-01-24 22:11:57 - hirelens - WARNING - course_recommender.py:90 - No courses found for skill: Node
2026-01-24 22:11:57 - hirelens - INFO - course_recommender.py:147 - Found 2 courses for Node.Js
2026-01-24 22:11:57 - hirelens - INFO - course_recommender.py:147 - Found 3 courses for Python
2026-01-24 22:11:57 - hirelens - INFO - course_recommender.py:147 - Found 3 courses for React
2026-01-24 22:11:57 - hirelens - WARNING - course_recommender.py:90 - No courses found for skill: Vue
2026-01-24 22:11:57 - hirelens - INFO - course_recommender.py:149 - Generated recommendations for 7 skills
2026-01-24 22:11:57 - hirelens - INFO - course_recommender.py:172 - Recommendations saved to C:\Users\sharo\HireLens\data\recommendations.json
2026-01-24 22:11:57 - hirelens - INFO - feedback_generator.py:294 - Generating feedback for evaluation dd576e51-94b0-4750-8bf3-a48bc6285714
2026-01-24 22:11:57 - hirelens - INFO - feedback_generator.py:313 - Feedback generated successfully
2026-01-24 22:11:57 - hirelens - INFO - feedback_generator.py:333 - Feedback saved to C:\Users\sharo\HireLens\data\feedback.json
2026-01-24 22:11:57 - hirelens - INFO - routes.py:201 - Evaluating resume: Candidate 15.pdf
2026-01-24 22:11:57 - hirelens - INFO - routes.py:205 - Parsing resume from C:\Users\sharo\HireLens\uploads\Candidate 15.pdf
2026-01-24 22:11:57 - hirelens - INFO - resume_parser.py:363 - Parsing resume: C:\Users\sharo\HireLens\uploads\Candidate 15.pdf
2026-01-24 22:11:57 - hirelens - ERROR - resume_parser.py:399 - Error extracting resume components: 2 validation errors for Education
degree
  Field required [type=missing, input_value={'year': '2024'}, input_type=dict]
    For further information visit https://errors.pydantic.dev/2.12/v/missing
institution
  Field required [type=missing, input_value={'year': '2024'}, input_type=dict]
    For further information visit https://errors.pydantic.dev/2.12/v/missing
2026-01-24 22:11:57 - hirelens - INFO - resume_parser.py:416 - Resume parsed successfully. Found 0 skills
2026-01-24 22:11:57 - hirelens - INFO - resume_parser.py:436 - Resume saved to C:\Users\sharo\HireLens\data\parsed_resumes.json
2026-01-24 22:11:57 - hirelens - INFO - evaluation_engine.py:257 - Evaluating resume c31f19c2-bb1d-4123-b3ab-eb01f42cdd49 against job 02ba4146-86fb-4f8b-9023-6859e7083a06
2026-01-24 22:11:57 - hirelens - INFO - evaluation_engine.py:267 - Calculating TF-IDF similarity...
2026-01-24 22:11:57 - hirelens - INFO - evaluation_engine.py:269 - TF-IDF score: 0.027
2026-01-24 22:11:57 - hirelens - INFO - evaluation_engine.py:271 - Calculating fuzzy skill match...
2026-01-24 22:11:57 - hirelens - INFO - evaluation_engine.py:273 - Fuzzy match score: 0.000
2026-01-24 22:11:57 - hirelens - INFO - evaluation_engine.py:275 - Calculating embedding similarity...
2026-01-24 22:11:57 - hirelens - INFO - evaluation_engine.py:277 - Embedding score: 0.430
2026-01-24 22:11:57 - hirelens - INFO - evaluation_engine.py:281 - Hybrid score: 18.01
2026-01-24 22:11:57 - hirelens - INFO - evaluation_engine.py:285 - Classification: Not Fit
2026-01-24 22:11:57 - hirelens - INFO - evaluation_engine.py:304 - Evaluation complete. Matched: 0, Missing: 17
2026-01-24 22:11:57 - hirelens - INFO - evaluation_engine.py:324 - Evaluation saved to C:\Users\sharo\HireLens\data\evaluations.json
2026-01-24 22:11:57 - hirelens - INFO - skill_gap_analyzer.py:172 - Analyzing skill gaps for resume c31f19c2-bb1d-4123-b3ab-eb01f42cdd49
2026-01-24 22:11:57 - hirelens - INFO - skill_gap_analyzer.py:205 - Skill gap analysis complete. Critical gaps: 17, Moderate gaps: 0, Weak areas: 0
2026-01-24 22:11:57 - hirelens - INFO - skill_gap_analyzer.py:228 - Skill gaps saved to C:\Users\sharo\HireLens\data\skill_gaps.json
2026-01-24 22:11:57 - hirelens - INFO - course_recommender.py:110 - Generating course recommendations for gap c7574ad0-e752-4168-a17b-90601718c764
2026-01-24 22:11:57 - hirelens - WARNING - course_recommender.py:90 - No courses found for skill: AI
2026-01-24 22:11:57 - hirelens - INFO - course_recommender.py:147 - Found 2 courses for Angular
2026-01-24 22:11:57 - hirelens - WARNING - course_recommender.py:90 - No courses found for skill: CSS
2026-01-24 22:11:57 - hirelens - WARNING - course_recommender.py:90 - No courses found for skill: Documentation
2026-01-24 22:11:57 - hirelens - WARNING - course_recommender.py:90 - No courses found for skill: Firebase
2026-01-24 22:11:57 - hirelens - WARNING - course_recommender.py:90 - No courses found for skill: HTML
2026-01-24 22:11:57 - hirelens - INFO - course_recommender.py:147 - Found 3 courses for Java
2026-01-24 22:11:57 - hirelens - INFO - course_recommender.py:147 - Found 3 courses for Javascript
2026-01-24 22:11:57 - hirelens - WARNING - course_recommender.py:90 - No courses found for skill: Js
2026-01-24 22:11:57 - hirelens - WARNING - course_recommender.py:90 - No courses found for skill: Json
2026-01-24 22:11:57 - hirelens - INFO - course_recommender.py:147 - Found 2 courses for Mongodb
2026-01-24 22:11:57 - hirelens - WARNING - course_recommender.py:90 - No courses found for skill: Mysql
2026-01-24 22:11:57 - hirelens - WARNING - course_recommender.py:90 - No courses found for skill: Node
2026-01-24 22:11:57 - hirelens - INFO - course_recommender.py:147 - Found 2 courses for Node.Js
2026-01-24 22:11:57 - hirelens - INFO - course_recommender.py:147 - Found 3 courses for Python
2026-01-24 22:11:57 - hirelens - INFO - course_recommender.py:147 - Found 3 courses for React
2026-01-24 22:11:57 - hirelens - WARNING - course_recommender.py:90 - No courses found for skill: Vue
2026-01-24 22:11:57 - hirelens - INFO - course_recommender.py:149 - Generated recommendations for 7 skills
2026-01-24 22:11:57 - hirelens - INFO - course_recommender.py:172 - Recommendations saved to C:\Users\sharo\HireLens\data\recommendations.json
2026-01-24 22:11:57 - hirelens - INFO - feedback_generator.py:294 - Generating feedback for evaluation 02150ec2-be43-47c0-b097-dc91b175ef58
2026-01-24 22:11:57 - hirelens - INFO - feedback_generator.py:313 - Feedback generated successfully
2026-01-24 22:11:57 - hirelens - INFO - feedback_generator.py:333 - Feedback saved to C:\Users\sharo\HireLens\data\feedback.json
2026-01-24 22:11:57 - hirelens - INFO - routes.py:201 - Evaluating resume: Candidate 16.pdf
2026-01-24 22:11:57 - hirelens - INFO - routes.py:205 - Parsing resume from C:\Users\sharo\HireLens\uploads\Candidate 16.pdf
2026-01-24 22:11:57 - hirelens - INFO - resume_parser.py:363 - Parsing resume: C:\Users\sharo\HireLens\uploads\Candidate 16.pdf
2026-01-24 22:11:58 - hirelens - INFO - resume_parser.py:416 - Resume parsed successfully. Found 20 skills
2026-01-24 22:11:58 - hirelens - INFO - resume_parser.py:436 - Resume saved to C:\Users\sharo\HireLens\data\parsed_resumes.json
2026-01-24 22:11:58 - hirelens - INFO - evaluation_engine.py:257 - Evaluating resume 8069c007-c87f-49a5-ae83-b1a9513461b4 against job 02ba4146-86fb-4f8b-9023-6859e7083a06
2026-01-24 22:11:58 - hirelens - INFO - evaluation_engine.py:267 - Calculating TF-IDF similarity...
2026-01-24 22:11:58 - hirelens - INFO - evaluation_engine.py:269 - TF-IDF score: 0.331
2026-01-24 22:11:58 - hirelens - INFO - evaluation_engine.py:271 - Calculating fuzzy skill match...
2026-01-24 22:11:58 - hirelens - INFO - evaluation_engine.py:273 - Fuzzy match score: 0.898
2026-01-24 22:11:58 - hirelens - INFO - evaluation_engine.py:275 - Calculating embedding similarity...
2026-01-24 22:11:58 - hirelens - INFO - evaluation_engine.py:277 - Embedding score: 0.830
2026-01-24 22:11:58 - hirelens - INFO - evaluation_engine.py:281 - Hybrid score: 70.10
2026-01-24 22:11:58 - hirelens - INFO - evaluation_engine.py:285 - Classification: Average Fit
2026-01-24 22:11:58 - hirelens - INFO - evaluation_engine.py:304 - Evaluation complete. Matched: 14, Missing: 3
2026-01-24 22:11:58 - hirelens - INFO - evaluation_engine.py:324 - Evaluation saved to C:\Users\sharo\HireLens\data\evaluations.json
2026-01-24 22:11:58 - hirelens - INFO - skill_gap_analyzer.py:172 - Analyzing skill gaps for resume 8069c007-c87f-49a5-ae83-b1a9513461b4
2026-01-24 22:11:58 - hirelens - INFO - skill_gap_analyzer.py:205 - Skill gap analysis complete. Critical gaps: 3, Moderate gaps: 0, Weak areas: 0
2026-01-24 22:11:58 - hirelens - INFO - skill_gap_analyzer.py:228 - Skill gaps saved to C:\Users\sharo\HireLens\data\skill_gaps.json
2026-01-24 22:11:58 - hirelens - INFO - course_recommender.py:110 - Generating course recommendations for gap ce49bbc6-cb78-48a5-a94b-562d8b2ef2ba
2026-01-24 22:11:58 - hirelens - INFO - course_recommender.py:147 - Found 2 courses for Angular
2026-01-24 22:11:58 - hirelens - WARNING - course_recommender.py:90 - No courses found for skill: Documentation
2026-01-24 22:11:58 - hirelens - WARNING - course_recommender.py:90 - No courses found for skill: Vue
2026-01-24 22:11:58 - hirelens - INFO - course_recommender.py:149 - Generated recommendations for 1 skills
2026-01-24 22:11:58 - hirelens - INFO - course_recommender.py:172 - Recommendations saved to C:\Users\sharo\HireLens\data\recommendations.json
2026-01-24 22:11:58 - hirelens - INFO - feedback_generator.py:294 - Generating feedback for evaluation 5cade8c3-fa77-4ec3-83b1-ed170c62da4c
2026-01-24 22:11:58 - hirelens - INFO - feedback_generator.py:313 - Feedback generated successfully
2026-01-24 22:11:58 - hirelens - INFO - feedback_generator.py:333 - Feedback saved to C:\Users\sharo\HireLens\data\feedback.json
2026-01-24 22:11:58 - hirelens - INFO - routes.py:201 - Evaluating resume: Candidate 17.pdf
2026-01-24 22:11:58 - hirelens - INFO - routes.py:205 - Parsing resume from C:\Users\sharo\HireLens\uploads\Candidate 17.pdf
2026-01-24 22:11:58 - hirelens - INFO - resume_parser.py:363 - Parsing resume: C:\Users\sharo\HireLens\uploads\Candidate 17.pdf
2026-01-24 22:11:58 - hirelens - INFO - resume_parser.py:416 - Resume parsed successfully. Found 20 skills
2026-01-24 22:11:58 - hirelens - INFO - resume_parser.py:436 - Resume saved to C:\Users\sharo\HireLens\data\parsed_resumes.json
2026-01-24 22:11:58 - hirelens - INFO - evaluation_engine.py:257 - Evaluating resume 55826822-aafa-453c-a1b7-bc8ab3f03760 against job 02ba4146-86fb-4f8b-9023-6859e7083a06
2026-01-24 22:11:58 - hirelens - INFO - evaluation_engine.py:267 - Calculating TF-IDF similarity...
2026-01-24 22:11:58 - hirelens - INFO - evaluation_engine.py:269 - TF-IDF score: 0.331
2026-01-24 22:11:58 - hirelens - INFO - evaluation_engine.py:271 - Calculating fuzzy skill match...
2026-01-24 22:11:58 - hirelens - INFO - evaluation_engine.py:273 - Fuzzy match score: 0.898
2026-01-24 22:11:58 - hirelens - INFO - evaluation_engine.py:275 - Calculating embedding similarity...
2026-01-24 22:11:58 - hirelens - INFO - evaluation_engine.py:277 - Embedding score: 0.807
2026-01-24 22:11:58 - hirelens - INFO - evaluation_engine.py:281 - Hybrid score: 69.18
2026-01-24 22:11:58 - hirelens - INFO - evaluation_engine.py:285 - Classification: Average Fit
2026-01-24 22:11:58 - hirelens - INFO - evaluation_engine.py:304 - Evaluation complete. Matched: 14, Missing: 3
2026-01-24 22:11:58 - hirelens - INFO - evaluation_engine.py:324 - Evaluation saved to C:\Users\sharo\HireLens\data\evaluations.json
2026-01-24 22:11:58 - hirelens - INFO - skill_gap_analyzer.py:172 - Analyzing skill gaps for resume 55826822-aafa-453c-a1b7-bc8ab3f03760
2026-01-24 22:11:58 - hirelens - INFO - skill_gap_analyzer.py:205 - Skill gap analysis complete. Critical gaps: 3, Moderate gaps: 0, Weak areas: 0
2026-01-24 22:11:58 - hirelens - INFO - skill_gap_analyzer.py:228 - Skill gaps saved to C:\Users\sharo\HireLens\data\skill_gaps.json
2026-01-24 22:11:58 - hirelens - INFO - course_recommender.py:110 - Generating course recommendations for gap 3c268d9b-f199-45dd-8abb-caf462a5156c
2026-01-24 22:11:58 - hirelens - INFO - course_recommender.py:147 - Found 2 courses for Angular
2026-01-24 22:11:58 - hirelens - WARNING - course_recommender.py:90 - No courses found for skill: Documentation
2026-01-24 22:11:58 - hirelens - WARNING - course_recommender.py:90 - No courses found for skill: Vue
2026-01-24 22:11:58 - hirelens - INFO - course_recommender.py:149 - Generated recommendations for 1 skills
2026-01-24 22:11:58 - hirelens - INFO - course_recommender.py:172 - Recommendations saved to C:\Users\sharo\HireLens\data\recommendations.json
2026-01-24 22:11:58 - hirelens - INFO - feedback_generator.py:294 - Generating feedback for evaluation 38584489-ec1a-40b5-ab45-27d24ce69756
2026-01-24 22:11:58 - hirelens - INFO - feedback_generator.py:313 - Feedback generated successfully
2026-01-24 22:11:58 - hirelens - INFO - feedback_generator.py:333 - Feedback saved to C:\Users\sharo\HireLens\data\feedback.json
2026-01-24 22:11:58 - hirelens - INFO - routes.py:201 - Evaluating resume: Candidate 18.pdf
2026-01-24 22:11:58 - hirelens - INFO - routes.py:205 - Parsing resume from C:\Users\sharo\HireLens\uploads\Candidate 18.pdf
2026-01-24 22:11:58 - hirelens - INFO - resume_parser.py:363 - Parsing resume: C:\Users\sharo\HireLens\uploads\Candidate 18.pdf
2026-01-24 22:11:59 - hirelens - ERROR - resume_parser.py:399 - Error extracting resume components: 2 validation errors for Education
degree
  Field required [type=missing, input_value={'year': '2025'}, input_type=dict]
    For further information visit https://errors.pydantic.dev/2.12/v/missing
institution
  Field required [type=missing, input_value={'year': '2025'}, input_type=dict]
    For further information visit https://errors.pydantic.dev/2.12/v/missing
2026-01-24 22:11:59 - hirelens - INFO - resume_parser.py:416 - Resume parsed successfully. Found 0 skills
2026-01-24 22:11:59 - hirelens - INFO - resume_parser.py:436 - Resume saved to C:\Users\sharo\HireLens\data\parsed_resumes.json
2026-01-24 22:11:59 - hirelens - INFO - evaluation_engine.py:257 - Evaluating resume 6bea0831-de7e-4c0a-82ae-ede29c7fd5c5 against job 02ba4146-86fb-4f8b-9023-6859e7083a06
2026-01-24 22:11:59 - hirelens - INFO - evaluation_engine.py:267 - Calculating TF-IDF similarity...
2026-01-24 22:11:59 - hirelens - INFO - evaluation_engine.py:269 - TF-IDF score: 0.028
2026-01-24 22:11:59 - hirelens - INFO - evaluation_engine.py:271 - Calculating fuzzy skill match...
2026-01-24 22:11:59 - hirelens - INFO - evaluation_engine.py:273 - Fuzzy match score: 0.000
2026-01-24 22:11:59 - hirelens - INFO - evaluation_engine.py:275 - Calculating embedding similarity...
2026-01-24 22:11:59 - hirelens - INFO - evaluation_engine.py:277 - Embedding score: 0.365
2026-01-24 22:11:59 - hirelens - INFO - evaluation_engine.py:281 - Hybrid score: 15.47
2026-01-24 22:11:59 - hirelens - INFO - evaluation_engine.py:285 - Classification: Not Fit
2026-01-24 22:11:59 - hirelens - INFO - evaluation_engine.py:304 - Evaluation complete. Matched: 0, Missing: 17
2026-01-24 22:11:59 - hirelens - INFO - evaluation_engine.py:324 - Evaluation saved to C:\Users\sharo\HireLens\data\evaluations.json
2026-01-24 22:11:59 - hirelens - INFO - skill_gap_analyzer.py:172 - Analyzing skill gaps for resume 6bea0831-de7e-4c0a-82ae-ede29c7fd5c5
2026-01-24 22:11:59 - hirelens - INFO - skill_gap_analyzer.py:205 - Skill gap analysis complete. Critical gaps: 17, Moderate gaps: 0, Weak areas: 0
2026-01-24 22:11:59 - hirelens - INFO - skill_gap_analyzer.py:228 - Skill gaps saved to C:\Users\sharo\HireLens\data\skill_gaps.json
2026-01-24 22:11:59 - hirelens - INFO - course_recommender.py:110 - Generating course recommendations for gap d59c80a3-d73b-45dc-8a62-42bdaec89cbc
2026-01-24 22:11:59 - hirelens - WARNING - course_recommender.py:90 - No courses found for skill: AI
2026-01-24 22:11:59 - hirelens - INFO - course_recommender.py:147 - Found 2 courses for Angular
2026-01-24 22:11:59 - hirelens - WARNING - course_recommender.py:90 - No courses found for skill: CSS
2026-01-24 22:11:59 - hirelens - WARNING - course_recommender.py:90 - No courses found for skill: Documentation
2026-01-24 22:11:59 - hirelens - WARNING - course_recommender.py:90 - No courses found for skill: Firebase
2026-01-24 22:11:59 - hirelens - WARNING - course_recommender.py:90 - No courses found for skill: HTML
2026-01-24 22:11:59 - hirelens - INFO - course_recommender.py:147 - Found 3 courses for Java
2026-01-24 22:11:59 - hirelens - INFO - course_recommender.py:147 - Found 3 courses for Javascript
2026-01-24 22:11:59 - hirelens - WARNING - course_recommender.py:90 - No courses found for skill: Js
2026-01-24 22:11:59 - hirelens - WARNING - course_recommender.py:90 - No courses found for skill: Json
2026-01-24 22:11:59 - hirelens - INFO - course_recommender.py:147 - Found 2 courses for Mongodb
2026-01-24 22:11:59 - hirelens - WARNING - course_recommender.py:90 - No courses found for skill: Mysql
2026-01-24 22:11:59 - hirelens - WARNING - course_recommender.py:90 - No courses found for skill: Node
2026-01-24 22:11:59 - hirelens - INFO - course_recommender.py:147 - Found 2 courses for Node.Js
2026-01-24 22:11:59 - hirelens - INFO - course_recommender.py:147 - Found 3 courses for Python
2026-01-24 22:11:59 - hirelens - INFO - course_recommender.py:147 - Found 3 courses for React
2026-01-24 22:11:59 - hirelens - WARNING - course_recommender.py:90 - No courses found for skill: Vue
2026-01-24 22:11:59 - hirelens - INFO - course_recommender.py:149 - Generated recommendations for 7 skills
2026-01-24 22:11:59 - hirelens - INFO - course_recommender.py:172 - Recommendations saved to C:\Users\sharo\HireLens\data\recommendations.json
2026-01-24 22:11:59 - hirelens - INFO - feedback_generator.py:294 - Generating feedback for evaluation bddfdd95-9a42-4a0c-85e3-34c312cc5060
2026-01-24 22:11:59 - hirelens - INFO - feedback_generator.py:313 - Feedback generated successfully
2026-01-24 22:11:59 - hirelens - INFO - feedback_generator.py:333 - Feedback saved to C:\Users\sharo\HireLens\data\feedback.json
2026-01-24 22:11:59 - hirelens - INFO - routes.py:201 - Evaluating resume: Candidate 19.pdf
2026-01-24 22:11:59 - hirelens - INFO - routes.py:205 - Parsing resume from C:\Users\sharo\HireLens\uploads\Candidate 19.pdf
2026-01-24 22:11:59 - hirelens - INFO - resume_parser.py:363 - Parsing resume: C:\Users\sharo\HireLens\uploads\Candidate 19.pdf
2026-01-24 22:11:59 - hirelens - INFO - resume_parser.py:416 - Resume parsed successfully. Found 20 skills
2026-01-24 22:11:59 - hirelens - INFO - resume_parser.py:436 - Resume saved to C:\Users\sharo\HireLens\data\parsed_resumes.json
2026-01-24 22:11:59 - hirelens - INFO - evaluation_engine.py:257 - Evaluating resume 113cbb5c-2533-414c-abbc-4b057d0fc60f against job 02ba4146-86fb-4f8b-9023-6859e7083a06
2026-01-24 22:11:59 - hirelens - INFO - evaluation_engine.py:267 - Calculating TF-IDF similarity...
2026-01-24 22:11:59 - hirelens - INFO - evaluation_engine.py:269 - TF-IDF score: 0.331
2026-01-24 22:11:59 - hirelens - INFO - evaluation_engine.py:271 - Calculating fuzzy skill match...
2026-01-24 22:11:59 - hirelens - INFO - evaluation_engine.py:273 - Fuzzy match score: 0.898
2026-01-24 22:11:59 - hirelens - INFO - evaluation_engine.py:275 - Calculating embedding similarity...
2026-01-24 22:11:59 - hirelens - INFO - evaluation_engine.py:277 - Embedding score: 0.821
2026-01-24 22:11:59 - hirelens - INFO - evaluation_engine.py:281 - Hybrid score: 69.71
2026-01-24 22:11:59 - hirelens - INFO - evaluation_engine.py:285 - Classification: Average Fit
2026-01-24 22:11:59 - hirelens - INFO - evaluation_engine.py:304 - Evaluation complete. Matched: 14, Missing: 3
2026-01-24 22:11:59 - hirelens - INFO - evaluation_engine.py:324 - Evaluation saved to C:\Users\sharo\HireLens\data\evaluations.json
2026-01-24 22:11:59 - hirelens - INFO - skill_gap_analyzer.py:172 - Analyzing skill gaps for resume 113cbb5c-2533-414c-abbc-4b057d0fc60f
2026-01-24 22:11:59 - hirelens - INFO - skill_gap_analyzer.py:205 - Skill gap analysis complete. Critical gaps: 3, Moderate gaps: 0, Weak areas: 0
2026-01-24 22:11:59 - hirelens - INFO - skill_gap_analyzer.py:228 - Skill gaps saved to C:\Users\sharo\HireLens\data\skill_gaps.json
2026-01-24 22:11:59 - hirelens - INFO - course_recommender.py:110 - Generating course recommendations for gap d36c8ce8-1959-436f-ad5a-3d3542dacf5e
2026-01-24 22:11:59 - hirelens - INFO - course_recommender.py:147 - Found 2 courses for Angular
2026-01-24 22:11:59 - hirelens - WARNING - course_recommender.py:90 - No courses found for skill: Documentation
2026-01-24 22:11:59 - hirelens - WARNING - course_recommender.py:90 - No courses found for skill: Vue
2026-01-24 22:11:59 - hirelens - INFO - course_recommender.py:149 - Generated recommendations for 1 skills
2026-01-24 22:11:59 - hirelens - INFO - course_recommender.py:172 - Recommendations saved to C:\Users\sharo\HireLens\data\recommendations.json
2026-01-24 22:11:59 - hirelens - INFO - feedback_generator.py:294 - Generating feedback for evaluation b5506041-6d05-4170-b93f-2f55723548d3
2026-01-24 22:11:59 - hirelens - INFO - feedback_generator.py:313 - Feedback generated successfully
2026-01-24 22:11:59 - hirelens - INFO - feedback_generator.py:333 - Feedback saved to C:\Users\sharo\HireLens\data\feedback.json
2026-01-24 22:11:59 - hirelens - INFO - routes.py:201 - Evaluating resume: Candidate 20.pdf
2026-01-24 22:11:59 - hirelens - INFO - routes.py:205 - Parsing resume from C:\Users\sharo\HireLens\uploads\Candidate 20.pdf
2026-01-24 22:11:59 - hirelens - INFO - resume_parser.py:363 - Parsing resume: C:\Users\sharo\HireLens\uploads\Candidate 20.pdf
2026-01-24 22:12:00 - hirelens - ERROR - resume_parser.py:399 - Error extracting resume components: 2 validation errors for Education
degree
  Field required [type=missing, input_value={'year': '2026'}, input_type=dict]
    For further information visit https://errors.pydantic.dev/2.12/v/missing
institution
  Field required [type=missing, input_value={'year': '2026'}, input_type=dict]
    For further information visit https://errors.pydantic.dev/2.12/v/missing
2026-01-24 22:12:00 - hirelens - INFO - resume_parser.py:416 - Resume parsed successfully. Found 0 skills
2026-01-24 22:12:00 - hirelens - INFO - resume_parser.py:436 - Resume saved to C:\Users\sharo\HireLens\data\parsed_resumes.json
2026-01-24 22:12:00 - hirelens - INFO - evaluation_engine.py:257 - Evaluating resume ed9a9bfe-c615-4f9f-919d-ad01a1fe8057 against job 02ba4146-86fb-4f8b-9023-6859e7083a06
2026-01-24 22:12:00 - hirelens - INFO - evaluation_engine.py:267 - Calculating TF-IDF similarity...
2026-01-24 22:12:00 - hirelens - INFO - evaluation_engine.py:269 - TF-IDF score: 0.045
2026-01-24 22:12:00 - hirelens - INFO - evaluation_engine.py:271 - Calculating fuzzy skill match...
2026-01-24 22:12:00 - hirelens - INFO - evaluation_engine.py:273 - Fuzzy match score: 0.000
2026-01-24 22:12:00 - hirelens - INFO - evaluation_engine.py:275 - Calculating embedding similarity...
2026-01-24 22:12:00 - hirelens - INFO - evaluation_engine.py:277 - Embedding score: 0.541
2026-01-24 22:12:00 - hirelens - INFO - evaluation_engine.py:281 - Hybrid score: 22.98
2026-01-24 22:12:00 - hirelens - INFO - evaluation_engine.py:285 - Classification: Not Fit
2026-01-24 22:12:00 - hirelens - INFO - evaluation_engine.py:304 - Evaluation complete. Matched: 0, Missing: 17
2026-01-24 22:12:00 - hirelens - INFO - evaluation_engine.py:324 - Evaluation saved to C:\Users\sharo\HireLens\data\evaluations.json
2026-01-24 22:12:00 - hirelens - INFO - skill_gap_analyzer.py:172 - Analyzing skill gaps for resume ed9a9bfe-c615-4f9f-919d-ad01a1fe8057
2026-01-24 22:12:00 - hirelens - INFO - skill_gap_analyzer.py:205 - Skill gap analysis complete. Critical gaps: 17, Moderate gaps: 0, Weak areas: 0
2026-01-24 22:12:00 - hirelens - INFO - skill_gap_analyzer.py:228 - Skill gaps saved to C:\Users\sharo\HireLens\data\skill_gaps.json
2026-01-24 22:12:00 - hirelens - INFO - course_recommender.py:110 - Generating course recommendations for gap 90663566-7fb0-4347-81fc-291f594841eb
2026-01-24 22:12:00 - hirelens - WARNING - course_recommender.py:90 - No courses found for skill: AI
2026-01-24 22:12:00 - hirelens - INFO - course_recommender.py:147 - Found 2 courses for Angular
2026-01-24 22:12:00 - hirelens - WARNING - course_recommender.py:90 - No courses found for skill: CSS
2026-01-24 22:12:00 - hirelens - WARNING - course_recommender.py:90 - No courses found for skill: Documentation
2026-01-24 22:12:00 - hirelens - WARNING - course_recommender.py:90 - No courses found for skill: Firebase
2026-01-24 22:12:00 - hirelens - WARNING - course_recommender.py:90 - No courses found for skill: HTML
2026-01-24 22:12:00 - hirelens - INFO - course_recommender.py:147 - Found 3 courses for Java
2026-01-24 22:12:00 - hirelens - INFO - course_recommender.py:147 - Found 3 courses for Javascript
2026-01-24 22:12:00 - hirelens - WARNING - course_recommender.py:90 - No courses found for skill: Js
2026-01-24 22:12:00 - hirelens - WARNING - course_recommender.py:90 - No courses found for skill: Json
2026-01-24 22:12:00 - hirelens - INFO - course_recommender.py:147 - Found 2 courses for Mongodb
2026-01-24 22:12:00 - hirelens - WARNING - course_recommender.py:90 - No courses found for skill: Mysql
2026-01-24 22:12:00 - hirelens - WARNING - course_recommender.py:90 - No courses found for skill: Node
2026-01-24 22:12:00 - hirelens - INFO - course_recommender.py:147 - Found 2 courses for Node.Js
2026-01-24 22:12:00 - hirelens - INFO - course_recommender.py:147 - Found 3 courses for Python
2026-01-24 22:12:00 - hirelens - INFO - course_recommender.py:147 - Found 3 courses for React
2026-01-24 22:12:00 - hirelens - WARNING - course_recommender.py:90 - No courses found for skill: Vue
2026-01-24 22:12:00 - hirelens - INFO - course_recommender.py:149 - Generated recommendations for 7 skills
2026-01-24 22:12:00 - hirelens - INFO - course_recommender.py:172 - Recommendations saved to C:\Users\sharo\HireLens\data\recommendations.json
2026-01-24 22:12:00 - hirelens - INFO - feedback_generator.py:294 - Generating feedback for evaluation 54a2bd80-21db-4748-b0c4-fe9215214700
2026-01-24 22:12:00 - hirelens - INFO - feedback_generator.py:313 - Feedback generated successfully
2026-01-24 22:12:00 - hirelens - INFO - feedback_generator.py:333 - Feedback saved to C:\Users\sharo\HireLens\data\feedback.json
2026-01-24 22:12:00 - hirelens - INFO - routes.py:251 - Batch evaluation complete. Evaluated 20 resumes, avg score: 46.28
2026-01-24 22:14:38 - hirelens - INFO - routes.py:39 - Uploading resume: Candidate 1.pdf
2026-01-24 22:14:38 - hirelens - INFO - routes.py:55 - File saved to C:\Users\sharo\HireLens\uploads\Candidate 1.pdf
2026-01-24 22:14:38 - hirelens - INFO - resume_parser.py:363 - Parsing resume: C:\Users\sharo\HireLens\uploads\Candidate 1.pdf
2026-01-24 22:14:39 - hirelens - ERROR - resume_parser.py:399 - Error extracting resume components: 2 validation errors for Education
degree
  Field required [type=missing, input_value={'year': '2026'}, input_type=dict]
    For further information visit https://errors.pydantic.dev/2.12/v/missing
institution
  Field required [type=missing, input_value={'year': '2026'}, input_type=dict]
    For further information visit https://errors.pydantic.dev/2.12/v/missing
2026-01-24 22:14:39 - hirelens - INFO - resume_parser.py:416 - Resume parsed successfully. Found 0 skills
2026-01-24 22:14:39 - hirelens - INFO - resume_parser.py:436 - Resume saved to C:\Users\sharo\HireLens\data\parsed_resumes.json
2026-01-24 22:14:39 - hirelens - INFO - routes.py:39 - Uploading resume: Candidate 2.pdf
2026-01-24 22:14:39 - hirelens - INFO - routes.py:55 - File saved to C:\Users\sharo\HireLens\uploads\Candidate 2.pdf
2026-01-24 22:14:39 - hirelens - INFO - resume_parser.py:363 - Parsing resume: C:\Users\sharo\HireLens\uploads\Candidate 2.pdf
2026-01-24 22:14:39 - hirelens - INFO - resume_parser.py:416 - Resume parsed successfully. Found 20 skills
2026-01-24 22:14:39 - hirelens - INFO - resume_parser.py:436 - Resume saved to C:\Users\sharo\HireLens\data\parsed_resumes.json
2026-01-24 22:14:39 - hirelens - INFO - routes.py:39 - Uploading resume: Candidate 3.pdf
2026-01-24 22:14:39 - hirelens - INFO - routes.py:55 - File saved to C:\Users\sharo\HireLens\uploads\Candidate 3.pdf
2026-01-24 22:14:39 - hirelens - INFO - resume_parser.py:363 - Parsing resume: C:\Users\sharo\HireLens\uploads\Candidate 3.pdf
2026-01-24 22:14:39 - hirelens - ERROR - resume_parser.py:399 - Error extracting resume components: 2 validation errors for Education
degree
  Field required [type=missing, input_value={'year': '2025'}, input_type=dict]
    For further information visit https://errors.pydantic.dev/2.12/v/missing
institution
  Field required [type=missing, input_value={'year': '2025'}, input_type=dict]
    For further information visit https://errors.pydantic.dev/2.12/v/missing
2026-01-24 22:14:39 - hirelens - INFO - resume_parser.py:416 - Resume parsed successfully. Found 0 skills
2026-01-24 22:14:39 - hirelens - INFO - resume_parser.py:436 - Resume saved to C:\Users\sharo\HireLens\data\parsed_resumes.json
2026-01-24 22:14:39 - hirelens - INFO - routes.py:39 - Uploading resume: Candidate 4.pdf
2026-01-24 22:14:39 - hirelens - INFO - routes.py:55 - File saved to C:\Users\sharo\HireLens\uploads\Candidate 4.pdf
2026-01-24 22:14:39 - hirelens - INFO - resume_parser.py:363 - Parsing resume: C:\Users\sharo\HireLens\uploads\Candidate 4.pdf
2026-01-24 22:14:39 - hirelens - INFO - resume_parser.py:416 - Resume parsed successfully. Found 21 skills
2026-01-24 22:14:39 - hirelens - INFO - resume_parser.py:436 - Resume saved to C:\Users\sharo\HireLens\data\parsed_resumes.json
2026-01-24 22:14:39 - hirelens - INFO - routes.py:39 - Uploading resume: Candidate 5.pdf
2026-01-24 22:14:39 - hirelens - INFO - routes.py:55 - File saved to C:\Users\sharo\HireLens\uploads\Candidate 5.pdf
2026-01-24 22:14:39 - hirelens - INFO - resume_parser.py:363 - Parsing resume: C:\Users\sharo\HireLens\uploads\Candidate 5.pdf
2026-01-24 22:14:39 - hirelens - ERROR - resume_parser.py:399 - Error extracting resume components: 1 validation error for Education
institution
  Field required [type=missing, input_value={'degree': 'B.Tech IT, 2026', 'year': '2026'}, input_type=dict]
    For further information visit https://errors.pydantic.dev/2.12/v/missing
2026-01-24 22:14:39 - hirelens - INFO - resume_parser.py:416 - Resume parsed successfully. Found 0 skills
2026-01-24 22:14:39 - hirelens - INFO - resume_parser.py:436 - Resume saved to C:\Users\sharo\HireLens\data\parsed_resumes.json
2026-01-24 22:14:39 - hirelens - INFO - routes.py:39 - Uploading resume: Candidate 6.pdf
2026-01-24 22:14:39 - hirelens - INFO - routes.py:55 - File saved to C:\Users\sharo\HireLens\uploads\Candidate 6.pdf
2026-01-24 22:14:39 - hirelens - INFO - resume_parser.py:363 - Parsing resume: C:\Users\sharo\HireLens\uploads\Candidate 6.pdf
2026-01-24 22:14:39 - hirelens - INFO - resume_parser.py:416 - Resume parsed successfully. Found 20 skills
2026-01-24 22:14:40 - hirelens - INFO - resume_parser.py:436 - Resume saved to C:\Users\sharo\HireLens\data\parsed_resumes.json
2026-01-24 22:14:40 - hirelens - INFO - routes.py:39 - Uploading resume: Candidate 7.pdf
2026-01-24 22:14:40 - hirelens - INFO - routes.py:55 - File saved to C:\Users\sharo\HireLens\uploads\Candidate 7.pdf
2026-01-24 22:14:40 - hirelens - INFO - resume_parser.py:363 - Parsing resume: C:\Users\sharo\HireLens\uploads\Candidate 7.pdf
2026-01-24 22:14:40 - hirelens - ERROR - resume_parser.py:399 - Error extracting resume components: 2 validation errors for Education
degree
  Field required [type=missing, input_value={'year': '2026'}, input_type=dict]
    For further information visit https://errors.pydantic.dev/2.12/v/missing
institution
  Field required [type=missing, input_value={'year': '2026'}, input_type=dict]
    For further information visit https://errors.pydantic.dev/2.12/v/missing
2026-01-24 22:14:40 - hirelens - INFO - resume_parser.py:416 - Resume parsed successfully. Found 0 skills
2026-01-24 22:14:40 - hirelens - INFO - resume_parser.py:436 - Resume saved to C:\Users\sharo\HireLens\data\parsed_resumes.json
2026-01-24 22:14:40 - hirelens - INFO - routes.py:39 - Uploading resume: Candidate 8.pdf
2026-01-24 22:14:40 - hirelens - INFO - routes.py:55 - File saved to C:\Users\sharo\HireLens\uploads\Candidate 8.pdf
2026-01-24 22:14:40 - hirelens - INFO - resume_parser.py:363 - Parsing resume: C:\Users\sharo\HireLens\uploads\Candidate 8.pdf
2026-01-24 22:14:40 - hirelens - INFO - resume_parser.py:416 - Resume parsed successfully. Found 20 skills
2026-01-24 22:14:40 - hirelens - INFO - resume_parser.py:436 - Resume saved to C:\Users\sharo\HireLens\data\parsed_resumes.json
2026-01-24 22:14:40 - hirelens - INFO - routes.py:39 - Uploading resume: Candidate 9.pdf
2026-01-24 22:14:40 - hirelens - INFO - routes.py:55 - File saved to C:\Users\sharo\HireLens\uploads\Candidate 9.pdf
2026-01-24 22:14:40 - hirelens - INFO - resume_parser.py:363 - Parsing resume: C:\Users\sharo\HireLens\uploads\Candidate 9.pdf
2026-01-24 22:14:40 - hirelens - ERROR - resume_parser.py:399 - Error extracting resume components: 2 validation errors for Education
degree
  Field required [type=missing, input_value={'year': '2025'}, input_type=dict]
    For further information visit https://errors.pydantic.dev/2.12/v/missing
institution
  Field required [type=missing, input_value={'year': '2025'}, input_type=dict]
    For further information visit https://errors.pydantic.dev/2.12/v/missing
2026-01-24 22:14:40 - hirelens - INFO - resume_parser.py:416 - Resume parsed successfully. Found 0 skills
2026-01-24 22:14:40 - hirelens - INFO - resume_parser.py:436 - Resume saved to C:\Users\sharo\HireLens\data\parsed_resumes.json
2026-01-24 22:14:40 - hirelens - INFO - routes.py:39 - Uploading resume: Candidate 10.pdf
2026-01-24 22:14:40 - hirelens - INFO - routes.py:55 - File saved to C:\Users\sharo\HireLens\uploads\Candidate 10.pdf
2026-01-24 22:14:40 - hirelens - INFO - resume_parser.py:363 - Parsing resume: C:\Users\sharo\HireLens\uploads\Candidate 10.pdf
2026-01-24 22:14:40 - hirelens - INFO - resume_parser.py:416 - Resume parsed successfully. Found 20 skills
2026-01-24 22:14:40 - hirelens - INFO - resume_parser.py:436 - Resume saved to C:\Users\sharo\HireLens\data\parsed_resumes.json
2026-01-24 22:14:40 - hirelens - INFO - routes.py:39 - Uploading resume: Candidate 11.pdf
2026-01-24 22:14:40 - hirelens - INFO - routes.py:55 - File saved to C:\Users\sharo\HireLens\uploads\Candidate 11.pdf
2026-01-24 22:14:40 - hirelens - INFO - resume_parser.py:363 - Parsing resume: C:\Users\sharo\HireLens\uploads\Candidate 11.pdf
2026-01-24 22:14:40 - hirelens - INFO - resume_parser.py:416 - Resume parsed successfully. Found 20 skills
2026-01-24 22:14:41 - hirelens - INFO - resume_parser.py:436 - Resume saved to C:\Users\sharo\HireLens\data\parsed_resumes.json
2026-01-24 22:14:41 - hirelens - INFO - routes.py:39 - Uploading resume: Candidate 12.pdf
2026-01-24 22:14:41 - hirelens - INFO - routes.py:55 - File saved to C:\Users\sharo\HireLens\uploads\Candidate 12.pdf
2026-01-24 22:14:41 - hirelens - INFO - resume_parser.py:363 - Parsing resume: C:\Users\sharo\HireLens\uploads\Candidate 12.pdf
2026-01-24 22:14:41 - hirelens - ERROR - resume_parser.py:399 - Error extracting resume components: 2 validation errors for Education
degree
  Field required [type=missing, input_value={'year': '2026'}, input_type=dict]
    For further information visit https://errors.pydantic.dev/2.12/v/missing
institution
  Field required [type=missing, input_value={'year': '2026'}, input_type=dict]
    For further information visit https://errors.pydantic.dev/2.12/v/missing
2026-01-24 22:14:41 - hirelens - INFO - resume_parser.py:416 - Resume parsed successfully. Found 0 skills
2026-01-24 22:14:41 - hirelens - INFO - resume_parser.py:436 - Resume saved to C:\Users\sharo\HireLens\data\parsed_resumes.json
2026-01-24 22:14:41 - hirelens - INFO - routes.py:39 - Uploading resume: Candidate 13.pdf
2026-01-24 22:14:41 - hirelens - INFO - routes.py:55 - File saved to C:\Users\sharo\HireLens\uploads\Candidate 13.pdf
2026-01-24 22:14:41 - hirelens - INFO - resume_parser.py:363 - Parsing resume: C:\Users\sharo\HireLens\uploads\Candidate 13.pdf
2026-01-24 22:14:41 - hirelens - INFO - resume_parser.py:416 - Resume parsed successfully. Found 20 skills
2026-01-24 22:14:41 - hirelens - INFO - resume_parser.py:436 - Resume saved to C:\Users\sharo\HireLens\data\parsed_resumes.json
2026-01-24 22:14:41 - hirelens - INFO - routes.py:39 - Uploading resume: Candidate 14.pdf
2026-01-24 22:14:41 - hirelens - INFO - routes.py:55 - File saved to C:\Users\sharo\HireLens\uploads\Candidate 14.pdf
2026-01-24 22:14:41 - hirelens - INFO - resume_parser.py:363 - Parsing resume: C:\Users\sharo\HireLens\uploads\Candidate 14.pdf
2026-01-24 22:14:41 - hirelens - ERROR - resume_parser.py:399 - Error extracting resume components: 1 validation error for Education
institution
  Field required [type=missing, input_value={'degree': 'B.Tech CSE, 2025', 'year': '2025'}, input_type=dict]
    For further information visit https://errors.pydantic.dev/2.12/v/missing
2026-01-24 22:14:41 - hirelens - INFO - resume_parser.py:416 - Resume parsed successfully. Found 0 skills
2026-01-24 22:14:41 - hirelens - INFO - resume_parser.py:436 - Resume saved to C:\Users\sharo\HireLens\data\parsed_resumes.json
2026-01-24 22:14:41 - hirelens - INFO - routes.py:39 - Uploading resume: Candidate 15.pdf
2026-01-24 22:14:41 - hirelens - INFO - routes.py:55 - File saved to C:\Users\sharo\HireLens\uploads\Candidate 15.pdf
2026-01-24 22:14:41 - hirelens - INFO - resume_parser.py:363 - Parsing resume: C:\Users\sharo\HireLens\uploads\Candidate 15.pdf
2026-01-24 22:14:41 - hirelens - ERROR - resume_parser.py:399 - Error extracting resume components: 2 validation errors for Education
degree
  Field required [type=missing, input_value={'year': '2024'}, input_type=dict]
    For further information visit https://errors.pydantic.dev/2.12/v/missing
institution
  Field required [type=missing, input_value={'year': '2024'}, input_type=dict]
    For further information visit https://errors.pydantic.dev/2.12/v/missing
2026-01-24 22:14:41 - hirelens - INFO - resume_parser.py:416 - Resume parsed successfully. Found 0 skills
2026-01-24 22:14:41 - hirelens - INFO - resume_parser.py:436 - Resume saved to C:\Users\sharo\HireLens\data\parsed_resumes.json
2026-01-24 22:14:41 - hirelens - INFO - routes.py:39 - Uploading resume: Candidate 16.pdf
2026-01-24 22:14:41 - hirelens - INFO - routes.py:55 - File saved to C:\Users\sharo\HireLens\uploads\Candidate 16.pdf
2026-01-24 22:14:41 - hirelens - INFO - resume_parser.py:363 - Parsing resume: C:\Users\sharo\HireLens\uploads\Candidate 16.pdf
2026-01-24 22:14:41 - hirelens - INFO - resume_parser.py:416 - Resume parsed successfully. Found 20 skills
2026-01-24 22:14:41 - hirelens - INFO - resume_parser.py:436 - Resume saved to C:\Users\sharo\HireLens\data\parsed_resumes.json
2026-01-24 22:14:41 - hirelens - INFO - routes.py:39 - Uploading resume: Candidate 17.pdf
2026-01-24 22:14:41 - hirelens - INFO - routes.py:55 - File saved to C:\Users\sharo\HireLens\uploads\Candidate 17.pdf
2026-01-24 22:14:41 - hirelens - INFO - resume_parser.py:363 - Parsing resume: C:\Users\sharo\HireLens\uploads\Candidate 17.pdf
2026-01-24 22:14:42 - hirelens - INFO - resume_parser.py:416 - Resume parsed successfully. Found 20 skills
2026-01-24 22:14:42 - hirelens - INFO - resume_parser.py:436 - Resume saved to C:\Users\sharo\HireLens\data\parsed_resumes.json
2026-01-24 22:14:42 - hirelens - INFO - routes.py:39 - Uploading resume: Candidate 18.pdf
2026-01-24 22:14:42 - hirelens - INFO - routes.py:55 - File saved to C:\Users\sharo\HireLens\uploads\Candidate 18.pdf
2026-01-24 22:14:42 - hirelens - INFO - resume_parser.py:363 - Parsing resume: C:\Users\sharo\HireLens\uploads\Candidate 18.pdf
2026-01-24 22:14:42 - hirelens - ERROR - resume_parser.py:399 - Error extracting resume components: 2 validation errors for Education
degree
  Field required [type=missing, input_value={'year': '2025'}, input_type=dict]
    For further information visit https://errors.pydantic.dev/2.12/v/missing
institution
  Field required [type=missing, input_value={'year': '2025'}, input_type=dict]
    For further information visit https://errors.pydantic.dev/2.12/v/missing
2026-01-24 22:14:42 - hirelens - INFO - resume_parser.py:416 - Resume parsed successfully. Found 0 skills
2026-01-24 22:14:42 - hirelens - INFO - resume_parser.py:436 - Resume saved to C:\Users\sharo\HireLens\data\parsed_resumes.json
2026-01-24 22:14:42 - hirelens - INFO - routes.py:39 - Uploading resume: Candidate 19.pdf
2026-01-24 22:14:42 - hirelens - INFO - routes.py:55 - File saved to C:\Users\sharo\HireLens\uploads\Candidate 19.pdf
2026-01-24 22:14:42 - hirelens - INFO - resume_parser.py:363 - Parsing resume: C:\Users\sharo\HireLens\uploads\Candidate 19.pdf
2026-01-24 22:14:42 - hirelens - INFO - resume_parser.py:416 - Resume parsed successfully. Found 20 skills
2026-01-24 22:14:42 - hirelens - INFO - resume_parser.py:436 - Resume saved to C:\Users\sharo\HireLens\data\parsed_resumes.json
2026-01-24 22:14:42 - hirelens - INFO - routes.py:39 - Uploading resume: Candidate 20.pdf
2026-01-24 22:14:42 - hirelens - INFO - routes.py:55 - File saved to C:\Users\sharo\HireLens\uploads\Candidate 20.pdf
2026-01-24 22:14:42 - hirelens - INFO - resume_parser.py:363 - Parsing resume: C:\Users\sharo\HireLens\uploads\Candidate 20.pdf
2026-01-24 22:14:42 - hirelens - ERROR - resume_parser.py:399 - Error extracting resume components: 2 validation errors for Education
degree
  Field required [type=missing, input_value={'year': '2026'}, input_type=dict]
    For further information visit https://errors.pydantic.dev/2.12/v/missing
institution
  Field required [type=missing, input_value={'year': '2026'}, input_type=dict]
    For further information visit https://errors.pydantic.dev/2.12/v/missing
2026-01-24 22:14:42 - hirelens - INFO - resume_parser.py:416 - Resume parsed successfully. Found 0 skills
2026-01-24 22:14:42 - hirelens - INFO - resume_parser.py:436 - Resume saved to C:\Users\sharo\HireLens\data\parsed_resumes.json
2026-01-24 22:14:42 - hirelens - INFO - routes.py:185 - Starting batch evaluation of 20 resumes
2026-01-24 22:14:42 - hirelens - INFO - job_analyzer.py:255 - Analyzing job description...
2026-01-24 22:14:42 - hirelens - WARNING - job_analyzer.py:60 - No required skills found via patterns, scanning entire job description
2026-01-24 22:14:42 - hirelens - INFO - job_analyzer.py:65 - Extracted 17 required skills from job description
2026-01-24 22:14:42 - hirelens - INFO - job_analyzer.py:102 - Extracted 0 preferred skills from job description
2026-01-24 22:14:42 - hirelens - INFO - job_analyzer.py:279 - Job description analyzed. Found 17 required skills, 0 preferred skills
2026-01-24 22:14:42 - hirelens - INFO - job_analyzer.py:300 - Job description saved to C:\Users\sharo\HireLens\data\job_descriptions.json
2026-01-24 22:14:42 - hirelens - INFO - course_recommender.py:34 - Loaded courses for 31 skills
2026-01-24 22:14:42 - hirelens - INFO - routes.py:201 - Evaluating resume: Candidate 1.pdf
2026-01-24 22:14:42 - hirelens - INFO - routes.py:205 - Parsing resume from C:\Users\sharo\HireLens\uploads\Candidate 1.pdf
2026-01-24 22:14:42 - hirelens - INFO - resume_parser.py:363 - Parsing resume: C:\Users\sharo\HireLens\uploads\Candidate 1.pdf
2026-01-24 22:14:42 - hirelens - ERROR - resume_parser.py:399 - Error extracting resume components: 2 validation errors for Education
degree
  Field required [type=missing, input_value={'year': '2026'}, input_type=dict]
    For further information visit https://errors.pydantic.dev/2.12/v/missing
institution
  Field required [type=missing, input_value={'year': '2026'}, input_type=dict]
    For further information visit https://errors.pydantic.dev/2.12/v/missing
2026-01-24 22:14:42 - hirelens - INFO - resume_parser.py:416 - Resume parsed successfully. Found 0 skills
2026-01-24 22:14:43 - hirelens - INFO - resume_parser.py:436 - Resume saved to C:\Users\sharo\HireLens\data\parsed_resumes.json
2026-01-24 22:14:43 - hirelens - INFO - evaluation_engine.py:257 - Evaluating resume bac77da0-5230-4fe6-a7b9-8d7e60e2e9e5 against job 40dcc544-53ea-41d9-875a-b3ae5fa4f446
2026-01-24 22:14:43 - hirelens - INFO - evaluation_engine.py:267 - Calculating TF-IDF similarity...
2026-01-24 22:14:43 - hirelens - INFO - evaluation_engine.py:269 - TF-IDF score: 0.148
2026-01-24 22:14:43 - hirelens - INFO - evaluation_engine.py:271 - Calculating fuzzy skill match...
2026-01-24 22:14:43 - hirelens - INFO - evaluation_engine.py:273 - Fuzzy match score: 0.000
2026-01-24 22:14:43 - hirelens - INFO - evaluation_engine.py:275 - Calculating embedding similarity...
2026-01-24 22:14:43 - hirelens - INFO - evaluation_engine.py:277 - Embedding score: 0.661
2026-01-24 22:14:43 - hirelens - INFO - evaluation_engine.py:281 - Hybrid score: 30.89
2026-01-24 22:14:43 - hirelens - INFO - evaluation_engine.py:285 - Classification: Not Fit
2026-01-24 22:14:43 - hirelens - INFO - evaluation_engine.py:304 - Evaluation complete. Matched: 0, Missing: 17
2026-01-24 22:14:43 - hirelens - INFO - evaluation_engine.py:324 - Evaluation saved to C:\Users\sharo\HireLens\data\evaluations.json
2026-01-24 22:14:43 - hirelens - INFO - skill_gap_analyzer.py:172 - Analyzing skill gaps for resume bac77da0-5230-4fe6-a7b9-8d7e60e2e9e5
2026-01-24 22:14:43 - hirelens - INFO - skill_gap_analyzer.py:205 - Skill gap analysis complete. Critical gaps: 17, Moderate gaps: 0, Weak areas: 0
2026-01-24 22:14:43 - hirelens - INFO - skill_gap_analyzer.py:228 - Skill gaps saved to C:\Users\sharo\HireLens\data\skill_gaps.json
2026-01-24 22:14:43 - hirelens - INFO - course_recommender.py:110 - Generating course recommendations for gap 18112b6c-28fd-4188-9544-cc9de0417693
2026-01-24 22:14:43 - hirelens - WARNING - course_recommender.py:90 - No courses found for skill: AI
2026-01-24 22:14:43 - hirelens - INFO - course_recommender.py:147 - Found 2 courses for Angular
2026-01-24 22:14:43 - hirelens - WARNING - course_recommender.py:90 - No courses found for skill: CSS
2026-01-24 22:14:43 - hirelens - WARNING - course_recommender.py:90 - No courses found for skill: Documentation
2026-01-24 22:14:43 - hirelens - WARNING - course_recommender.py:90 - No courses found for skill: Firebase
2026-01-24 22:14:43 - hirelens - WARNING - course_recommender.py:90 - No courses found for skill: HTML
2026-01-24 22:14:43 - hirelens - INFO - course_recommender.py:147 - Found 3 courses for Java
2026-01-24 22:14:43 - hirelens - INFO - course_recommender.py:147 - Found 3 courses for Javascript
2026-01-24 22:14:43 - hirelens - WARNING - course_recommender.py:90 - No courses found for skill: Js
2026-01-24 22:14:43 - hirelens - WARNING - course_recommender.py:90 - No courses found for skill: Json
2026-01-24 22:14:43 - hirelens - INFO - course_recommender.py:147 - Found 2 courses for Mongodb
2026-01-24 22:14:43 - hirelens - WARNING - course_recommender.py:90 - No courses found for skill: Mysql
2026-01-24 22:14:43 - hirelens - WARNING - course_recommender.py:90 - No courses found for skill: Node
2026-01-24 22:14:43 - hirelens - INFO - course_recommender.py:147 - Found 2 courses for Node.Js
2026-01-24 22:14:43 - hirelens - INFO - course_recommender.py:147 - Found 3 courses for Python
2026-01-24 22:14:43 - hirelens - INFO - course_recommender.py:147 - Found 3 courses for React
2026-01-24 22:14:43 - hirelens - WARNING - course_recommender.py:90 - No courses found for skill: Vue
2026-01-24 22:14:43 - hirelens - INFO - course_recommender.py:149 - Generated recommendations for 7 skills
2026-01-24 22:14:43 - hirelens - INFO - course_recommender.py:172 - Recommendations saved to C:\Users\sharo\HireLens\data\recommendations.json
2026-01-24 22:14:43 - hirelens - INFO - feedback_generator.py:294 - Generating feedback for evaluation 4557c8a4-28b6-4301-a7e0-5f2016b2bf8e
2026-01-24 22:14:43 - hirelens - INFO - feedback_generator.py:313 - Feedback generated successfully
2026-01-24 22:14:43 - hirelens - INFO - feedback_generator.py:333 - Feedback saved to C:\Users\sharo\HireLens\data\feedback.json
2026-01-24 22:14:43 - hirelens - INFO - routes.py:201 - Evaluating resume: Candidate 2.pdf
2026-01-24 22:14:43 - hirelens - INFO - routes.py:205 - Parsing resume from C:\Users\sharo\HireLens\uploads\Candidate 2.pdf
2026-01-24 22:14:43 - hirelens - INFO - resume_parser.py:363 - Parsing resume: C:\Users\sharo\HireLens\uploads\Candidate 2.pdf
2026-01-24 22:14:43 - hirelens - INFO - resume_parser.py:416 - Resume parsed successfully. Found 20 skills
2026-01-24 22:14:43 - hirelens - INFO - resume_parser.py:436 - Resume saved to C:\Users\sharo\HireLens\data\parsed_resumes.json
2026-01-24 22:14:43 - hirelens - INFO - evaluation_engine.py:257 - Evaluating resume b6a305a5-87e4-48f9-bcad-216e5775d654 against job 40dcc544-53ea-41d9-875a-b3ae5fa4f446
2026-01-24 22:14:43 - hirelens - INFO - evaluation_engine.py:267 - Calculating TF-IDF similarity...
2026-01-24 22:14:43 - hirelens - INFO - evaluation_engine.py:269 - TF-IDF score: 0.331
2026-01-24 22:14:43 - hirelens - INFO - evaluation_engine.py:271 - Calculating fuzzy skill match...
2026-01-24 22:14:43 - hirelens - INFO - evaluation_engine.py:273 - Fuzzy match score: 0.898
2026-01-24 22:14:43 - hirelens - INFO - evaluation_engine.py:275 - Calculating embedding similarity...
2026-01-24 22:14:43 - hirelens - INFO - evaluation_engine.py:277 - Embedding score: 0.858
2026-01-24 22:14:43 - hirelens - INFO - evaluation_engine.py:281 - Hybrid score: 71.20
2026-01-24 22:14:43 - hirelens - INFO - evaluation_engine.py:285 - Classification: Average Fit
2026-01-24 22:14:43 - hirelens - INFO - evaluation_engine.py:304 - Evaluation complete. Matched: 14, Missing: 3
2026-01-24 22:14:43 - hirelens - INFO - evaluation_engine.py:324 - Evaluation saved to C:\Users\sharo\HireLens\data\evaluations.json
2026-01-24 22:14:43 - hirelens - INFO - skill_gap_analyzer.py:172 - Analyzing skill gaps for resume b6a305a5-87e4-48f9-bcad-216e5775d654
2026-01-24 22:14:43 - hirelens - INFO - skill_gap_analyzer.py:205 - Skill gap analysis complete. Critical gaps: 3, Moderate gaps: 0, Weak areas: 0
2026-01-24 22:14:43 - hirelens - INFO - skill_gap_analyzer.py:228 - Skill gaps saved to C:\Users\sharo\HireLens\data\skill_gaps.json
2026-01-24 22:14:43 - hirelens - INFO - course_recommender.py:110 - Generating course recommendations for gap 28a03530-d773-438e-8a0d-ee05e1b8793d
2026-01-24 22:14:43 - hirelens - INFO - course_recommender.py:147 - Found 2 courses for Angular
2026-01-24 22:14:43 - hirelens - WARNING - course_recommender.py:90 - No courses found for skill: Documentation
2026-01-24 22:14:43 - hirelens - WARNING - course_recommender.py:90 - No courses found for skill: Vue
2026-01-24 22:14:43 - hirelens - INFO - course_recommender.py:149 - Generated recommendations for 1 skills
2026-01-24 22:14:43 - hirelens - INFO - course_recommender.py:172 - Recommendations saved to C:\Users\sharo\HireLens\data\recommendations.json
2026-01-24 22:14:43 - hirelens - INFO - feedback_generator.py:294 - Generating feedback for evaluation d3c9752f-aa84-4e26-896e-abfc86955c93
2026-01-24 22:14:43 - hirelens - INFO - feedback_generator.py:313 - Feedback generated successfully
2026-01-24 22:14:43 - hirelens - INFO - feedback_generator.py:333 - Feedback saved to C:\Users\sharo\HireLens\data\feedback.json
2026-01-24 22:14:43 - hirelens - INFO - routes.py:201 - Evaluating resume: Candidate 3.pdf
2026-01-24 22:14:43 - hirelens - INFO - routes.py:205 - Parsing resume from C:\Users\sharo\HireLens\uploads\Candidate 3.pdf
2026-01-24 22:14:43 - hirelens - INFO - resume_parser.py:363 - Parsing resume: C:\Users\sharo\HireLens\uploads\Candidate 3.pdf
2026-01-24 22:14:44 - hirelens - ERROR - resume_parser.py:399 - Error extracting resume components: 2 validation errors for Education
degree
  Field required [type=missing, input_value={'year': '2025'}, input_type=dict]
    For further information visit https://errors.pydantic.dev/2.12/v/missing
institution
  Field required [type=missing, input_value={'year': '2025'}, input_type=dict]
    For further information visit https://errors.pydantic.dev/2.12/v/missing
2026-01-24 22:14:44 - hirelens - INFO - resume_parser.py:416 - Resume parsed successfully. Found 0 skills
2026-01-24 22:14:44 - hirelens - INFO - resume_parser.py:436 - Resume saved to C:\Users\sharo\HireLens\data\parsed_resumes.json
2026-01-24 22:14:44 - hirelens - INFO - evaluation_engine.py:257 - Evaluating resume df3c8fe2-2ebd-49fd-93b9-4abbfbf562fd against job 40dcc544-53ea-41d9-875a-b3ae5fa4f446
2026-01-24 22:14:44 - hirelens - INFO - evaluation_engine.py:267 - Calculating TF-IDF similarity...
2026-01-24 22:14:44 - hirelens - INFO - evaluation_engine.py:269 - TF-IDF score: 0.103
2026-01-24 22:14:44 - hirelens - INFO - evaluation_engine.py:271 - Calculating fuzzy skill match...
2026-01-24 22:14:44 - hirelens - INFO - evaluation_engine.py:273 - Fuzzy match score: 0.000
2026-01-24 22:14:44 - hirelens - INFO - evaluation_engine.py:275 - Calculating embedding similarity...
2026-01-24 22:14:44 - hirelens - INFO - evaluation_engine.py:277 - Embedding score: 0.606
2026-01-24 22:14:44 - hirelens - INFO - evaluation_engine.py:281 - Hybrid score: 27.30
2026-01-24 22:14:44 - hirelens - INFO - evaluation_engine.py:285 - Classification: Not Fit
2026-01-24 22:14:44 - hirelens - INFO - evaluation_engine.py:304 - Evaluation complete. Matched: 0, Missing: 17
2026-01-24 22:14:44 - hirelens - INFO - evaluation_engine.py:324 - Evaluation saved to C:\Users\sharo\HireLens\data\evaluations.json
2026-01-24 22:14:44 - hirelens - INFO - skill_gap_analyzer.py:172 - Analyzing skill gaps for resume df3c8fe2-2ebd-49fd-93b9-4abbfbf562fd
2026-01-24 22:14:44 - hirelens - INFO - skill_gap_analyzer.py:205 - Skill gap analysis complete. Critical gaps: 17, Moderate gaps: 0, Weak areas: 0
2026-01-24 22:14:44 - hirelens - INFO - skill_gap_analyzer.py:228 - Skill gaps saved to C:\Users\sharo\HireLens\data\skill_gaps.json
2026-01-24 22:14:44 - hirelens - INFO - course_recommender.py:110 - Generating course recommendations for gap 6eb85351-c613-44ee-b8d5-02c48ada9cc7
2026-01-24 22:14:44 - hirelens - WARNING - course_recommender.py:90 - No courses found for skill: AI
2026-01-24 22:14:44 - hirelens - INFO - course_recommender.py:147 - Found 2 courses for Angular
2026-01-24 22:14:44 - hirelens - WARNING - course_recommender.py:90 - No courses found for skill: CSS
2026-01-24 22:14:44 - hirelens - WARNING - course_recommender.py:90 - No courses found for skill: Documentation
2026-01-24 22:14:44 - hirelens - WARNING - course_recommender.py:90 - No courses found for skill: Firebase
2026-01-24 22:14:44 - hirelens - WARNING - course_recommender.py:90 - No courses found for skill: HTML
2026-01-24 22:14:44 - hirelens - INFO - course_recommender.py:147 - Found 3 courses for Java
2026-01-24 22:14:44 - hirelens - INFO - course_recommender.py:147 - Found 3 courses for Javascript
2026-01-24 22:14:44 - hirelens - WARNING - course_recommender.py:90 - No courses found for skill: Js
2026-01-24 22:14:44 - hirelens - WARNING - course_recommender.py:90 - No courses found for skill: Json
2026-01-24 22:14:44 - hirelens - INFO - course_recommender.py:147 - Found 2 courses for Mongodb
2026-01-24 22:14:44 - hirelens - WARNING - course_recommender.py:90 - No courses found for skill: Mysql
2026-01-24 22:14:44 - hirelens - WARNING - course_recommender.py:90 - No courses found for skill: Node
2026-01-24 22:14:44 - hirelens - INFO - course_recommender.py:147 - Found 2 courses for Node.Js
2026-01-24 22:14:44 - hirelens - INFO - course_recommender.py:147 - Found 3 courses for Python
2026-01-24 22:14:44 - hirelens - INFO - course_recommender.py:147 - Found 3 courses for React
2026-01-24 22:14:44 - hirelens - WARNING - course_recommender.py:90 - No courses found for skill: Vue
2026-01-24 22:14:44 - hirelens - INFO - course_recommender.py:149 - Generated recommendations for 7 skills
2026-01-24 22:14:44 - hirelens - INFO - course_recommender.py:172 - Recommendations saved to C:\Users\sharo\HireLens\data\recommendations.json
2026-01-24 22:14:44 - hirelens - INFO - feedback_generator.py:294 - Generating feedback for evaluation d43879c0-c1c6-4d98-b8a1-ce11562757db
2026-01-24 22:14:44 - hirelens - INFO - feedback_generator.py:313 - Feedback generated successfully
2026-01-24 22:14:44 - hirelens - INFO - feedback_generator.py:333 - Feedback saved to C:\Users\sharo\HireLens\data\feedback.json
2026-01-24 22:14:44 - hirelens - INFO - routes.py:201 - Evaluating resume: Candidate 4.pdf
2026-01-24 22:14:44 - hirelens - INFO - routes.py:205 - Parsing resume from C:\Users\sharo\HireLens\uploads\Candidate 4.pdf
2026-01-24 22:14:44 - hirelens - INFO - resume_parser.py:363 - Parsing resume: C:\Users\sharo\HireLens\uploads\Candidate 4.pdf
2026-01-24 22:14:44 - hirelens - INFO - resume_parser.py:416 - Resume parsed successfully. Found 21 skills
2026-01-24 22:14:44 - hirelens - INFO - resume_parser.py:436 - Resume saved to C:\Users\sharo\HireLens\data\parsed_resumes.json
2026-01-24 22:14:44 - hirelens - INFO - evaluation_engine.py:257 - Evaluating resume e747e2a5-9671-4b52-9f16-78a8291bd2da against job 40dcc544-53ea-41d9-875a-b3ae5fa4f446
2026-01-24 22:14:44 - hirelens - INFO - evaluation_engine.py:267 - Calculating TF-IDF similarity...
2026-01-24 22:14:44 - hirelens - INFO - evaluation_engine.py:269 - TF-IDF score: 0.331
2026-01-24 22:14:44 - hirelens - INFO - evaluation_engine.py:271 - Calculating fuzzy skill match...
2026-01-24 22:14:44 - hirelens - INFO - evaluation_engine.py:273 - Fuzzy match score: 0.898
2026-01-24 22:14:44 - hirelens - INFO - evaluation_engine.py:275 - Calculating embedding similarity...
2026-01-24 22:14:44 - hirelens - INFO - evaluation_engine.py:277 - Embedding score: 0.801
2026-01-24 22:14:44 - hirelens - INFO - evaluation_engine.py:281 - Hybrid score: 68.92
2026-01-24 22:14:44 - hirelens - INFO - evaluation_engine.py:285 - Classification: Average Fit
2026-01-24 22:14:44 - hirelens - INFO - evaluation_engine.py:304 - Evaluation complete. Matched: 14, Missing: 3
2026-01-24 22:14:44 - hirelens - INFO - evaluation_engine.py:324 - Evaluation saved to C:\Users\sharo\HireLens\data\evaluations.json
2026-01-24 22:14:44 - hirelens - INFO - skill_gap_analyzer.py:172 - Analyzing skill gaps for resume e747e2a5-9671-4b52-9f16-78a8291bd2da
2026-01-24 22:14:44 - hirelens - INFO - skill_gap_analyzer.py:205 - Skill gap analysis complete. Critical gaps: 3, Moderate gaps: 0, Weak areas: 0
2026-01-24 22:14:44 - hirelens - INFO - skill_gap_analyzer.py:228 - Skill gaps saved to C:\Users\sharo\HireLens\data\skill_gaps.json
2026-01-24 22:14:44 - hirelens - INFO - course_recommender.py:110 - Generating course recommendations for gap d92c6437-89b6-49a0-858c-1a94c2e8dbe7
2026-01-24 22:14:44 - hirelens - INFO - course_recommender.py:147 - Found 2 courses for Angular
2026-01-24 22:14:44 - hirelens - WARNING - course_recommender.py:90 - No courses found for skill: Documentation
2026-01-24 22:14:44 - hirelens - WARNING - course_recommender.py:90 - No courses found for skill: Vue
2026-01-24 22:14:44 - hirelens - INFO - course_recommender.py:149 - Generated recommendations for 1 skills
2026-01-24 22:14:44 - hirelens - INFO - course_recommender.py:172 - Recommendations saved to C:\Users\sharo\HireLens\data\recommendations.json
2026-01-24 22:14:44 - hirelens - INFO - feedback_generator.py:294 - Generating feedback for evaluation 0feffe0a-5033-4779-818d-4acd51f9add5
2026-01-24 22:14:44 - hirelens - INFO - feedback_generator.py:313 - Feedback generated successfully
2026-01-24 22:14:45 - hirelens - INFO - feedback_generator.py:333 - Feedback saved to C:\Users\sharo\HireLens\data\feedback.json
2026-01-24 22:14:45 - hirelens - INFO - routes.py:201 - Evaluating resume: Candidate 5.pdf
2026-01-24 22:14:45 - hirelens - INFO - routes.py:205 - Parsing resume from C:\Users\sharo\HireLens\uploads\Candidate 5.pdf
2026-01-24 22:14:45 - hirelens - INFO - resume_parser.py:363 - Parsing resume: C:\Users\sharo\HireLens\uploads\Candidate 5.pdf
2026-01-24 22:14:45 - hirelens - ERROR - resume_parser.py:399 - Error extracting resume components: 1 validation error for Education
institution
  Field required [type=missing, input_value={'degree': 'B.Tech IT, 2026', 'year': '2026'}, input_type=dict]
    For further information visit https://errors.pydantic.dev/2.12/v/missing
2026-01-24 22:14:45 - hirelens - INFO - resume_parser.py:416 - Resume parsed successfully. Found 0 skills
2026-01-24 22:14:45 - hirelens - INFO - resume_parser.py:436 - Resume saved to C:\Users\sharo\HireLens\data\parsed_resumes.json
2026-01-24 22:14:45 - hirelens - INFO - evaluation_engine.py:257 - Evaluating resume 24a48c0a-b435-45fc-a466-46460be5b35f against job 40dcc544-53ea-41d9-875a-b3ae5fa4f446
2026-01-24 22:14:45 - hirelens - INFO - evaluation_engine.py:267 - Calculating TF-IDF similarity...
2026-01-24 22:14:45 - hirelens - INFO - evaluation_engine.py:269 - TF-IDF score: 0.053
2026-01-24 22:14:45 - hirelens - INFO - evaluation_engine.py:271 - Calculating fuzzy skill match...
2026-01-24 22:14:45 - hirelens - INFO - evaluation_engine.py:273 - Fuzzy match score: 0.000
2026-01-24 22:14:45 - hirelens - INFO - evaluation_engine.py:275 - Calculating embedding similarity...
2026-01-24 22:14:45 - hirelens - INFO - evaluation_engine.py:277 - Embedding score: 0.631
2026-01-24 22:14:45 - hirelens - INFO - evaluation_engine.py:281 - Hybrid score: 26.84
2026-01-24 22:14:45 - hirelens - INFO - evaluation_engine.py:285 - Classification: Not Fit
2026-01-24 22:14:45 - hirelens - INFO - evaluation_engine.py:304 - Evaluation complete. Matched: 0, Missing: 17
2026-01-24 22:14:45 - hirelens - INFO - evaluation_engine.py:324 - Evaluation saved to C:\Users\sharo\HireLens\data\evaluations.json
2026-01-24 22:14:45 - hirelens - INFO - skill_gap_analyzer.py:172 - Analyzing skill gaps for resume 24a48c0a-b435-45fc-a466-46460be5b35f
2026-01-24 22:14:45 - hirelens - INFO - skill_gap_analyzer.py:205 - Skill gap analysis complete. Critical gaps: 17, Moderate gaps: 0, Weak areas: 0
2026-01-24 22:14:45 - hirelens - INFO - skill_gap_analyzer.py:228 - Skill gaps saved to C:\Users\sharo\HireLens\data\skill_gaps.json
2026-01-24 22:14:45 - hirelens - INFO - course_recommender.py:110 - Generating course recommendations for gap 2d7c8bf8-e2e7-4753-bb76-5ed25f8b8b7f
2026-01-24 22:14:45 - hirelens - WARNING - course_recommender.py:90 - No courses found for skill: AI
2026-01-24 22:14:45 - hirelens - INFO - course_recommender.py:147 - Found 2 courses for Angular
2026-01-24 22:14:45 - hirelens - WARNING - course_recommender.py:90 - No courses found for skill: CSS
2026-01-24 22:14:45 - hirelens - WARNING - course_recommender.py:90 - No courses found for skill: Documentation
2026-01-24 22:14:45 - hirelens - WARNING - course_recommender.py:90 - No courses found for skill: Firebase
2026-01-24 22:14:45 - hirelens - WARNING - course_recommender.py:90 - No courses found for skill: HTML
2026-01-24 22:14:45 - hirelens - INFO - course_recommender.py:147 - Found 3 courses for Java
2026-01-24 22:14:45 - hirelens - INFO - course_recommender.py:147 - Found 3 courses for Javascript
2026-01-24 22:14:45 - hirelens - WARNING - course_recommender.py:90 - No courses found for skill: Js
2026-01-24 22:14:45 - hirelens - WARNING - course_recommender.py:90 - No courses found for skill: Json
2026-01-24 22:14:45 - hirelens - INFO - course_recommender.py:147 - Found 2 courses for Mongodb
2026-01-24 22:14:45 - hirelens - WARNING - course_recommender.py:90 - No courses found for skill: Mysql
2026-01-24 22:14:45 - hirelens - WARNING - course_recommender.py:90 - No courses found for skill: Node
2026-01-24 22:14:45 - hirelens - INFO - course_recommender.py:147 - Found 2 courses for Node.Js
2026-01-24 22:14:45 - hirelens - INFO - course_recommender.py:147 - Found 3 courses for Python
2026-01-24 22:14:45 - hirelens - INFO - course_recommender.py:147 - Found 3 courses for React
2026-01-24 22:14:45 - hirelens - WARNING - course_recommender.py:90 - No courses found for skill: Vue
2026-01-24 22:14:45 - hirelens - INFO - course_recommender.py:149 - Generated recommendations for 7 skills
2026-01-24 22:14:45 - hirelens - INFO - course_recommender.py:172 - Recommendations saved to C:\Users\sharo\HireLens\data\recommendations.json
2026-01-24 22:14:45 - hirelens - INFO - feedback_generator.py:294 - Generating feedback for evaluation 635275de-82b4-49f9-ac64-6bd6e781bf4d
2026-01-24 22:14:45 - hirelens - INFO - feedback_generator.py:313 - Feedback generated successfully
2026-01-24 22:14:45 - hirelens - INFO - feedback_generator.py:333 - Feedback saved to C:\Users\sharo\HireLens\data\feedback.json
2026-01-24 22:14:45 - hirelens - INFO - routes.py:201 - Evaluating resume: Candidate 6.pdf
2026-01-24 22:14:45 - hirelens - INFO - routes.py:205 - Parsing resume from C:\Users\sharo\HireLens\uploads\Candidate 6.pdf
2026-01-24 22:14:45 - hirelens - INFO - resume_parser.py:363 - Parsing resume: C:\Users\sharo\HireLens\uploads\Candidate 6.pdf
2026-01-24 22:14:45 - hirelens - INFO - resume_parser.py:416 - Resume parsed successfully. Found 20 skills
2026-01-24 22:14:45 - hirelens - INFO - resume_parser.py:436 - Resume saved to C:\Users\sharo\HireLens\data\parsed_resumes.json
2026-01-24 22:14:45 - hirelens - INFO - evaluation_engine.py:257 - Evaluating resume c102b6f2-456e-4da1-a687-3d6390213757 against job 40dcc544-53ea-41d9-875a-b3ae5fa4f446
2026-01-24 22:14:45 - hirelens - INFO - evaluation_engine.py:267 - Calculating TF-IDF similarity...
2026-01-24 22:14:45 - hirelens - INFO - evaluation_engine.py:269 - TF-IDF score: 0.331
2026-01-24 22:14:45 - hirelens - INFO - evaluation_engine.py:271 - Calculating fuzzy skill match...
2026-01-24 22:14:45 - hirelens - INFO - evaluation_engine.py:273 - Fuzzy match score: 0.898
2026-01-24 22:14:45 - hirelens - INFO - evaluation_engine.py:275 - Calculating embedding similarity...
2026-01-24 22:14:45 - hirelens - INFO - evaluation_engine.py:277 - Embedding score: 0.823
2026-01-24 22:14:45 - hirelens - INFO - evaluation_engine.py:281 - Hybrid score: 69.80
2026-01-24 22:14:45 - hirelens - INFO - evaluation_engine.py:285 - Classification: Average Fit
2026-01-24 22:14:45 - hirelens - INFO - evaluation_engine.py:304 - Evaluation complete. Matched: 14, Missing: 3
2026-01-24 22:14:45 - hirelens - INFO - evaluation_engine.py:324 - Evaluation saved to C:\Users\sharo\HireLens\data\evaluations.json
2026-01-24 22:14:45 - hirelens - INFO - skill_gap_analyzer.py:172 - Analyzing skill gaps for resume c102b6f2-456e-4da1-a687-3d6390213757
2026-01-24 22:14:45 - hirelens - INFO - skill_gap_analyzer.py:205 - Skill gap analysis complete. Critical gaps: 3, Moderate gaps: 0, Weak areas: 0
2026-01-24 22:14:45 - hirelens - INFO - skill_gap_analyzer.py:228 - Skill gaps saved to C:\Users\sharo\HireLens\data\skill_gaps.json
2026-01-24 22:14:45 - hirelens - INFO - course_recommender.py:110 - Generating course recommendations for gap 6b7878ff-9107-43dd-b7a5-6f96281a1752
2026-01-24 22:14:45 - hirelens - INFO - course_recommender.py:147 - Found 2 courses for Angular
2026-01-24 22:14:45 - hirelens - WARNING - course_recommender.py:90 - No courses found for skill: Documentation
2026-01-24 22:14:45 - hirelens - WARNING - course_recommender.py:90 - No courses found for skill: Vue
2026-01-24 22:14:45 - hirelens - INFO - course_recommender.py:149 - Generated recommendations for 1 skills
2026-01-24 22:14:46 - hirelens - INFO - course_recommender.py:172 - Recommendations saved to C:\Users\sharo\HireLens\data\recommendations.json
2026-01-24 22:14:46 - hirelens - INFO - feedback_generator.py:294 - Generating feedback for evaluation 5f9bb2e9-f87f-4e1b-82ed-710d03dc4b35
2026-01-24 22:14:46 - hirelens - INFO - feedback_generator.py:313 - Feedback generated successfully
2026-01-24 22:14:46 - hirelens - INFO - feedback_generator.py:333 - Feedback saved to C:\Users\sharo\HireLens\data\feedback.json
2026-01-24 22:14:46 - hirelens - INFO - routes.py:201 - Evaluating resume: Candidate 7.pdf
2026-01-24 22:14:46 - hirelens - INFO - routes.py:205 - Parsing resume from C:\Users\sharo\HireLens\uploads\Candidate 7.pdf
2026-01-24 22:14:46 - hirelens - INFO - resume_parser.py:363 - Parsing resume: C:\Users\sharo\HireLens\uploads\Candidate 7.pdf
2026-01-24 22:14:46 - hirelens - ERROR - resume_parser.py:399 - Error extracting resume components: 2 validation errors for Education
degree
  Field required [type=missing, input_value={'year': '2026'}, input_type=dict]
    For further information visit https://errors.pydantic.dev/2.12/v/missing
institution
  Field required [type=missing, input_value={'year': '2026'}, input_type=dict]
    For further information visit https://errors.pydantic.dev/2.12/v/missing
2026-01-24 22:14:46 - hirelens - INFO - resume_parser.py:416 - Resume parsed successfully. Found 0 skills
2026-01-24 22:14:46 - hirelens - INFO - resume_parser.py:436 - Resume saved to C:\Users\sharo\HireLens\data\parsed_resumes.json
2026-01-24 22:14:46 - hirelens - INFO - evaluation_engine.py:257 - Evaluating resume d3891b0c-0284-4720-b1e7-831308b0956c against job 40dcc544-53ea-41d9-875a-b3ae5fa4f446
2026-01-24 22:14:46 - hirelens - INFO - evaluation_engine.py:267 - Calculating TF-IDF similarity...
2026-01-24 22:14:46 - hirelens - INFO - evaluation_engine.py:269 - TF-IDF score: 0.042
2026-01-24 22:14:46 - hirelens - INFO - evaluation_engine.py:271 - Calculating fuzzy skill match...
2026-01-24 22:14:46 - hirelens - INFO - evaluation_engine.py:273 - Fuzzy match score: 0.000
2026-01-24 22:14:46 - hirelens - INFO - evaluation_engine.py:275 - Calculating embedding similarity...
2026-01-24 22:14:46 - hirelens - INFO - evaluation_engine.py:277 - Embedding score: 0.426
2026-01-24 22:14:46 - hirelens - INFO - evaluation_engine.py:281 - Hybrid score: 18.31
2026-01-24 22:14:46 - hirelens - INFO - evaluation_engine.py:285 - Classification: Not Fit
2026-01-24 22:14:46 - hirelens - INFO - evaluation_engine.py:304 - Evaluation complete. Matched: 0, Missing: 17
2026-01-24 22:14:46 - hirelens - INFO - evaluation_engine.py:324 - Evaluation saved to C:\Users\sharo\HireLens\data\evaluations.json
2026-01-24 22:14:46 - hirelens - INFO - skill_gap_analyzer.py:172 - Analyzing skill gaps for resume d3891b0c-0284-4720-b1e7-831308b0956c
2026-01-24 22:14:46 - hirelens - INFO - skill_gap_analyzer.py:205 - Skill gap analysis complete. Critical gaps: 17, Moderate gaps: 0, Weak areas: 0
2026-01-24 22:14:46 - hirelens - INFO - skill_gap_analyzer.py:228 - Skill gaps saved to C:\Users\sharo\HireLens\data\skill_gaps.json
2026-01-24 22:14:46 - hirelens - INFO - course_recommender.py:110 - Generating course recommendations for gap 3a2b6489-6c23-4c1d-9eba-0fdf6f71398a
2026-01-24 22:14:46 - hirelens - WARNING - course_recommender.py:90 - No courses found for skill: AI
2026-01-24 22:14:46 - hirelens - INFO - course_recommender.py:147 - Found 2 courses for Angular
2026-01-24 22:14:46 - hirelens - WARNING - course_recommender.py:90 - No courses found for skill: CSS
2026-01-24 22:14:46 - hirelens - WARNING - course_recommender.py:90 - No courses found for skill: Documentation
2026-01-24 22:14:46 - hirelens - WARNING - course_recommender.py:90 - No courses found for skill: Firebase
2026-01-24 22:14:46 - hirelens - WARNING - course_recommender.py:90 - No courses found for skill: HTML
2026-01-24 22:14:46 - hirelens - INFO - course_recommender.py:147 - Found 3 courses for Java
2026-01-24 22:14:46 - hirelens - INFO - course_recommender.py:147 - Found 3 courses for Javascript
2026-01-24 22:14:46 - hirelens - WARNING - course_recommender.py:90 - No courses found for skill: Js
2026-01-24 22:14:46 - hirelens - WARNING - course_recommender.py:90 - No courses found for skill: Json
2026-01-24 22:14:46 - hirelens - INFO - course_recommender.py:147 - Found 2 courses for Mongodb
2026-01-24 22:14:46 - hirelens - WARNING - course_recommender.py:90 - No courses found for skill: Mysql
2026-01-24 22:14:46 - hirelens - WARNING - course_recommender.py:90 - No courses found for skill: Node
2026-01-24 22:14:46 - hirelens - INFO - course_recommender.py:147 - Found 2 courses for Node.Js
2026-01-24 22:14:46 - hirelens - INFO - course_recommender.py:147 - Found 3 courses for Python
2026-01-24 22:14:46 - hirelens - INFO - course_recommender.py:147 - Found 3 courses for React
2026-01-24 22:14:46 - hirelens - WARNING - course_recommender.py:90 - No courses found for skill: Vue
2026-01-24 22:14:46 - hirelens - INFO - course_recommender.py:149 - Generated recommendations for 7 skills
2026-01-24 22:14:46 - hirelens - INFO - course_recommender.py:172 - Recommendations saved to C:\Users\sharo\HireLens\data\recommendations.json
2026-01-24 22:14:46 - hirelens - INFO - feedback_generator.py:294 - Generating feedback for evaluation d3746822-87b4-4125-be10-9cfb04ffbfd1
2026-01-24 22:14:46 - hirelens - INFO - feedback_generator.py:313 - Feedback generated successfully
2026-01-24 22:14:46 - hirelens - INFO - feedback_generator.py:333 - Feedback saved to C:\Users\sharo\HireLens\data\feedback.json
2026-01-24 22:14:46 - hirelens - INFO - routes.py:201 - Evaluating resume: Candidate 8.pdf
2026-01-24 22:14:46 - hirelens - INFO - routes.py:205 - Parsing resume from C:\Users\sharo\HireLens\uploads\Candidate 8.pdf
2026-01-24 22:14:46 - hirelens - INFO - resume_parser.py:363 - Parsing resume: C:\Users\sharo\HireLens\uploads\Candidate 8.pdf
2026-01-24 22:14:46 - hirelens - INFO - resume_parser.py:416 - Resume parsed successfully. Found 20 skills
2026-01-24 22:14:46 - hirelens - INFO - resume_parser.py:436 - Resume saved to C:\Users\sharo\HireLens\data\parsed_resumes.json
2026-01-24 22:14:46 - hirelens - INFO - evaluation_engine.py:257 - Evaluating resume 9d94bdf7-aeec-40c2-9a4a-2862b0527cc8 against job 40dcc544-53ea-41d9-875a-b3ae5fa4f446
2026-01-24 22:14:46 - hirelens - INFO - evaluation_engine.py:267 - Calculating TF-IDF similarity...
2026-01-24 22:14:46 - hirelens - INFO - evaluation_engine.py:269 - TF-IDF score: 0.331
2026-01-24 22:14:46 - hirelens - INFO - evaluation_engine.py:271 - Calculating fuzzy skill match...
2026-01-24 22:14:46 - hirelens - INFO - evaluation_engine.py:273 - Fuzzy match score: 0.898
2026-01-24 22:14:46 - hirelens - INFO - evaluation_engine.py:275 - Calculating embedding similarity...
2026-01-24 22:14:46 - hirelens - INFO - evaluation_engine.py:277 - Embedding score: 0.814
2026-01-24 22:14:46 - hirelens - INFO - evaluation_engine.py:281 - Hybrid score: 69.43
2026-01-24 22:14:46 - hirelens - INFO - evaluation_engine.py:285 - Classification: Average Fit
2026-01-24 22:14:46 - hirelens - INFO - evaluation_engine.py:304 - Evaluation complete. Matched: 14, Missing: 3
2026-01-24 22:14:46 - hirelens - INFO - evaluation_engine.py:324 - Evaluation saved to C:\Users\sharo\HireLens\data\evaluations.json
2026-01-24 22:14:46 - hirelens - INFO - skill_gap_analyzer.py:172 - Analyzing skill gaps for resume 9d94bdf7-aeec-40c2-9a4a-2862b0527cc8
2026-01-24 22:14:46 - hirelens - INFO - skill_gap_analyzer.py:205 - Skill gap analysis complete. Critical gaps: 3, Moderate gaps: 0, Weak areas: 0
2026-01-24 22:14:47 - hirelens - INFO - skill_gap_analyzer.py:228 - Skill gaps saved to C:\Users\sharo\HireLens\data\skill_gaps.json
2026-01-24 22:14:47 - hirelens - INFO - course_recommender.py:110 - Generating course recommendations for gap b409daca-94ad-4437-b9ef-6afebbc37f9c
2026-01-24 22:14:47 - hirelens - INFO - course_recommender.py:147 - Found 2 courses for Angular
2026-01-24 22:14:47 - hirelens - WARNING - course_recommender.py:90 - No courses found for skill: Documentation
2026-01-24 22:14:47 - hirelens - WARNING - course_recommender.py:90 - No courses found for skill: Vue
2026-01-24 22:14:47 - hirelens - INFO - course_recommender.py:149 - Generated recommendations for 1 skills
2026-01-24 22:14:47 - hirelens - INFO - course_recommender.py:172 - Recommendations saved to C:\Users\sharo\HireLens\data\recommendations.json
2026-01-24 22:14:47 - hirelens - INFO - feedback_generator.py:294 - Generating feedback for evaluation f40ce0fb-ca4b-4e67-9e52-255159b7bca8
2026-01-24 22:14:47 - hirelens - INFO - feedback_generator.py:313 - Feedback generated successfully
2026-01-24 22:14:47 - hirelens - INFO - feedback_generator.py:333 - Feedback saved to C:\Users\sharo\HireLens\data\feedback.json
2026-01-24 22:14:47 - hirelens - INFO - routes.py:201 - Evaluating resume: Candidate 9.pdf
2026-01-24 22:14:47 - hirelens - INFO - routes.py:205 - Parsing resume from C:\Users\sharo\HireLens\uploads\Candidate 9.pdf
2026-01-24 22:14:47 - hirelens - INFO - resume_parser.py:363 - Parsing resume: C:\Users\sharo\HireLens\uploads\Candidate 9.pdf
2026-01-24 22:14:47 - hirelens - ERROR - resume_parser.py:399 - Error extracting resume components: 2 validation errors for Education
degree
  Field required [type=missing, input_value={'year': '2025'}, input_type=dict]
    For further information visit https://errors.pydantic.dev/2.12/v/missing
institution
  Field required [type=missing, input_value={'year': '2025'}, input_type=dict]
    For further information visit https://errors.pydantic.dev/2.12/v/missing
2026-01-24 22:14:47 - hirelens - INFO - resume_parser.py:416 - Resume parsed successfully. Found 0 skills
2026-01-24 22:14:47 - hirelens - INFO - resume_parser.py:436 - Resume saved to C:\Users\sharo\HireLens\data\parsed_resumes.json
2026-01-24 22:14:47 - hirelens - INFO - evaluation_engine.py:257 - Evaluating resume b77c16c3-b722-440e-97f0-3ae980d0fff4 against job 40dcc544-53ea-41d9-875a-b3ae5fa4f446
2026-01-24 22:14:47 - hirelens - INFO - evaluation_engine.py:267 - Calculating TF-IDF similarity...
2026-01-24 22:14:47 - hirelens - INFO - evaluation_engine.py:269 - TF-IDF score: 0.032
2026-01-24 22:14:47 - hirelens - INFO - evaluation_engine.py:271 - Calculating fuzzy skill match...
2026-01-24 22:14:47 - hirelens - INFO - evaluation_engine.py:273 - Fuzzy match score: 0.000
2026-01-24 22:14:47 - hirelens - INFO - evaluation_engine.py:275 - Calculating embedding similarity...
2026-01-24 22:14:47 - hirelens - INFO - evaluation_engine.py:277 - Embedding score: 0.437
2026-01-24 22:14:47 - hirelens - INFO - evaluation_engine.py:281 - Hybrid score: 18.43
2026-01-24 22:14:47 - hirelens - INFO - evaluation_engine.py:285 - Classification: Not Fit
2026-01-24 22:14:47 - hirelens - INFO - evaluation_engine.py:304 - Evaluation complete. Matched: 0, Missing: 17
2026-01-24 22:14:47 - hirelens - INFO - evaluation_engine.py:324 - Evaluation saved to C:\Users\sharo\HireLens\data\evaluations.json
2026-01-24 22:14:47 - hirelens - INFO - skill_gap_analyzer.py:172 - Analyzing skill gaps for resume b77c16c3-b722-440e-97f0-3ae980d0fff4
2026-01-24 22:14:47 - hirelens - INFO - skill_gap_analyzer.py:205 - Skill gap analysis complete. Critical gaps: 17, Moderate gaps: 0, Weak areas: 0
2026-01-24 22:14:47 - hirelens - INFO - skill_gap_analyzer.py:228 - Skill gaps saved to C:\Users\sharo\HireLens\data\skill_gaps.json
2026-01-24 22:14:47 - hirelens - INFO - course_recommender.py:110 - Generating course recommendations for gap 245b12ef-cf9f-492c-aa67-da21e3db2d94
2026-01-24 22:14:47 - hirelens - WARNING - course_recommender.py:90 - No courses found for skill: AI
2026-01-24 22:14:47 - hirelens - INFO - course_recommender.py:147 - Found 2 courses for Angular
2026-01-24 22:14:47 - hirelens - WARNING - course_recommender.py:90 - No courses found for skill: CSS
2026-01-24 22:14:47 - hirelens - WARNING - course_recommender.py:90 - No courses found for skill: Documentation
2026-01-24 22:14:47 - hirelens - WARNING - course_recommender.py:90 - No courses found for skill: Firebase
2026-01-24 22:14:47 - hirelens - WARNING - course_recommender.py:90 - No courses found for skill: HTML
2026-01-24 22:14:47 - hirelens - INFO - course_recommender.py:147 - Found 3 courses for Java
2026-01-24 22:14:47 - hirelens - INFO - course_recommender.py:147 - Found 3 courses for Javascript
2026-01-24 22:14:47 - hirelens - WARNING - course_recommender.py:90 - No courses found for skill: Js
2026-01-24 22:14:47 - hirelens - WARNING - course_recommender.py:90 - No courses found for skill: Json
2026-01-24 22:14:47 - hirelens - INFO - course_recommender.py:147 - Found 2 courses for Mongodb
2026-01-24 22:14:47 - hirelens - WARNING - course_recommender.py:90 - No courses found for skill: Mysql
2026-01-24 22:14:47 - hirelens - WARNING - course_recommender.py:90 - No courses found for skill: Node
2026-01-24 22:14:47 - hirelens - INFO - course_recommender.py:147 - Found 2 courses for Node.Js
2026-01-24 22:14:47 - hirelens - INFO - course_recommender.py:147 - Found 3 courses for Python
2026-01-24 22:14:47 - hirelens - INFO - course_recommender.py:147 - Found 3 courses for React
2026-01-24 22:14:47 - hirelens - WARNING - course_recommender.py:90 - No courses found for skill: Vue
2026-01-24 22:14:47 - hirelens - INFO - course_recommender.py:149 - Generated recommendations for 7 skills
2026-01-24 22:14:47 - hirelens - INFO - course_recommender.py:172 - Recommendations saved to C:\Users\sharo\HireLens\data\recommendations.json
2026-01-24 22:14:47 - hirelens - INFO - feedback_generator.py:294 - Generating feedback for evaluation 454b1ab9-8775-4932-bbf7-8fe8e96a36f2
2026-01-24 22:14:47 - hirelens - INFO - feedback_generator.py:313 - Feedback generated successfully
2026-01-24 22:14:47 - hirelens - INFO - feedback_generator.py:333 - Feedback saved to C:\Users\sharo\HireLens\data\feedback.json
2026-01-24 22:14:47 - hirelens - INFO - routes.py:201 - Evaluating resume: Candidate 10.pdf
2026-01-24 22:14:47 - hirelens - INFO - routes.py:205 - Parsing resume from C:\Users\sharo\HireLens\uploads\Candidate 10.pdf
2026-01-24 22:14:47 - hirelens - INFO - resume_parser.py:363 - Parsing resume: C:\Users\sharo\HireLens\uploads\Candidate 10.pdf
2026-01-24 22:14:47 - hirelens - INFO - resume_parser.py:416 - Resume parsed successfully. Found 20 skills
2026-01-24 22:14:47 - hirelens - INFO - resume_parser.py:436 - Resume saved to C:\Users\sharo\HireLens\data\parsed_resumes.json
2026-01-24 22:14:47 - hirelens - INFO - evaluation_engine.py:257 - Evaluating resume 8d1c9c39-4308-417c-9446-6639401a3819 against job 40dcc544-53ea-41d9-875a-b3ae5fa4f446
2026-01-24 22:14:47 - hirelens - INFO - evaluation_engine.py:267 - Calculating TF-IDF similarity...
2026-01-24 22:14:47 - hirelens - INFO - evaluation_engine.py:269 - TF-IDF score: 0.331
2026-01-24 22:14:47 - hirelens - INFO - evaluation_engine.py:271 - Calculating fuzzy skill match...
2026-01-24 22:14:47 - hirelens - INFO - evaluation_engine.py:273 - Fuzzy match score: 0.898
2026-01-24 22:14:47 - hirelens - INFO - evaluation_engine.py:275 - Calculating embedding similarity...
2026-01-24 22:14:47 - hirelens - INFO - evaluation_engine.py:277 - Embedding score: 0.813
2026-01-24 22:14:47 - hirelens - INFO - evaluation_engine.py:281 - Hybrid score: 69.39
2026-01-24 22:14:47 - hirelens - INFO - evaluation_engine.py:285 - Classification: Average Fit
2026-01-24 22:14:48 - hirelens - INFO - evaluation_engine.py:304 - Evaluation complete. Matched: 14, Missing: 3
2026-01-24 22:14:48 - hirelens - INFO - evaluation_engine.py:324 - Evaluation saved to C:\Users\sharo\HireLens\data\evaluations.json
2026-01-24 22:14:48 - hirelens - INFO - skill_gap_analyzer.py:172 - Analyzing skill gaps for resume 8d1c9c39-4308-417c-9446-6639401a3819
2026-01-24 22:14:48 - hirelens - INFO - skill_gap_analyzer.py:205 - Skill gap analysis complete. Critical gaps: 3, Moderate gaps: 0, Weak areas: 0
2026-01-24 22:14:48 - hirelens - INFO - skill_gap_analyzer.py:228 - Skill gaps saved to C:\Users\sharo\HireLens\data\skill_gaps.json
2026-01-24 22:14:48 - hirelens - INFO - course_recommender.py:110 - Generating course recommendations for gap d529cb38-c338-43cf-b3cb-c3868928ba1e
2026-01-24 22:14:48 - hirelens - INFO - course_recommender.py:147 - Found 2 courses for Angular
2026-01-24 22:14:48 - hirelens - WARNING - course_recommender.py:90 - No courses found for skill: Documentation
2026-01-24 22:14:48 - hirelens - WARNING - course_recommender.py:90 - No courses found for skill: Vue
2026-01-24 22:14:48 - hirelens - INFO - course_recommender.py:149 - Generated recommendations for 1 skills
2026-01-24 22:14:48 - hirelens - INFO - course_recommender.py:172 - Recommendations saved to C:\Users\sharo\HireLens\data\recommendations.json
2026-01-24 22:14:48 - hirelens - INFO - feedback_generator.py:294 - Generating feedback for evaluation c3f0bcf3-0274-47f5-91b1-ba2d6f173b01
2026-01-24 22:14:48 - hirelens - INFO - feedback_generator.py:313 - Feedback generated successfully
2026-01-24 22:14:48 - hirelens - INFO - feedback_generator.py:333 - Feedback saved to C:\Users\sharo\HireLens\data\feedback.json
2026-01-24 22:14:48 - hirelens - INFO - routes.py:201 - Evaluating resume: Candidate 11.pdf
2026-01-24 22:14:48 - hirelens - INFO - routes.py:205 - Parsing resume from C:\Users\sharo\HireLens\uploads\Candidate 11.pdf
2026-01-24 22:14:48 - hirelens - INFO - resume_parser.py:363 - Parsing resume: C:\Users\sharo\HireLens\uploads\Candidate 11.pdf
2026-01-24 22:14:48 - hirelens - INFO - resume_parser.py:416 - Resume parsed successfully. Found 20 skills
2026-01-24 22:14:48 - hirelens - INFO - resume_parser.py:436 - Resume saved to C:\Users\sharo\HireLens\data\parsed_resumes.json
2026-01-24 22:14:48 - hirelens - INFO - evaluation_engine.py:257 - Evaluating resume dc76a9d6-b1f6-459d-990b-e5503cf6cf8a against job 40dcc544-53ea-41d9-875a-b3ae5fa4f446
2026-01-24 22:14:48 - hirelens - INFO - evaluation_engine.py:267 - Calculating TF-IDF similarity...
2026-01-24 22:14:48 - hirelens - INFO - evaluation_engine.py:269 - TF-IDF score: 0.331
2026-01-24 22:14:48 - hirelens - INFO - evaluation_engine.py:271 - Calculating fuzzy skill match...
2026-01-24 22:14:48 - hirelens - INFO - evaluation_engine.py:273 - Fuzzy match score: 0.898
2026-01-24 22:14:48 - hirelens - INFO - evaluation_engine.py:275 - Calculating embedding similarity...
2026-01-24 22:14:48 - hirelens - INFO - evaluation_engine.py:277 - Embedding score: 0.839
2026-01-24 22:14:48 - hirelens - INFO - evaluation_engine.py:281 - Hybrid score: 70.43
2026-01-24 22:14:48 - hirelens - INFO - evaluation_engine.py:285 - Classification: Average Fit
2026-01-24 22:14:48 - hirelens - INFO - evaluation_engine.py:304 - Evaluation complete. Matched: 14, Missing: 3
2026-01-24 22:14:48 - hirelens - INFO - evaluation_engine.py:324 - Evaluation saved to C:\Users\sharo\HireLens\data\evaluations.json
2026-01-24 22:14:48 - hirelens - INFO - skill_gap_analyzer.py:172 - Analyzing skill gaps for resume dc76a9d6-b1f6-459d-990b-e5503cf6cf8a
2026-01-24 22:14:48 - hirelens - INFO - skill_gap_analyzer.py:205 - Skill gap analysis complete. Critical gaps: 3, Moderate gaps: 0, Weak areas: 0
2026-01-24 22:14:48 - hirelens - INFO - skill_gap_analyzer.py:228 - Skill gaps saved to C:\Users\sharo\HireLens\data\skill_gaps.json
2026-01-24 22:14:48 - hirelens - INFO - course_recommender.py:110 - Generating course recommendations for gap 771e602d-80d3-4105-9dd1-d2bda9a3257a
2026-01-24 22:14:48 - hirelens - INFO - course_recommender.py:147 - Found 2 courses for Angular
2026-01-24 22:14:48 - hirelens - WARNING - course_recommender.py:90 - No courses found for skill: Documentation
2026-01-24 22:14:48 - hirelens - WARNING - course_recommender.py:90 - No courses found for skill: Vue
2026-01-24 22:14:48 - hirelens - INFO - course_recommender.py:149 - Generated recommendations for 1 skills
2026-01-24 22:14:48 - hirelens - INFO - course_recommender.py:172 - Recommendations saved to C:\Users\sharo\HireLens\data\recommendations.json
2026-01-24 22:14:48 - hirelens - INFO - feedback_generator.py:294 - Generating feedback for evaluation 66cb3adf-e161-48b1-bf57-8df94a347375
2026-01-24 22:14:48 - hirelens - INFO - feedback_generator.py:313 - Feedback generated successfully
2026-01-24 22:14:48 - hirelens - INFO - feedback_generator.py:333 - Feedback saved to C:\Users\sharo\HireLens\data\feedback.json
2026-01-24 22:14:48 - hirelens - INFO - routes.py:201 - Evaluating resume: Candidate 12.pdf
2026-01-24 22:14:48 - hirelens - INFO - routes.py:205 - Parsing resume from C:\Users\sharo\HireLens\uploads\Candidate 12.pdf
2026-01-24 22:14:48 - hirelens - INFO - resume_parser.py:363 - Parsing resume: C:\Users\sharo\HireLens\uploads\Candidate 12.pdf
2026-01-24 22:14:48 - hirelens - ERROR - resume_parser.py:399 - Error extracting resume components: 2 validation errors for Education
degree
  Field required [type=missing, input_value={'year': '2026'}, input_type=dict]
    For further information visit https://errors.pydantic.dev/2.12/v/missing
institution
  Field required [type=missing, input_value={'year': '2026'}, input_type=dict]
    For further information visit https://errors.pydantic.dev/2.12/v/missing
2026-01-24 22:14:48 - hirelens - INFO - resume_parser.py:416 - Resume parsed successfully. Found 0 skills
2026-01-24 22:14:48 - hirelens - INFO - resume_parser.py:436 - Resume saved to C:\Users\sharo\HireLens\data\parsed_resumes.json
2026-01-24 22:14:48 - hirelens - INFO - evaluation_engine.py:257 - Evaluating resume 1a6ec3d6-3ef8-4c99-8f50-d1e1be268fcb against job 40dcc544-53ea-41d9-875a-b3ae5fa4f446
2026-01-24 22:14:48 - hirelens - INFO - evaluation_engine.py:267 - Calculating TF-IDF similarity...
2026-01-24 22:14:48 - hirelens - INFO - evaluation_engine.py:269 - TF-IDF score: 0.050
2026-01-24 22:14:48 - hirelens - INFO - evaluation_engine.py:271 - Calculating fuzzy skill match...
2026-01-24 22:14:48 - hirelens - INFO - evaluation_engine.py:273 - Fuzzy match score: 0.000
2026-01-24 22:14:48 - hirelens - INFO - evaluation_engine.py:275 - Calculating embedding similarity...
2026-01-24 22:14:49 - hirelens - INFO - evaluation_engine.py:277 - Embedding score: 0.516
2026-01-24 22:14:49 - hirelens - INFO - evaluation_engine.py:281 - Hybrid score: 22.15
2026-01-24 22:14:49 - hirelens - INFO - evaluation_engine.py:285 - Classification: Not Fit
2026-01-24 22:14:49 - hirelens - INFO - evaluation_engine.py:304 - Evaluation complete. Matched: 0, Missing: 17
2026-01-24 22:14:49 - hirelens - INFO - evaluation_engine.py:324 - Evaluation saved to C:\Users\sharo\HireLens\data\evaluations.json
2026-01-24 22:14:49 - hirelens - INFO - skill_gap_analyzer.py:172 - Analyzing skill gaps for resume 1a6ec3d6-3ef8-4c99-8f50-d1e1be268fcb
2026-01-24 22:14:49 - hirelens - INFO - skill_gap_analyzer.py:205 - Skill gap analysis complete. Critical gaps: 17, Moderate gaps: 0, Weak areas: 0
2026-01-24 22:14:49 - hirelens - INFO - skill_gap_analyzer.py:228 - Skill gaps saved to C:\Users\sharo\HireLens\data\skill_gaps.json
2026-01-24 22:14:49 - hirelens - INFO - course_recommender.py:110 - Generating course recommendations for gap 47afbd60-bb46-4c11-95cb-2d94303df131
2026-01-24 22:14:49 - hirelens - WARNING - course_recommender.py:90 - No courses found for skill: AI
2026-01-24 22:14:49 - hirelens - INFO - course_recommender.py:147 - Found 2 courses for Angular
2026-01-24 22:14:49 - hirelens - WARNING - course_recommender.py:90 - No courses found for skill: CSS
2026-01-24 22:14:49 - hirelens - WARNING - course_recommender.py:90 - No courses found for skill: Documentation
2026-01-24 22:14:49 - hirelens - WARNING - course_recommender.py:90 - No courses found for skill: Firebase
2026-01-24 22:14:49 - hirelens - WARNING - course_recommender.py:90 - No courses found for skill: HTML
2026-01-24 22:14:49 - hirelens - INFO - course_recommender.py:147 - Found 3 courses for Java
2026-01-24 22:14:49 - hirelens - INFO - course_recommender.py:147 - Found 3 courses for Javascript
2026-01-24 22:14:49 - hirelens - WARNING - course_recommender.py:90 - No courses found for skill: Js
2026-01-24 22:14:49 - hirelens - WARNING - course_recommender.py:90 - No courses found for skill: Json
2026-01-24 22:14:49 - hirelens - INFO - course_recommender.py:147 - Found 2 courses for Mongodb
2026-01-24 22:14:49 - hirelens - WARNING - course_recommender.py:90 - No courses found for skill: Mysql
2026-01-24 22:14:49 - hirelens - WARNING - course_recommender.py:90 - No courses found for skill: Node
2026-01-24 22:14:49 - hirelens - INFO - course_recommender.py:147 - Found 2 courses for Node.Js
2026-01-24 22:14:49 - hirelens - INFO - course_recommender.py:147 - Found 3 courses for Python
2026-01-24 22:14:49 - hirelens - INFO - course_recommender.py:147 - Found 3 courses for React
2026-01-24 22:14:49 - hirelens - WARNING - course_recommender.py:90 - No courses found for skill: Vue
2026-01-24 22:14:49 - hirelens - INFO - course_recommender.py:149 - Generated recommendations for 7 skills
2026-01-24 22:14:49 - hirelens - INFO - course_recommender.py:172 - Recommendations saved to C:\Users\sharo\HireLens\data\recommendations.json
2026-01-24 22:14:49 - hirelens - INFO - feedback_generator.py:294 - Generating feedback for evaluation 09bda410-0541-43de-ab81-779478b10747
2026-01-24 22:14:49 - hirelens - INFO - feedback_generator.py:313 - Feedback generated successfully
2026-01-24 22:14:49 - hirelens - INFO - feedback_generator.py:333 - Feedback saved to C:\Users\sharo\HireLens\data\feedback.json
2026-01-24 22:14:49 - hirelens - INFO - routes.py:201 - Evaluating resume: Candidate 13.pdf
2026-01-24 22:14:49 - hirelens - INFO - routes.py:205 - Parsing resume from C:\Users\sharo\HireLens\uploads\Candidate 13.pdf
2026-01-24 22:14:49 - hirelens - INFO - resume_parser.py:363 - Parsing resume: C:\Users\sharo\HireLens\uploads\Candidate 13.pdf
2026-01-24 22:14:49 - hirelens - INFO - resume_parser.py:416 - Resume parsed successfully. Found 20 skills
2026-01-24 22:14:49 - hirelens - INFO - resume_parser.py:436 - Resume saved to C:\Users\sharo\HireLens\data\parsed_resumes.json
2026-01-24 22:14:49 - hirelens - INFO - evaluation_engine.py:257 - Evaluating resume 76844694-062d-4d7d-a4a2-87a897ce1235 against job 40dcc544-53ea-41d9-875a-b3ae5fa4f446
2026-01-24 22:14:49 - hirelens - INFO - evaluation_engine.py:267 - Calculating TF-IDF similarity...
2026-01-24 22:14:49 - hirelens - INFO - evaluation_engine.py:269 - TF-IDF score: 0.331
2026-01-24 22:14:49 - hirelens - INFO - evaluation_engine.py:271 - Calculating fuzzy skill match...
2026-01-24 22:14:49 - hirelens - INFO - evaluation_engine.py:273 - Fuzzy match score: 0.898
2026-01-24 22:14:49 - hirelens - INFO - evaluation_engine.py:275 - Calculating embedding similarity...
2026-01-24 22:14:49 - hirelens - INFO - evaluation_engine.py:277 - Embedding score: 0.835
2026-01-24 22:14:49 - hirelens - INFO - evaluation_engine.py:281 - Hybrid score: 70.27
2026-01-24 22:14:49 - hirelens - INFO - evaluation_engine.py:285 - Classification: Average Fit
2026-01-24 22:14:49 - hirelens - INFO - evaluation_engine.py:304 - Evaluation complete. Matched: 14, Missing: 3
2026-01-24 22:14:49 - hirelens - INFO - evaluation_engine.py:324 - Evaluation saved to C:\Users\sharo\HireLens\data\evaluations.json
2026-01-24 22:14:49 - hirelens - INFO - skill_gap_analyzer.py:172 - Analyzing skill gaps for resume 76844694-062d-4d7d-a4a2-87a897ce1235
2026-01-24 22:14:49 - hirelens - INFO - skill_gap_analyzer.py:205 - Skill gap analysis complete. Critical gaps: 3, Moderate gaps: 0, Weak areas: 0
2026-01-24 22:14:49 - hirelens - INFO - skill_gap_analyzer.py:228 - Skill gaps saved to C:\Users\sharo\HireLens\data\skill_gaps.json
2026-01-24 22:14:49 - hirelens - INFO - course_recommender.py:110 - Generating course recommendations for gap 2522fe79-dfd7-4fc4-9377-399762a81bdf
2026-01-24 22:14:49 - hirelens - INFO - course_recommender.py:147 - Found 2 courses for Angular
2026-01-24 22:14:49 - hirelens - WARNING - course_recommender.py:90 - No courses found for skill: Documentation
2026-01-24 22:14:49 - hirelens - WARNING - course_recommender.py:90 - No courses found for skill: Vue
2026-01-24 22:14:49 - hirelens - INFO - course_recommender.py:149 - Generated recommendations for 1 skills
2026-01-24 22:14:49 - hirelens - INFO - course_recommender.py:172 - Recommendations saved to C:\Users\sharo\HireLens\data\recommendations.json
2026-01-24 22:14:49 - hirelens - INFO - feedback_generator.py:294 - Generating feedback for evaluation 294ba005-ae4f-429d-89bc-93602c87a68f
2026-01-24 22:14:49 - hirelens - INFO - feedback_generator.py:313 - Feedback generated successfully
2026-01-24 22:14:49 - hirelens - INFO - feedback_generator.py:333 - Feedback saved to C:\Users\sharo\HireLens\data\feedback.json
2026-01-24 22:14:49 - hirelens - INFO - routes.py:201 - Evaluating resume: Candidate 14.pdf
2026-01-24 22:14:49 - hirelens - INFO - routes.py:205 - Parsing resume from C:\Users\sharo\HireLens\uploads\Candidate 14.pdf
2026-01-24 22:14:49 - hirelens - INFO - resume_parser.py:363 - Parsing resume: C:\Users\sharo\HireLens\uploads\Candidate 14.pdf
2026-01-24 22:14:49 - hirelens - ERROR - resume_parser.py:399 - Error extracting resume components: 1 validation error for Education
institution
  Field required [type=missing, input_value={'degree': 'B.Tech CSE, 2025', 'year': '2025'}, input_type=dict]
    For further information visit https://errors.pydantic.dev/2.12/v/missing
2026-01-24 22:14:49 - hirelens - INFO - resume_parser.py:416 - Resume parsed successfully. Found 0 skills
2026-01-24 22:14:49 - hirelens - INFO - resume_parser.py:436 - Resume saved to C:\Users\sharo\HireLens\data\parsed_resumes.json
2026-01-24 22:14:49 - hirelens - INFO - evaluation_engine.py:257 - Evaluating resume a887689d-b4eb-4990-8bdb-9f997bac840d against job 40dcc544-53ea-41d9-875a-b3ae5fa4f446
2026-01-24 22:14:49 - hirelens - INFO - evaluation_engine.py:267 - Calculating TF-IDF similarity...
2026-01-24 22:14:49 - hirelens - INFO - evaluation_engine.py:269 - TF-IDF score: 0.063
2026-01-24 22:14:49 - hirelens - INFO - evaluation_engine.py:271 - Calculating fuzzy skill match...
2026-01-24 22:14:49 - hirelens - INFO - evaluation_engine.py:273 - Fuzzy match score: 0.000
2026-01-24 22:14:49 - hirelens - INFO - evaluation_engine.py:275 - Calculating embedding similarity...
2026-01-24 22:14:50 - hirelens - INFO - evaluation_engine.py:277 - Embedding score: 0.623
2026-01-24 22:14:50 - hirelens - INFO - evaluation_engine.py:281 - Hybrid score: 26.78
2026-01-24 22:14:50 - hirelens - INFO - evaluation_engine.py:285 - Classification: Not Fit
2026-01-24 22:14:50 - hirelens - INFO - evaluation_engine.py:304 - Evaluation complete. Matched: 0, Missing: 17
2026-01-24 22:14:50 - hirelens - INFO - evaluation_engine.py:324 - Evaluation saved to C:\Users\sharo\HireLens\data\evaluations.json
2026-01-24 22:14:50 - hirelens - INFO - skill_gap_analyzer.py:172 - Analyzing skill gaps for resume a887689d-b4eb-4990-8bdb-9f997bac840d
2026-01-24 22:14:50 - hirelens - INFO - skill_gap_analyzer.py:205 - Skill gap analysis complete. Critical gaps: 17, Moderate gaps: 0, Weak areas: 0
2026-01-24 22:14:50 - hirelens - INFO - skill_gap_analyzer.py:228 - Skill gaps saved to C:\Users\sharo\HireLens\data\skill_gaps.json
2026-01-24 22:14:50 - hirelens - INFO - course_recommender.py:110 - Generating course recommendations for gap 53e3d531-e4b7-4088-9a79-603cfe202e38
2026-01-24 22:14:50 - hirelens - WARNING - course_recommender.py:90 - No courses found for skill: AI
2026-01-24 22:14:50 - hirelens - INFO - course_recommender.py:147 - Found 2 courses for Angular
2026-01-24 22:14:50 - hirelens - WARNING - course_recommender.py:90 - No courses found for skill: CSS
2026-01-24 22:14:50 - hirelens - WARNING - course_recommender.py:90 - No courses found for skill: Documentation
2026-01-24 22:14:50 - hirelens - WARNING - course_recommender.py:90 - No courses found for skill: Firebase
2026-01-24 22:14:50 - hirelens - WARNING - course_recommender.py:90 - No courses found for skill: HTML
2026-01-24 22:14:50 - hirelens - INFO - course_recommender.py:147 - Found 3 courses for Java
2026-01-24 22:14:50 - hirelens - INFO - course_recommender.py:147 - Found 3 courses for Javascript
2026-01-24 22:14:50 - hirelens - WARNING - course_recommender.py:90 - No courses found for skill: Js
2026-01-24 22:14:50 - hirelens - WARNING - course_recommender.py:90 - No courses found for skill: Json
2026-01-24 22:14:50 - hirelens - INFO - course_recommender.py:147 - Found 2 courses for Mongodb
2026-01-24 22:14:50 - hirelens - WARNING - course_recommender.py:90 - No courses found for skill: Mysql
2026-01-24 22:14:50 - hirelens - WARNING - course_recommender.py:90 - No courses found for skill: Node
2026-01-24 22:14:50 - hirelens - INFO - course_recommender.py:147 - Found 2 courses for Node.Js
2026-01-24 22:14:50 - hirelens - INFO - course_recommender.py:147 - Found 3 courses for Python
2026-01-24 22:14:50 - hirelens - INFO - course_recommender.py:147 - Found 3 courses for React
2026-01-24 22:14:50 - hirelens - WARNING - course_recommender.py:90 - No courses found for skill: Vue
2026-01-24 22:14:50 - hirelens - INFO - course_recommender.py:149 - Generated recommendations for 7 skills
2026-01-24 22:14:50 - hirelens - INFO - course_recommender.py:172 - Recommendations saved to C:\Users\sharo\HireLens\data\recommendations.json
2026-01-24 22:14:50 - hirelens - INFO - feedback_generator.py:294 - Generating feedback for evaluation b5cd99d5-6210-4426-ae9f-7ae862606805
2026-01-24 22:14:50 - hirelens - INFO - feedback_generator.py:313 - Feedback generated successfully
2026-01-24 22:14:50 - hirelens - INFO - feedback_generator.py:333 - Feedback saved to C:\Users\sharo\HireLens\data\feedback.json
2026-01-24 22:14:50 - hirelens - INFO - routes.py:201 - Evaluating resume: Candidate 15.pdf
2026-01-24 22:14:50 - hirelens - INFO - routes.py:205 - Parsing resume from C:\Users\sharo\HireLens\uploads\Candidate 15.pdf
2026-01-24 22:14:50 - hirelens - INFO - resume_parser.py:363 - Parsing resume: C:\Users\sharo\HireLens\uploads\Candidate 15.pdf
2026-01-24 22:14:50 - hirelens - ERROR - resume_parser.py:399 - Error extracting resume components: 2 validation errors for Education
degree
  Field required [type=missing, input_value={'year': '2024'}, input_type=dict]
    For further information visit https://errors.pydantic.dev/2.12/v/missing
institution
  Field required [type=missing, input_value={'year': '2024'}, input_type=dict]
    For further information visit https://errors.pydantic.dev/2.12/v/missing
2026-01-24 22:14:50 - hirelens - INFO - resume_parser.py:416 - Resume parsed successfully. Found 0 skills
2026-01-24 22:14:50 - hirelens - INFO - resume_parser.py:436 - Resume saved to C:\Users\sharo\HireLens\data\parsed_resumes.json
2026-01-24 22:14:50 - hirelens - INFO - evaluation_engine.py:257 - Evaluating resume c9dcb017-f6ef-474c-8203-5fa5ec970ce5 against job 40dcc544-53ea-41d9-875a-b3ae5fa4f446
2026-01-24 22:14:50 - hirelens - INFO - evaluation_engine.py:267 - Calculating TF-IDF similarity...
2026-01-24 22:14:50 - hirelens - INFO - evaluation_engine.py:269 - TF-IDF score: 0.027
2026-01-24 22:14:50 - hirelens - INFO - evaluation_engine.py:271 - Calculating fuzzy skill match...
2026-01-24 22:14:50 - hirelens - INFO - evaluation_engine.py:273 - Fuzzy match score: 0.000
2026-01-24 22:14:50 - hirelens - INFO - evaluation_engine.py:275 - Calculating embedding similarity...
2026-01-24 22:14:50 - hirelens - INFO - evaluation_engine.py:277 - Embedding score: 0.430
2026-01-24 22:14:50 - hirelens - INFO - evaluation_engine.py:281 - Hybrid score: 18.01
2026-01-24 22:14:50 - hirelens - INFO - evaluation_engine.py:285 - Classification: Not Fit
2026-01-24 22:14:50 - hirelens - INFO - evaluation_engine.py:304 - Evaluation complete. Matched: 0, Missing: 17
2026-01-24 22:14:50 - hirelens - INFO - evaluation_engine.py:324 - Evaluation saved to C:\Users\sharo\HireLens\data\evaluations.json
2026-01-24 22:14:50 - hirelens - INFO - skill_gap_analyzer.py:172 - Analyzing skill gaps for resume c9dcb017-f6ef-474c-8203-5fa5ec970ce5
2026-01-24 22:14:50 - hirelens - INFO - skill_gap_analyzer.py:205 - Skill gap analysis complete. Critical gaps: 17, Moderate gaps: 0, Weak areas: 0
2026-01-24 22:14:50 - hirelens - INFO - skill_gap_analyzer.py:228 - Skill gaps saved to C:\Users\sharo\HireLens\data\skill_gaps.json
2026-01-24 22:14:50 - hirelens - INFO - course_recommender.py:110 - Generating course recommendations for gap a3642b05-9ebc-433b-8fc9-7f2dc3b86be1
2026-01-24 22:14:50 - hirelens - WARNING - course_recommender.py:90 - No courses found for skill: AI
2026-01-24 22:14:50 - hirelens - INFO - course_recommender.py:147 - Found 2 courses for Angular
2026-01-24 22:14:50 - hirelens - WARNING - course_recommender.py:90 - No courses found for skill: CSS
2026-01-24 22:14:50 - hirelens - WARNING - course_recommender.py:90 - No courses found for skill: Documentation
2026-01-24 22:14:50 - hirelens - WARNING - course_recommender.py:90 - No courses found for skill: Firebase
2026-01-24 22:14:50 - hirelens - WARNING - course_recommender.py:90 - No courses found for skill: HTML
2026-01-24 22:14:50 - hirelens - INFO - course_recommender.py:147 - Found 3 courses for Java
2026-01-24 22:14:50 - hirelens - INFO - course_recommender.py:147 - Found 3 courses for Javascript
2026-01-24 22:14:50 - hirelens - WARNING - course_recommender.py:90 - No courses found for skill: Js
2026-01-24 22:14:50 - hirelens - WARNING - course_recommender.py:90 - No courses found for skill: Json
2026-01-24 22:14:50 - hirelens - INFO - course_recommender.py:147 - Found 2 courses for Mongodb
2026-01-24 22:14:50 - hirelens - WARNING - course_recommender.py:90 - No courses found for skill: Mysql
2026-01-24 22:14:50 - hirelens - WARNING - course_recommender.py:90 - No courses found for skill: Node
2026-01-24 22:14:50 - hirelens - INFO - course_recommender.py:147 - Found 2 courses for Node.Js
2026-01-24 22:14:50 - hirelens - INFO - course_recommender.py:147 - Found 3 courses for Python
2026-01-24 22:14:50 - hirelens - INFO - course_recommender.py:147 - Found 3 courses for React
2026-01-24 22:14:50 - hirelens - WARNING - course_recommender.py:90 - No courses found for skill: Vue
2026-01-24 22:14:50 - hirelens - INFO - course_recommender.py:149 - Generated recommendations for 7 skills
2026-01-24 22:14:50 - hirelens - INFO - course_recommender.py:172 - Recommendations saved to C:\Users\sharo\HireLens\data\recommendations.json
2026-01-24 22:14:50 - hirelens - INFO - feedback_generator.py:294 - Generating feedback for evaluation 159ffb6a-facc-4adb-b416-d8346a48dff3
2026-01-24 22:14:50 - hirelens - INFO - feedback_generator.py:313 - Feedback generated successfully
2026-01-24 22:14:50 - hirelens - INFO - feedback_generator.py:333 - Feedback saved to C:\Users\sharo\HireLens\data\feedback.json
2026-01-24 22:14:50 - hirelens - INFO - routes.py:201 - Evaluating resume: Candidate 16.pdf
2026-01-24 22:14:50 - hirelens - INFO - routes.py:205 - Parsing resume from C:\Users\sharo\HireLens\uploads\Candidate 16.pdf
2026-01-24 22:14:50 - hirelens - INFO - resume_parser.py:363 - Parsing resume: C:\Users\sharo\HireLens\uploads\Candidate 16.pdf
2026-01-24 22:14:50 - hirelens - INFO - resume_parser.py:416 - Resume parsed successfully. Found 20 skills
2026-01-24 22:14:51 - hirelens - INFO - resume_parser.py:436 - Resume saved to C:\Users\sharo\HireLens\data\parsed_resumes.json
2026-01-24 22:14:51 - hirelens - INFO - evaluation_engine.py:257 - Evaluating resume 49ec092a-6678-4e78-a636-8f42b8a3d231 against job 40dcc544-53ea-41d9-875a-b3ae5fa4f446
2026-01-24 22:14:51 - hirelens - INFO - evaluation_engine.py:267 - Calculating TF-IDF similarity...
2026-01-24 22:14:51 - hirelens - INFO - evaluation_engine.py:269 - TF-IDF score: 0.331
2026-01-24 22:14:51 - hirelens - INFO - evaluation_engine.py:271 - Calculating fuzzy skill match...
2026-01-24 22:14:51 - hirelens - INFO - evaluation_engine.py:273 - Fuzzy match score: 0.898
2026-01-24 22:14:51 - hirelens - INFO - evaluation_engine.py:275 - Calculating embedding similarity...
2026-01-24 22:14:51 - hirelens - INFO - evaluation_engine.py:277 - Embedding score: 0.830
2026-01-24 22:14:51 - hirelens - INFO - evaluation_engine.py:281 - Hybrid score: 70.10
2026-01-24 22:14:51 - hirelens - INFO - evaluation_engine.py:285 - Classification: Average Fit
2026-01-24 22:14:51 - hirelens - INFO - evaluation_engine.py:304 - Evaluation complete. Matched: 14, Missing: 3
2026-01-24 22:14:51 - hirelens - INFO - evaluation_engine.py:324 - Evaluation saved to C:\Users\sharo\HireLens\data\evaluations.json
2026-01-24 22:14:51 - hirelens - INFO - skill_gap_analyzer.py:172 - Analyzing skill gaps for resume 49ec092a-6678-4e78-a636-8f42b8a3d231
2026-01-24 22:14:51 - hirelens - INFO - skill_gap_analyzer.py:205 - Skill gap analysis complete. Critical gaps: 3, Moderate gaps: 0, Weak areas: 0
2026-01-24 22:14:51 - hirelens - INFO - skill_gap_analyzer.py:228 - Skill gaps saved to C:\Users\sharo\HireLens\data\skill_gaps.json
2026-01-24 22:14:51 - hirelens - INFO - course_recommender.py:110 - Generating course recommendations for gap b42eb10d-4ab9-4a61-b2be-346671427313
2026-01-24 22:14:51 - hirelens - INFO - course_recommender.py:147 - Found 2 courses for Angular
2026-01-24 22:14:51 - hirelens - WARNING - course_recommender.py:90 - No courses found for skill: Documentation
2026-01-24 22:14:51 - hirelens - WARNING - course_recommender.py:90 - No courses found for skill: Vue
2026-01-24 22:14:51 - hirelens - INFO - course_recommender.py:149 - Generated recommendations for 1 skills
2026-01-24 22:14:51 - hirelens - INFO - course_recommender.py:172 - Recommendations saved to C:\Users\sharo\HireLens\data\recommendations.json
2026-01-24 22:14:51 - hirelens - INFO - feedback_generator.py:294 - Generating feedback for evaluation 20a4072b-773a-4ca0-b9b9-b4699d9c7f84
2026-01-24 22:14:51 - hirelens - INFO - feedback_generator.py:313 - Feedback generated successfully
2026-01-24 22:14:51 - hirelens - INFO - feedback_generator.py:333 - Feedback saved to C:\Users\sharo\HireLens\data\feedback.json
2026-01-24 22:14:51 - hirelens - INFO - routes.py:201 - Evaluating resume: Candidate 17.pdf
2026-01-24 22:14:51 - hirelens - INFO - routes.py:205 - Parsing resume from C:\Users\sharo\HireLens\uploads\Candidate 17.pdf
2026-01-24 22:14:51 - hirelens - INFO - resume_parser.py:363 - Parsing resume: C:\Users\sharo\HireLens\uploads\Candidate 17.pdf
2026-01-24 22:14:51 - hirelens - INFO - resume_parser.py:416 - Resume parsed successfully. Found 20 skills
2026-01-24 22:14:51 - hirelens - INFO - resume_parser.py:436 - Resume saved to C:\Users\sharo\HireLens\data\parsed_resumes.json
2026-01-24 22:14:51 - hirelens - INFO - evaluation_engine.py:257 - Evaluating resume fef262a1-3e92-44f3-9c3b-698040d9a6f7 against job 40dcc544-53ea-41d9-875a-b3ae5fa4f446
2026-01-24 22:14:51 - hirelens - INFO - evaluation_engine.py:267 - Calculating TF-IDF similarity...
2026-01-24 22:14:51 - hirelens - INFO - evaluation_engine.py:269 - TF-IDF score: 0.331
2026-01-24 22:14:51 - hirelens - INFO - evaluation_engine.py:271 - Calculating fuzzy skill match...
2026-01-24 22:14:51 - hirelens - INFO - evaluation_engine.py:273 - Fuzzy match score: 0.898
2026-01-24 22:14:51 - hirelens - INFO - evaluation_engine.py:275 - Calculating embedding similarity...
2026-01-24 22:14:51 - hirelens - INFO - evaluation_engine.py:277 - Embedding score: 0.807
2026-01-24 22:14:51 - hirelens - INFO - evaluation_engine.py:281 - Hybrid score: 69.18
2026-01-24 22:14:51 - hirelens - INFO - evaluation_engine.py:285 - Classification: Average Fit
2026-01-24 22:14:51 - hirelens - INFO - evaluation_engine.py:304 - Evaluation complete. Matched: 14, Missing: 3
2026-01-24 22:14:51 - hirelens - INFO - evaluation_engine.py:324 - Evaluation saved to C:\Users\sharo\HireLens\data\evaluations.json
2026-01-24 22:14:51 - hirelens - INFO - skill_gap_analyzer.py:172 - Analyzing skill gaps for resume fef262a1-3e92-44f3-9c3b-698040d9a6f7
2026-01-24 22:14:51 - hirelens - INFO - skill_gap_analyzer.py:205 - Skill gap analysis complete. Critical gaps: 3, Moderate gaps: 0, Weak areas: 0
2026-01-24 22:14:51 - hirelens - INFO - skill_gap_analyzer.py:228 - Skill gaps saved to C:\Users\sharo\HireLens\data\skill_gaps.json
2026-01-24 22:14:51 - hirelens - INFO - course_recommender.py:110 - Generating course recommendations for gap 50faa65c-a182-482a-a99c-07dc27c17520
2026-01-24 22:14:51 - hirelens - INFO - course_recommender.py:147 - Found 2 courses for Angular
2026-01-24 22:14:51 - hirelens - WARNING - course_recommender.py:90 - No courses found for skill: Documentation
2026-01-24 22:14:51 - hirelens - WARNING - course_recommender.py:90 - No courses found for skill: Vue
2026-01-24 22:14:51 - hirelens - INFO - course_recommender.py:149 - Generated recommendations for 1 skills
2026-01-24 22:14:51 - hirelens - INFO - course_recommender.py:172 - Recommendations saved to C:\Users\sharo\HireLens\data\recommendations.json
2026-01-24 22:14:51 - hirelens - INFO - feedback_generator.py:294 - Generating feedback for evaluation 27c57f07-63f2-4aaa-8164-b31f98369766
2026-01-24 22:14:51 - hirelens - INFO - feedback_generator.py:313 - Feedback generated successfully
2026-01-24 22:14:52 - hirelens - INFO - feedback_generator.py:333 - Feedback saved to C:\Users\sharo\HireLens\data\feedback.json
2026-01-24 22:14:52 - hirelens - INFO - routes.py:201 - Evaluating resume: Candidate 18.pdf
2026-01-24 22:14:52 - hirelens - INFO - routes.py:205 - Parsing resume from C:\Users\sharo\HireLens\uploads\Candidate 18.pdf
2026-01-24 22:14:52 - hirelens - INFO - resume_parser.py:363 - Parsing resume: C:\Users\sharo\HireLens\uploads\Candidate 18.pdf
2026-01-24 22:14:52 - hirelens - ERROR - resume_parser.py:399 - Error extracting resume components: 2 validation errors for Education
degree
  Field required [type=missing, input_value={'year': '2025'}, input_type=dict]
    For further information visit https://errors.pydantic.dev/2.12/v/missing
institution
  Field required [type=missing, input_value={'year': '2025'}, input_type=dict]
    For further information visit https://errors.pydantic.dev/2.12/v/missing
2026-01-24 22:14:52 - hirelens - INFO - resume_parser.py:416 - Resume parsed successfully. Found 0 skills
2026-01-24 22:14:52 - hirelens - INFO - resume_parser.py:436 - Resume saved to C:\Users\sharo\HireLens\data\parsed_resumes.json
2026-01-24 22:14:52 - hirelens - INFO - evaluation_engine.py:257 - Evaluating resume 5f1b7f11-6c56-4752-b4f1-47f453bde834 against job 40dcc544-53ea-41d9-875a-b3ae5fa4f446
2026-01-24 22:14:52 - hirelens - INFO - evaluation_engine.py:267 - Calculating TF-IDF similarity...
2026-01-24 22:14:52 - hirelens - INFO - evaluation_engine.py:269 - TF-IDF score: 0.028
2026-01-24 22:14:52 - hirelens - INFO - evaluation_engine.py:271 - Calculating fuzzy skill match...
2026-01-24 22:14:52 - hirelens - INFO - evaluation_engine.py:273 - Fuzzy match score: 0.000
2026-01-24 22:14:52 - hirelens - INFO - evaluation_engine.py:275 - Calculating embedding similarity...
2026-01-24 22:14:52 - hirelens - INFO - evaluation_engine.py:277 - Embedding score: 0.365
2026-01-24 22:14:52 - hirelens - INFO - evaluation_engine.py:281 - Hybrid score: 15.47
2026-01-24 22:14:52 - hirelens - INFO - evaluation_engine.py:285 - Classification: Not Fit
2026-01-24 22:14:52 - hirelens - INFO - evaluation_engine.py:304 - Evaluation complete. Matched: 0, Missing: 17
2026-01-24 22:14:52 - hirelens - INFO - evaluation_engine.py:324 - Evaluation saved to C:\Users\sharo\HireLens\data\evaluations.json
2026-01-24 22:14:52 - hirelens - INFO - skill_gap_analyzer.py:172 - Analyzing skill gaps for resume 5f1b7f11-6c56-4752-b4f1-47f453bde834
2026-01-24 22:14:52 - hirelens - INFO - skill_gap_analyzer.py:205 - Skill gap analysis complete. Critical gaps: 17, Moderate gaps: 0, Weak areas: 0
2026-01-24 22:14:52 - hirelens - INFO - skill_gap_analyzer.py:228 - Skill gaps saved to C:\Users\sharo\HireLens\data\skill_gaps.json
2026-01-24 22:14:52 - hirelens - INFO - course_recommender.py:110 - Generating course recommendations for gap cca19cbc-a672-4c18-8f85-67ebbff0604f
2026-01-24 22:14:52 - hirelens - WARNING - course_recommender.py:90 - No courses found for skill: AI
2026-01-24 22:14:52 - hirelens - INFO - course_recommender.py:147 - Found 2 courses for Angular
2026-01-24 22:14:52 - hirelens - WARNING - course_recommender.py:90 - No courses found for skill: CSS
2026-01-24 22:14:52 - hirelens - WARNING - course_recommender.py:90 - No courses found for skill: Documentation
2026-01-24 22:14:52 - hirelens - WARNING - course_recommender.py:90 - No courses found for skill: Firebase
2026-01-24 22:14:52 - hirelens - WARNING - course_recommender.py:90 - No courses found for skill: HTML
2026-01-24 22:14:52 - hirelens - INFO - course_recommender.py:147 - Found 3 courses for Java
2026-01-24 22:14:52 - hirelens - INFO - course_recommender.py:147 - Found 3 courses for Javascript
2026-01-24 22:14:52 - hirelens - WARNING - course_recommender.py:90 - No courses found for skill: Js
2026-01-24 22:14:52 - hirelens - WARNING - course_recommender.py:90 - No courses found for skill: Json
2026-01-24 22:14:52 - hirelens - INFO - course_recommender.py:147 - Found 2 courses for Mongodb
2026-01-24 22:14:52 - hirelens - WARNING - course_recommender.py:90 - No courses found for skill: Mysql
2026-01-24 22:14:52 - hirelens - WARNING - course_recommender.py:90 - No courses found for skill: Node
2026-01-24 22:14:52 - hirelens - INFO - course_recommender.py:147 - Found 2 courses for Node.Js
2026-01-24 22:14:52 - hirelens - INFO - course_recommender.py:147 - Found 3 courses for Python
2026-01-24 22:14:52 - hirelens - INFO - course_recommender.py:147 - Found 3 courses for React
2026-01-24 22:14:52 - hirelens - WARNING - course_recommender.py:90 - No courses found for skill: Vue
2026-01-24 22:14:52 - hirelens - INFO - course_recommender.py:149 - Generated recommendations for 7 skills
2026-01-24 22:14:52 - hirelens - INFO - course_recommender.py:172 - Recommendations saved to C:\Users\sharo\HireLens\data\recommendations.json
2026-01-24 22:14:52 - hirelens - INFO - feedback_generator.py:294 - Generating feedback for evaluation 39ebd6c2-b3b8-4f47-943d-0d5710839365
2026-01-24 22:14:52 - hirelens - INFO - feedback_generator.py:313 - Feedback generated successfully
2026-01-24 22:14:52 - hirelens - INFO - feedback_generator.py:333 - Feedback saved to C:\Users\sharo\HireLens\data\feedback.json
2026-01-24 22:14:52 - hirelens - INFO - routes.py:201 - Evaluating resume: Candidate 19.pdf
2026-01-24 22:14:52 - hirelens - INFO - routes.py:205 - Parsing resume from C:\Users\sharo\HireLens\uploads\Candidate 19.pdf
2026-01-24 22:14:52 - hirelens - INFO - resume_parser.py:363 - Parsing resume: C:\Users\sharo\HireLens\uploads\Candidate 19.pdf
2026-01-24 22:14:52 - hirelens - INFO - resume_parser.py:416 - Resume parsed successfully. Found 20 skills
2026-01-24 22:14:52 - hirelens - INFO - resume_parser.py:436 - Resume saved to C:\Users\sharo\HireLens\data\parsed_resumes.json
2026-01-24 22:14:52 - hirelens - INFO - evaluation_engine.py:257 - Evaluating resume b1dba9f6-c86e-4e40-bc5c-1362af1124a3 against job 40dcc544-53ea-41d9-875a-b3ae5fa4f446
2026-01-24 22:14:52 - hirelens - INFO - evaluation_engine.py:267 - Calculating TF-IDF similarity...
2026-01-24 22:14:52 - hirelens - INFO - evaluation_engine.py:269 - TF-IDF score: 0.331
2026-01-24 22:14:52 - hirelens - INFO - evaluation_engine.py:271 - Calculating fuzzy skill match...
2026-01-24 22:14:52 - hirelens - INFO - evaluation_engine.py:273 - Fuzzy match score: 0.898
2026-01-24 22:14:52 - hirelens - INFO - evaluation_engine.py:275 - Calculating embedding similarity...
2026-01-24 22:14:52 - hirelens - INFO - evaluation_engine.py:277 - Embedding score: 0.821
2026-01-24 22:14:52 - hirelens - INFO - evaluation_engine.py:281 - Hybrid score: 69.71
2026-01-24 22:14:52 - hirelens - INFO - evaluation_engine.py:285 - Classification: Average Fit
2026-01-24 22:14:52 - hirelens - INFO - evaluation_engine.py:304 - Evaluation complete. Matched: 14, Missing: 3
2026-01-24 22:14:52 - hirelens - INFO - evaluation_engine.py:324 - Evaluation saved to C:\Users\sharo\HireLens\data\evaluations.json
2026-01-24 22:14:52 - hirelens - INFO - skill_gap_analyzer.py:172 - Analyzing skill gaps for resume b1dba9f6-c86e-4e40-bc5c-1362af1124a3
2026-01-24 22:14:52 - hirelens - INFO - skill_gap_analyzer.py:205 - Skill gap analysis complete. Critical gaps: 3, Moderate gaps: 0, Weak areas: 0
2026-01-24 22:14:52 - hirelens - INFO - skill_gap_analyzer.py:228 - Skill gaps saved to C:\Users\sharo\HireLens\data\skill_gaps.json
2026-01-24 22:14:52 - hirelens - INFO - course_recommender.py:110 - Generating course recommendations for gap 9a647132-bc06-4a10-9beb-c23d0b95bfd6
2026-01-24 22:14:52 - hirelens - INFO - course_recommender.py:147 - Found 2 courses for Angular
2026-01-24 22:14:52 - hirelens - WARNING - course_recommender.py:90 - No courses found for skill: Documentation
2026-01-24 22:14:52 - hirelens - WARNING - course_recommender.py:90 - No courses found for skill: Vue
2026-01-24 22:14:52 - hirelens - INFO - course_recommender.py:149 - Generated recommendations for 1 skills
2026-01-24 22:14:53 - hirelens - INFO - course_recommender.py:172 - Recommendations saved to C:\Users\sharo\HireLens\data\recommendations.json
2026-01-24 22:14:53 - hirelens - INFO - feedback_generator.py:294 - Generating feedback for evaluation ab251e2b-93cf-400f-be83-714424091c24
2026-01-24 22:14:53 - hirelens - INFO - feedback_generator.py:313 - Feedback generated successfully
2026-01-24 22:14:53 - hirelens - INFO - feedback_generator.py:333 - Feedback saved to C:\Users\sharo\HireLens\data\feedback.json
2026-01-24 22:14:53 - hirelens - INFO - routes.py:201 - Evaluating resume: Candidate 20.pdf
2026-01-24 22:14:53 - hirelens - INFO - routes.py:205 - Parsing resume from C:\Users\sharo\HireLens\uploads\Candidate 20.pdf
2026-01-24 22:14:53 - hirelens - INFO - resume_parser.py:363 - Parsing resume: C:\Users\sharo\HireLens\uploads\Candidate 20.pdf
2026-01-24 22:14:53 - hirelens - ERROR - resume_parser.py:399 - Error extracting resume components: 2 validation errors for Education
degree
  Field required [type=missing, input_value={'year': '2026'}, input_type=dict]
    For further information visit https://errors.pydantic.dev/2.12/v/missing
institution
  Field required [type=missing, input_value={'year': '2026'}, input_type=dict]
    For further information visit https://errors.pydantic.dev/2.12/v/missing
2026-01-24 22:14:53 - hirelens - INFO - resume_parser.py:416 - Resume parsed successfully. Found 0 skills
2026-01-24 22:14:53 - hirelens - INFO - resume_parser.py:436 - Resume saved to C:\Users\sharo\HireLens\data\parsed_resumes.json
2026-01-24 22:14:53 - hirelens - INFO - evaluation_engine.py:257 - Evaluating resume 593dda40-ceef-4836-9e6f-290ed488fc03 against job 40dcc544-53ea-41d9-875a-b3ae5fa4f446
2026-01-24 22:14:53 - hirelens - INFO - evaluation_engine.py:267 - Calculating TF-IDF similarity...
2026-01-24 22:14:53 - hirelens - INFO - evaluation_engine.py:269 - TF-IDF score: 0.045
2026-01-24 22:14:53 - hirelens - INFO - evaluation_engine.py:271 - Calculating fuzzy skill match...
2026-01-24 22:14:53 - hirelens - INFO - evaluation_engine.py:273 - Fuzzy match score: 0.000
2026-01-24 22:14:53 - hirelens - INFO - evaluation_engine.py:275 - Calculating embedding similarity...
2026-01-24 22:14:53 - hirelens - INFO - evaluation_engine.py:277 - Embedding score: 0.541
2026-01-24 22:14:53 - hirelens - INFO - evaluation_engine.py:281 - Hybrid score: 22.98
2026-01-24 22:14:53 - hirelens - INFO - evaluation_engine.py:285 - Classification: Not Fit
2026-01-24 22:14:53 - hirelens - INFO - evaluation_engine.py:304 - Evaluation complete. Matched: 0, Missing: 17
2026-01-24 22:14:53 - hirelens - INFO - evaluation_engine.py:324 - Evaluation saved to C:\Users\sharo\HireLens\data\evaluations.json
2026-01-24 22:14:53 - hirelens - INFO - skill_gap_analyzer.py:172 - Analyzing skill gaps for resume 593dda40-ceef-4836-9e6f-290ed488fc03
2026-01-24 22:14:53 - hirelens - INFO - skill_gap_analyzer.py:205 - Skill gap analysis complete. Critical gaps: 17, Moderate gaps: 0, Weak areas: 0
2026-01-24 22:14:53 - hirelens - INFO - skill_gap_analyzer.py:228 - Skill gaps saved to C:\Users\sharo\HireLens\data\skill_gaps.json
2026-01-24 22:14:53 - hirelens - INFO - course_recommender.py:110 - Generating course recommendations for gap b07badd0-5a9c-431a-bdb3-d7b440c40f20
2026-01-24 22:14:53 - hirelens - WARNING - course_recommender.py:90 - No courses found for skill: AI
2026-01-24 22:14:53 - hirelens - INFO - course_recommender.py:147 - Found 2 courses for Angular
2026-01-24 22:14:53 - hirelens - WARNING - course_recommender.py:90 - No courses found for skill: CSS
2026-01-24 22:14:53 - hirelens - WARNING - course_recommender.py:90 - No courses found for skill: Documentation
2026-01-24 22:14:53 - hirelens - WARNING - course_recommender.py:90 - No courses found for skill: Firebase
2026-01-24 22:14:53 - hirelens - WARNING - course_recommender.py:90 - No courses found for skill: HTML
2026-01-24 22:14:53 - hirelens - INFO - course_recommender.py:147 - Found 3 courses for Java
2026-01-24 22:14:53 - hirelens - INFO - course_recommender.py:147 - Found 3 courses for Javascript
2026-01-24 22:14:53 - hirelens - WARNING - course_recommender.py:90 - No courses found for skill: Js
2026-01-24 22:14:53 - hirelens - WARNING - course_recommender.py:90 - No courses found for skill: Json
2026-01-24 22:14:53 - hirelens - INFO - course_recommender.py:147 - Found 2 courses for Mongodb
2026-01-24 22:14:53 - hirelens - WARNING - course_recommender.py:90 - No courses found for skill: Mysql
2026-01-24 22:14:53 - hirelens - WARNING - course_recommender.py:90 - No courses found for skill: Node
2026-01-24 22:14:53 - hirelens - INFO - course_recommender.py:147 - Found 2 courses for Node.Js
2026-01-24 22:14:53 - hirelens - INFO - course_recommender.py:147 - Found 3 courses for Python
2026-01-24 22:14:53 - hirelens - INFO - course_recommender.py:147 - Found 3 courses for React
2026-01-24 22:14:53 - hirelens - WARNING - course_recommender.py:90 - No courses found for skill: Vue
2026-01-24 22:14:53 - hirelens - INFO - course_recommender.py:149 - Generated recommendations for 7 skills
2026-01-24 22:14:53 - hirelens - INFO - course_recommender.py:172 - Recommendations saved to C:\Users\sharo\HireLens\data\recommendations.json
2026-01-24 22:14:53 - hirelens - INFO - feedback_generator.py:294 - Generating feedback for evaluation b381c489-e151-474b-b615-90760486d63d
2026-01-24 22:14:53 - hirelens - INFO - feedback_generator.py:313 - Feedback generated successfully
2026-01-24 22:14:53 - hirelens - INFO - feedback_generator.py:333 - Feedback saved to C:\Users\sharo\HireLens\data\feedback.json
2026-01-24 22:14:53 - hirelens - INFO - routes.py:251 - Batch evaluation complete. Evaluated 20 resumes, avg score: 46.28
2026-01-24 22:17:40 - hirelens - INFO - routes.py:316 - Deleted file: Candidate 1.pdf
2026-01-25 21:54:57 - hirelens - INFO - routes.py:39 - Uploading resume: Candidate 1.pdf
2026-01-25 21:54:57 - hirelens - INFO - routes.py:55 - File saved to C:\Users\sharo\HireLens\uploads\Candidate 1.pdf
2026-01-25 21:54:57 - hirelens - INFO - resume_parser.py:363 - Parsing resume: C:\Users\sharo\HireLens\uploads\Candidate 1.pdf
2026-01-25 21:54:58 - hirelens - ERROR - resume_parser.py:399 - Error extracting resume components: 2 validation errors for Education
degree
  Field required [type=missing, input_value={'year': '2026'}, input_type=dict]
    For further information visit https://errors.pydantic.dev/2.12/v/missing
institution
  Field required [type=missing, input_value={'year': '2026'}, input_type=dict]
    For further information visit https://errors.pydantic.dev/2.12/v/missing
2026-01-25 21:54:58 - hirelens - INFO - resume_parser.py:416 - Resume parsed successfully. Found 0 skills
2026-01-25 21:54:58 - hirelens - INFO - resume_parser.py:436 - Resume saved to C:\Users\sharo\HireLens\data\parsed_resumes.json
2026-01-25 21:54:58 - hirelens - INFO - routes.py:89 - Starting evaluation pipeline
2026-01-25 21:54:58 - hirelens - INFO - routes.py:94 - Parsing resume from file
2026-01-25 21:54:58 - hirelens - INFO - resume_parser.py:363 - Parsing resume: uploads/Candidate 1.pdf
2026-01-25 21:54:59 - hirelens - ERROR - resume_parser.py:399 - Error extracting resume components: 2 validation errors for Education
degree
  Field required [type=missing, input_value={'year': '2026'}, input_type=dict]
    For further information visit https://errors.pydantic.dev/2.12/v/missing
institution
  Field required [type=missing, input_value={'year': '2026'}, input_type=dict]
    For further information visit https://errors.pydantic.dev/2.12/v/missing
2026-01-25 21:54:59 - hirelens - INFO - resume_parser.py:416 - Resume parsed successfully. Found 0 skills
2026-01-25 21:54:59 - hirelens - INFO - resume_parser.py:436 - Resume saved to C:\Users\sharo\HireLens\data\parsed_resumes.json
2026-01-25 21:54:59 - hirelens - INFO - routes.py:118 - Analyzing job description
2026-01-25 21:54:59 - hirelens - INFO - job_analyzer.py:255 - Analyzing job description...
2026-01-25 21:54:59 - hirelens - WARNING - job_analyzer.py:60 - No required skills found via patterns, scanning entire job description
2026-01-25 21:54:59 - hirelens - INFO - job_analyzer.py:65 - Extracted 17 required skills from job description
2026-01-25 21:54:59 - hirelens - INFO - job_analyzer.py:102 - Extracted 0 preferred skills from job description
2026-01-25 21:54:59 - hirelens - INFO - job_analyzer.py:279 - Job description analyzed. Found 17 required skills, 0 preferred skills
2026-01-25 21:54:59 - hirelens - INFO - job_analyzer.py:300 - Job description saved to C:\Users\sharo\HireLens\data\job_descriptions.json
2026-01-25 21:54:59 - hirelens - INFO - routes.py:123 - Performing hybrid evaluation
2026-01-25 21:54:59 - hirelens - INFO - evaluation_engine.py:257 - Evaluating resume 8647b173-2154-498a-bbb8-227203e25484 against job 887a65b7-95c4-4992-9ce4-55dad3a6b260
2026-01-25 21:54:59 - hirelens - INFO - evaluation_engine.py:267 - Calculating TF-IDF similarity...
2026-01-25 21:54:59 - hirelens - INFO - evaluation_engine.py:269 - TF-IDF score: 0.161
2026-01-25 21:54:59 - hirelens - INFO - evaluation_engine.py:271 - Calculating fuzzy skill match...
2026-01-25 21:54:59 - hirelens - INFO - evaluation_engine.py:273 - Fuzzy match score: 0.000
2026-01-25 21:54:59 - hirelens - INFO - evaluation_engine.py:275 - Calculating embedding similarity...
2026-01-25 21:55:03 - hirelens - INFO - evaluation_engine.py:277 - Embedding score: 0.662
2026-01-25 21:55:03 - hirelens - INFO - evaluation_engine.py:281 - Hybrid score: 31.32
2026-01-25 21:55:03 - hirelens - INFO - evaluation_engine.py:285 - Classification: Not Fit
2026-01-25 21:55:03 - hirelens - INFO - evaluation_engine.py:304 - Evaluation complete. Matched: 0, Missing: 17
2026-01-25 21:55:04 - hirelens - INFO - evaluation_engine.py:324 - Evaluation saved to C:\Users\sharo\HireLens\data\evaluations.json
2026-01-25 21:55:04 - hirelens - INFO - routes.py:128 - Analyzing skill gaps
2026-01-25 21:55:04 - hirelens - INFO - skill_gap_analyzer.py:172 - Analyzing skill gaps for resume 8647b173-2154-498a-bbb8-227203e25484
2026-01-25 21:55:04 - hirelens - INFO - skill_gap_analyzer.py:205 - Skill gap analysis complete. Critical gaps: 17, Moderate gaps: 0, Weak areas: 0
2026-01-25 21:55:04 - hirelens - INFO - skill_gap_analyzer.py:228 - Skill gaps saved to C:\Users\sharo\HireLens\data\skill_gaps.json
2026-01-25 21:55:04 - hirelens - INFO - routes.py:133 - Generating course recommendations
2026-01-25 21:55:04 - hirelens - INFO - course_recommender.py:34 - Loaded courses for 31 skills
2026-01-25 21:55:04 - hirelens - INFO - course_recommender.py:110 - Generating course recommendations for gap eb01defc-8193-4806-8ce8-73d1e4dfb251
2026-01-25 21:55:04 - hirelens - WARNING - course_recommender.py:90 - No courses found for skill: AI
2026-01-25 21:55:04 - hirelens - INFO - course_recommender.py:147 - Found 2 courses for Angular
2026-01-25 21:55:04 - hirelens - WARNING - course_recommender.py:90 - No courses found for skill: CSS
2026-01-25 21:55:04 - hirelens - WARNING - course_recommender.py:90 - No courses found for skill: Documentation
2026-01-25 21:55:04 - hirelens - WARNING - course_recommender.py:90 - No courses found for skill: Firebase
2026-01-25 21:55:04 - hirelens - WARNING - course_recommender.py:90 - No courses found for skill: HTML
2026-01-25 21:55:04 - hirelens - INFO - course_recommender.py:147 - Found 3 courses for Java
2026-01-25 21:55:04 - hirelens - INFO - course_recommender.py:147 - Found 3 courses for Javascript
2026-01-25 21:55:04 - hirelens - WARNING - course_recommender.py:90 - No courses found for skill: Js
2026-01-25 21:55:04 - hirelens - WARNING - course_recommender.py:90 - No courses found for skill: Json
2026-01-25 21:55:04 - hirelens - INFO - course_recommender.py:147 - Found 2 courses for Mongodb
2026-01-25 21:55:04 - hirelens - WARNING - course_recommender.py:90 - No courses found for skill: Mysql
2026-01-25 21:55:04 - hirelens - WARNING - course_recommender.py:90 - No courses found for skill: Node
2026-01-25 21:55:04 - hirelens - INFO - course_recommender.py:147 - Found 2 courses for Node.Js
2026-01-25 21:55:04 - hirelens - INFO - course_recommender.py:147 - Found 3 courses for Python
2026-01-25 21:55:04 - hirelens - INFO - course_recommender.py:147 - Found 3 courses for React
2026-01-25 21:55:04 - hirelens - WARNING - course_recommender.py:90 - No courses found for skill: Vue
2026-01-25 21:55:04 - hirelens - INFO - course_recommender.py:149 - Generated recommendations for 7 skills
2026-01-25 21:55:04 - hirelens - INFO - course_recommender.py:172 - Recommendations saved to C:\Users\sharo\HireLens\data\recommendations.json
2026-01-25 21:55:04 - hirelens - INFO - routes.py:145 - Generating feedback
2026-01-25 21:55:04 - hirelens - INFO - feedback_generator.py:294 - Generating feedback for evaluation d0afbb58-f4be-45cf-9c51-989cd58eff42
2026-01-25 21:55:04 - hirelens - INFO - feedback_generator.py:313 - Feedback generated successfully
2026-01-25 21:55:04 - hirelens - INFO - feedback_generator.py:333 - Feedback saved to C:\Users\sharo\HireLens\data\feedback.json
2026-01-25 21:55:04 - hirelens - INFO - routes.py:162 - Evaluation complete: d0afbb58-f4be-45cf-9c51-989cd58eff42
2026-01-25 21:56:14 - hirelens - INFO - course_recommender.py:34 - Loaded courses for 31 skills
2026-01-25 21:57:12 - hirelens - INFO - routes.py:39 - Uploading resume: Candidate 13.pdf
2026-01-25 21:57:12 - hirelens - INFO - routes.py:55 - File saved to C:\Users\sharo\HireLens\uploads\Candidate 13.pdf
2026-01-25 21:57:12 - hirelens - INFO - resume_parser.py:363 - Parsing resume: C:\Users\sharo\HireLens\uploads\Candidate 13.pdf
2026-01-25 21:57:13 - hirelens - INFO - resume_parser.py:416 - Resume parsed successfully. Found 20 skills
2026-01-25 21:57:13 - hirelens - INFO - resume_parser.py:436 - Resume saved to C:\Users\sharo\HireLens\data\parsed_resumes.json
2026-01-25 21:57:13 - hirelens - INFO - routes.py:89 - Starting evaluation pipeline
2026-01-25 21:57:13 - hirelens - INFO - routes.py:94 - Parsing resume from file
2026-01-25 21:57:13 - hirelens - INFO - resume_parser.py:363 - Parsing resume: uploads/Candidate 13.pdf
2026-01-25 21:57:13 - hirelens - INFO - resume_parser.py:416 - Resume parsed successfully. Found 20 skills
2026-01-25 21:57:13 - hirelens - INFO - resume_parser.py:436 - Resume saved to C:\Users\sharo\HireLens\data\parsed_resumes.json
2026-01-25 21:57:13 - hirelens - INFO - routes.py:118 - Analyzing job description
2026-01-25 21:57:13 - hirelens - INFO - job_analyzer.py:255 - Analyzing job description...
2026-01-25 21:57:13 - hirelens - WARNING - job_analyzer.py:60 - No required skills found via patterns, scanning entire job description
2026-01-25 21:57:13 - hirelens - INFO - job_analyzer.py:65 - Extracted 17 required skills from job description
2026-01-25 21:57:13 - hirelens - INFO - job_analyzer.py:102 - Extracted 0 preferred skills from job description
2026-01-25 21:57:13 - hirelens - INFO - job_analyzer.py:279 - Job description analyzed. Found 17 required skills, 0 preferred skills
2026-01-25 21:57:13 - hirelens - INFO - job_analyzer.py:300 - Job description saved to C:\Users\sharo\HireLens\data\job_descriptions.json
2026-01-25 21:57:13 - hirelens - INFO - routes.py:123 - Performing hybrid evaluation
2026-01-25 21:57:13 - hirelens - INFO - evaluation_engine.py:257 - Evaluating resume d29c9b83-fc23-4f1e-b506-a798c20ac285 against job aab8912d-aaa6-434d-99d9-b0d0c1eee1bc
2026-01-25 21:57:13 - hirelens - INFO - evaluation_engine.py:267 - Calculating TF-IDF similarity...
2026-01-25 21:57:13 - hirelens - INFO - evaluation_engine.py:269 - TF-IDF score: 0.341
2026-01-25 21:57:13 - hirelens - INFO - evaluation_engine.py:271 - Calculating fuzzy skill match...
2026-01-25 21:57:13 - hirelens - INFO - evaluation_engine.py:273 - Fuzzy match score: 0.898
2026-01-25 21:57:13 - hirelens - INFO - evaluation_engine.py:275 - Calculating embedding similarity...
2026-01-25 21:57:13 - hirelens - INFO - evaluation_engine.py:277 - Embedding score: 0.840
2026-01-25 21:57:13 - hirelens - INFO - evaluation_engine.py:281 - Hybrid score: 70.79
2026-01-25 21:57:13 - hirelens - INFO - evaluation_engine.py:285 - Classification: Average Fit
2026-01-25 21:57:13 - hirelens - INFO - evaluation_engine.py:304 - Evaluation complete. Matched: 14, Missing: 3
2026-01-25 21:57:13 - hirelens - INFO - evaluation_engine.py:324 - Evaluation saved to C:\Users\sharo\HireLens\data\evaluations.json
2026-01-25 21:57:13 - hirelens - INFO - routes.py:128 - Analyzing skill gaps
2026-01-25 21:57:13 - hirelens - INFO - skill_gap_analyzer.py:172 - Analyzing skill gaps for resume d29c9b83-fc23-4f1e-b506-a798c20ac285
2026-01-25 21:57:13 - hirelens - INFO - skill_gap_analyzer.py:205 - Skill gap analysis complete. Critical gaps: 3, Moderate gaps: 0, Weak areas: 0
2026-01-25 21:57:13 - hirelens - INFO - skill_gap_analyzer.py:228 - Skill gaps saved to C:\Users\sharo\HireLens\data\skill_gaps.json
2026-01-25 21:57:13 - hirelens - INFO - routes.py:133 - Generating course recommendations
2026-01-25 21:57:13 - hirelens - INFO - course_recommender.py:34 - Loaded courses for 31 skills
2026-01-25 21:57:13 - hirelens - INFO - course_recommender.py:110 - Generating course recommendations for gap b236782c-a0b6-4d44-9fe9-56805a402a05
2026-01-25 21:57:13 - hirelens - INFO - course_recommender.py:147 - Found 2 courses for Angular
2026-01-25 21:57:13 - hirelens - WARNING - course_recommender.py:90 - No courses found for skill: Documentation
2026-01-25 21:57:13 - hirelens - WARNING - course_recommender.py:90 - No courses found for skill: Vue
2026-01-25 21:57:13 - hirelens - INFO - course_recommender.py:149 - Generated recommendations for 1 skills
2026-01-25 21:57:13 - hirelens - INFO - course_recommender.py:172 - Recommendations saved to C:\Users\sharo\HireLens\data\recommendations.json
2026-01-25 21:57:13 - hirelens - INFO - routes.py:145 - Generating feedback
2026-01-25 21:57:13 - hirelens - INFO - feedback_generator.py:294 - Generating feedback for evaluation c1b14f57-838c-483d-9aa7-d6e3b7d84205
2026-01-25 21:57:13 - hirelens - INFO - feedback_generator.py:313 - Feedback generated successfully
2026-01-25 21:57:13 - hirelens - INFO - feedback_generator.py:333 - Feedback saved to C:\Users\sharo\HireLens\data\feedback.json
2026-01-25 21:57:13 - hirelens - INFO - routes.py:162 - Evaluation complete: c1b14f57-838c-483d-9aa7-d6e3b7d84205
2026-01-25 22:03:45 - hirelens - INFO - routes.py:316 - Deleted file: Candidate 13.pdf
2026-01-25 22:03:49 - hirelens - INFO - routes.py:316 - Deleted file: Candidate 1.pdf
2026-01-25 22:04:25 - hirelens - INFO - course_recommender.py:34 - Loaded courses for 31 skills
2026-01-25 22:04:49 - hirelens - INFO - course_recommender.py:34 - Loaded courses for 31 skills
2026-01-25 22:13:17 - hirelens - INFO - course_recommender.py:34 - Loaded courses for 31 skills
